knee_angle,hip_angle,knee_to_ankle_distance,hip_to_floor_distance,hip_rel_x,hip_rel_y,knee_rel_x,knee_rel_y,ankle_rel_x,ankle_rel_y,thigh_to_floor_angle,thigh_to_floor_angle_smooth,thigh_angle_change,angle_change,descent_score,depth_score,ascent_score,repetition
174.35916930630955,171.68782842217053,0.17927731480113673,0.5516548156738281,-0.0039723217487335205,0.3817285820841789,-0.008041657507419586,0.18048760294914246,0.0,0.0,2.4933344050283495,1.1569988773916222,1.3396463332247635,,97.14285714285714,100.0,77.27272727272727,1
170.1172262538392,168.56030791695144,0.17943399594189932,0.5494572222232819,-0.0008489862084388733,0.3797891438007355,-0.010879725217819214,0.17909914255142212,0.0,0.0,4.923025488130463,2.870622685199695,2.010582712294081,-2.4296910831021137,97.14285714285714,100.0,77.27272727272727,1
164.83662005389394,164.6134763116251,0.17992435391497186,0.5435889661312103,0.0017489716410636902,0.37460676580667496,-0.016756907105445862,0.17914903163909912,0.0,0.0,7.963841541452368,5.441844159705411,1.995774708049936,-3.0408160533219046,97.14285714285714,100.0,77.27272727272727,1
159.60017113536827,160.20043165117426,0.1784505835860011,0.5359689593315125,0.005138330161571503,0.3672458752989769,-0.023781657218933105,0.17725232243537903,0.0,0.0,11.068350205376873,8.672233831276245,3.3460459364982,-3.1045086639245056,97.14285714285714,100.0,77.27272727272727,1
155.23907818299213,156.3941822462416,0.18015256278457997,0.527916431427002,0.007569178938865662,0.360609695315361,-0.02839522808790207,0.17619220912456512,0.0,0.0,13.876329121395102,11.080005980050757,2.2232887968427235,-2.8079789160182287,97.14285714285714,100.0,77.27272727272727,1
149.873048008105,152.4428377178355,0.1836787596570195,0.5238970518112183,0.009934425354003906,0.35516831278800964,-0.03520656377077103,0.17678266763687134,0.0,0.0,16.900475987589914,14.214373860769058,2.472825978051077,-3.024146866194812,97.14285714285714,100.0,77.27272727272727,1
145.5902619701828,148.73425054058464,0.18111375255097625,0.5183070003986359,0.011579945683479309,0.3507973179221153,-0.041640907526016235,0.17721985280513763,0.0,0.0,19.575849341268352,17.061483061712195,2.233892432816674,-2.675373353678438,97.14285714285714,100.0,77.27272727272727,1
141.93370492809402,144.2106417071368,0.17809937557222277,0.5108320415019989,0.014822043478488922,0.342419758439064,-0.045939624309539795,0.17483137547969818,0.0,0.0,22.407149404112673,19.948086043449997,1.939760884145386,-2.8313000628443206,97.14285714285714,100.0,77.27272727272727,1
136.36949671689865,139.20560414755602,0.16746111984464598,0.4873494505882263,0.019352294504642487,0.31833257526159286,-0.04925423115491867,0.16377604007720947,0.0,0.0,25.935714138331733,23.968706043854255,2.338591872894142,-3.52856473421906,97.14285714285714,100.0,77.27272727272727,1
132.17050169125739,135.680479553756,0.1658648047332063,0.4757317304611206,0.020312108099460602,0.30558718740940094,-0.05132412165403366,0.1594281643629074,0.0,0.0,28.64446599088528,26.157314637523626,2.192509835445371,-2.7087518525535472,97.14285714285714,100.0,77.27272727272727,1
127.56643945300166,131.75420585338327,0.16260598788470668,0.4651956558227539,0.021923966705799103,0.29466547071933746,-0.05470713973045349,0.15565232932567596,0.0,0.0,31.637979735005366,28.892111443795102,2.803935841155514,-2.9935137441200865,97.14285714285714,100.0,77.27272727272727,1
124.04213207010125,127.99867567723489,0.16577360105081063,0.4551587700843811,0.02512483298778534,0.2836512476205826,-0.05863695591688156,0.1541931927204132,0.0,0.0,34.55670478338328,32.911284113403724,1.7929811288064528,-2.9187250483779152,97.14285714285714,100.0,77.27272727272727,1
120.2109100425337,124.08476802084434,0.166171332027782,0.4422772526741028,0.02614889293909073,0.2777673155069351,-0.060251057147979736,0.15524320304393768,0.0,0.0,37.97064049012275,35.23590388767039,2.3180938675240554,-3.4139357067394656,97.14285714285714,100.0,77.27272727272727,1
116.245679145841,120.49642916049255,0.16402050139727858,0.42964446544647217,0.027279339730739594,0.26650963723659515,-0.061622463166713715,0.15391859412193298,0.0,0.0,41.44499839248169,38.35875691437824,3.0781562401718574,-3.474357902358946,97.14285714285714,100.0,77.27272727272727,1
112.55915537020857,117.60526762523045,0.15899316505389974,0.417133092880249,0.0283026322722435,0.25264057517051697,-0.062364138662815094,0.150435671210289,0.0,0.0,44.12507780969957,41.642710623198965,1.491153671394791,-2.6800794172178755,97.14285714285714,100.0,77.27272727272727,1
109.78272924053923,114.9389811601455,0.15303028197905869,0.40751421451568604,0.029560498893260956,0.23962180316448212,-0.06286413222551346,0.14465245604515076,0.0,0.0,45.964227283775834,44.23158955776868,1.7610982844812995,-1.8391494740762653,97.14285714285714,100.0,77.27272727272727,1
105.92073491298817,111.44536163888435,0.15179295967193468,0.39528411626815796,0.03142900764942169,0.22929789125919342,-0.06304671615362167,0.13984107971191406,0.0,0.0,49.47174271444935,46.59724846833548,2.7218478386271414,-3.5075154306735143,97.14285714285714,100.0,77.27272727272727,1
101.53702828895644,107.72825114499592,0.14769819783712906,0.38212019205093384,0.03269553929567337,0.2179582118988037,-0.06334682554006577,0.136548712849617,0.0,0.0,52.89632795137449,49.76916053482374,2.9376513537255846,-3.4245852369251395,97.14285714285714,100.0,77.27272727272727,1
96.34901336900197,102.1553197846128,0.1479041365679934,0.3712139129638672,0.033598676323890686,0.20679737627506256,-0.06406352669000626,0.13408711552619934,0.0,0.0,57.56010623955483,53.39303380180158,4.403081820926722,-4.663778288180339,97.14285714285714,100.0,77.27272727272727,1
92.188282096759,97.90175393941949,0.1452056127374822,0.36123377084732056,0.035539768636226654,0.19303002953529358,-0.06508323550224304,0.13212180137634277,0.0,0.0,61.034349323175306,58.82262081330512,2.08469158862367,-3.474243083620479,97.14285714285714,100.0,77.27272727272727,1
88.59274230230886,93.81629408392206,0.14227544320374483,0.350970983505249,0.03672557324171066,0.1858188807964325,-0.06522836536169052,0.12966488301753998,0.0,0.0,64.08378152775593,61.17567483976433,3.448870754181449,-3.0494322045806257,97.14285714285714,100.0,77.27272727272727,1
84.3384656182593,88.66419277496445,0.14092268748724932,0.3393298387527466,0.037682898342609406,0.1762908548116684,-0.06520692259073257,0.1270851343870163,0.0,0.0,68.19182343804722,64.49189272525119,3.134768276420104,-4.108041910291291,97.14285714285714,100.0,77.27272727272727,1
79.6560837220643,82.4540936798702,0.1451784333880098,0.3301612138748169,0.038163430988788605,0.16729967296123505,-0.06525074690580368,0.12742866575717926,0.0,0.0,73.45544710614219,68.96744952835269,4.289974698547979,-5.263623668094965,97.14285714285714,100.0,77.27272727272727,1
74.55901722764838,77.4300399240014,0.14498332225836652,0.32032883167266846,0.03844065219163895,0.15931463241577148,-0.06558851152658463,0.12911272048950195,0.0,0.0,78.38992201129916,73.84804507258076,4.008583246011696,-4.934474905156975,97.14285714285714,100.0,77.27272727272727,1
70.21309791813837,73.31095645515848,0.14023785353955118,0.3108328580856323,0.03965240716934204,0.1492902934551239,-0.0657440647482872,0.1273343712091446,0.0,0.0,81.89557116276565,78.23741561376163,3.6127406470714476,-3.5056491514664856,97.14285714285714,100.0,77.27272727272727,1
68.82998088884978,71.73068927480742,0.14007912129926947,0.3084729313850403,0.040376126766204834,0.14369773864746094,-0.06569352000951767,0.12590481340885162,0.0,0.0,83.34227051897811,80.47764855218429,1.4466993562124628,-1.4466993562124628,97.14285714285714,100.0,77.27272727272727,1
63.99196791383088,66.7659383870409,0.13967811890786228,0.29902082681655884,0.04130258411169052,0.1377120465040207,-0.06534245610237122,0.1245935708284378,0.0,0.0,88.49151450115835,83.00304667464908,5.149243982180238,-5.149243982180238,97.14285714285714,100.0,77.27272727272727,1
60.35786688984543,62.629381346432105,0.14118673375042384,0.2931944727897644,0.04401819407939911,0.12425602972507477,-0.06466781347990036,0.12515756487846375,0.0,0.0,87.66117357917949,87.48820321275973,1.2701324321440666,0.8303409219788591,97.14285714285714,100.0,77.27272727272727,1
55.59272415929761,59.650863713952724,0.140737196766001,0.28471535444259644,0.044492095708847046,0.12049664556980133,-0.06485454738140106,0.12535874545574188,0.0,0.0,83.22757106150854,86.17221735284727,4.433602517670948,4.433602517670948,97.14285714285714,100.0,77.27272727272727,1
53.64882453588662,57.35742879336598,0.1393336362413806,0.2823985815048218,0.0445098951458931,0.11456876993179321,-0.06496032327413559,0.12474192678928375,0.0,0.0,81.53297551560344,84.70319032583171,1.694595545905102,1.694595545905102,97.14285714285714,100.0,77.27272727272727,1
50.4277493035816,54.46137150311366,0.1376542205546052,0.2785035967826843,0.044411227107048035,0.10625995695590973,-0.06500913202762604,0.12302511930465698,0.0,0.0,78.41058952624081,81.2939983227336,3.5942676613408224,3.122385989362627,97.14285714285714,100.0,77.27272727272727,1
47.55645728023537,52.073156611032694,0.1364529367541526,0.2703799605369568,0.043428935110569,0.09582963585853577,-0.0651608258485794,0.1194523423910141,0.0,0.0,76.23409428834421,77.72693617493954,1.5505108759751636,2.176495237896603,97.14285714285714,100.0,77.27272727272727,1
53.69130331583901,57.59688349387798,0.13561806720285888,0.28031378984451294,0.041700683534145355,0.0989084541797638,-0.0653526559472084,0.11913056671619415,0.0,0.0,82.36822541215415,79.30731184499582,3.760543112297057,-6.1341311238099365,97.14285714285714,100.0,77.27272727272727,1
55.013761125018924,59.03866969236061,0.13545209106302877,0.28280895948410034,0.04200189560651779,0.10160951316356659,-0.06532751023769379,0.11898371577262878,0.0,0.0,83.92716621936322,80.80900812724555,1.5589408072090691,-1.5589408072090691,97.14285714285714,100.0,77.27272727272727,1
59.80173693616735,63.738523134527895,0.133106219737603,0.2906113266944885,0.042140185832977295,0.10595683753490448,-0.06532278656959534,0.11817421019077301,0.0,0.0,89.23551829175553,83.5346480557825,5.30835207239231,-5.30835207239231,97.14285714285714,100.0,77.27272727272727,1
69.17457490277593,73.37296573229554,0.1308683518124537,0.30661243200302124,0.04231180250644684,0.11762110888957977,-0.06536122411489487,0.11573274433612823,0.0,0.0,80.94939798257161,85.5885487643033,7.292714580951241,8.286120309183914,97.14285714285714,100.0,77.27272727272727,1
77.92997506941867,81.76346284445712,0.13189029448208497,0.3241650462150574,0.04289823770523071,0.1329488754272461,-0.06515771895647049,0.11436407268047333,0.0,0.0,72.45039310486254,80.36945974354241,7.385542218350068,8.49900487770907,97.14285714285714,100.0,77.27272727272727,1
85.51918325417262,87.45492461341357,0.13907039534765522,0.3395289182662964,0.04490930587053299,0.15587744116783142,-0.06415317952632904,0.11922961473464966,0.0,0.0,67.3839416338343,71.45905460150534,6.026750675061663,5.066451471028245,97.14285714285714,100.0,77.27272727272727,1
93.75682214065904,94.5483028126562,0.1438806283658782,0.35737407207489014,0.04532808065414429,0.17109955847263336,-0.06296509504318237,0.12525318562984467,0.0,0.0,60.59733047821939,67.17369557738616,6.705487410375625,6.7866111556149065,97.14285714285714,100.0,77.27272727272727,1
96.44260745258532,97.851738388487,0.15065062730462622,0.3681977391242981,0.04441940784454346,0.18805761635303497,-0.06225326657295227,0.1316872537136078,0.0,0.0,59.23338238487418,62.2007782689037,2.4361999390519955,1.3639480933452077,97.14285714285714,100.0,77.27272727272727,1
100.23593815825757,101.90114399455747,0.1567213002681301,0.38316112756729126,0.042389288544654846,0.20186468958854675,-0.062170468270778656,0.13851219415664673,0.0,0.0,56.25579752529258,58.80182635136227,1.7927456460635725,2.9775848595816043,97.14285714285714,100.0,77.27272727272727,1
104.59103566270335,106.59905728900094,0.16105800331162934,0.39769959449768066,0.04009309411048889,0.2144920974969864,-0.06242361664772034,0.14433495700359344,0.0,0.0,52.53357411499374,55.64302261638977,3.200601538922875,3.722223410298838,97.14285714285714,100.0,77.27272727272727,1
111.890783791356,113.6766102569122,0.16325199249711872,0.4193301796913147,0.03752095252275467,0.22883020341396332,-0.06234404444694519,0.148819699883461,0.0,0.0,46.03847153063232,51.40676858620675,5.282381514652023,6.495102584361419,97.14285714285714,100.0,77.27272727272727,1
113.92291578669051,116.1363169255571,0.1630153280486032,0.4250774383544922,0.036135196685791016,0.23727263510227203,-0.06198929250240326,0.15007874369621277,0.0,0.0,44.07561145456032,48.492127536367676,1.9628600760720047,1.9628600760720047,97.14285714285714,100.0,77.27272727272727,1
118.4471715642292,119.88708549527809,0.1656768436554124,0.44242775440216064,0.03493266552686691,0.24672576785087585,-0.06120476871728897,0.15163984894752502,0.0,0.0,40.51710368127499,45.488009927937995,3.558507773285328,3.558507773285328,97.14285714285714,100.0,77.27272727272727,1
124.55669532917767,125.57933585535508,0.17071910898869988,0.4590986967086792,0.03276580572128296,0.265304371714592,-0.05912920832633972,0.15541020035743713,0.0,0.0,35.96233330032516,39.98430616688905,3.419842931070555,4.554770380949826,97.14285714285714,100.0,77.27272727272727,1
132.47039446479312,130.76825844319373,0.17512823013226442,0.4777350425720215,0.030266471207141876,0.2831345200538635,-0.05579398572444916,0.1612372100353241,0.0,0.0,30.592993378223007,35.30236267657202,4.678954418121172,5.3693399221021565,97.14285714285714,100.0,77.27272727272727,1
136.9213083068437,137.15320929612628,0.1726585749469656,0.48574352264404297,0.026192739605903625,0.3037099838256836,-0.05091964453458786,0.1653749942779541,0.0,0.0,26.63728619444788,29.149870700843714,3.085855978408503,3.955707183775125,97.14285714285714,100.0,77.27272727272727,1
142.3512088649995,140.88791392989853,0.17471645156312715,0.5095311999320984,0.023505128920078278,0.3102744072675705,-0.048381611704826355,0.1655217409133911,0.0,0.0,23.141670168569206,26.46202229894749,3.204320491347268,3.4956160258786753,97.14285714285714,100.0,77.27272727272727,1
148.8011741721956,145.60087292820748,0.1918816589672389,0.5308303534984589,0.02220868319272995,0.3275687098503113,-0.0433194562792778,0.1739310771226883,0.0,0.0,19.70258975197646,23.18820878983624,3.859994826906359,3.439080416592745,97.14285714285714,100.0,77.27272727272727,1
153.91250925637794,152.5064084984535,0.1894036331898231,0.5484926402568817,0.01912388950586319,0.35146285593509674,-0.03901508450508118,0.18311025202274323,0.0,0.0,15.150224397927019,19.223947781469278,3.330167999163791,4.552365354049442,97.14285714285714,100.0,77.27272727272727,1
159.90456106345462,156.92111319066322,0.19878854915169217,0.5617259442806244,0.014733165502548218,0.3741215318441391,-0.034475378692150116,0.18939200043678284,0.0,0.0,11.800951588856108,14.99626453186163,2.7525381547164756,3.3492728090709107,97.14285714285714,100.0,77.27272727272727,1
164.33515706403247,162.34364569807767,0.19562291643088162,0.5598103404045105,0.01110030710697174,0.38522401452064514,-0.028718188405036926,0.19425411522388458,0.0,0.0,8.879800134333578,11.80082523439577,3.089259336487231,2.92115145452253,97.14285714285714,100.0,77.27272727272727,1
167.80942199581324,166.24146510791667,0.19340864201993255,0.5645171701908112,0.007016457617282867,0.38899269700050354,-0.023607127368450165,0.19390828907489777,0.0,0.0,6.499903719814853,8.965277778808513,2.012444070449959,2.3798964145187256,97.14285714285714,100.0,77.27272727272727,1
171.94764911933572,169.37776344628008,0.19079604190135213,0.5711522400379181,0.003875933587551117,0.39319030195474625,-0.01854589581489563,0.19230374693870544,0.0,0.0,4.151108331200334,6.392068016509132,2.2538038935561957,2.348795388614519,97.14285714285714,100.0,77.27272727272727,1
177.10702196403167,173.9601570069874,0.18041546869734187,0.5690966248512268,-0.00011170655488967896,0.3922891169786453,-0.010502099990844727,0.1858542561531067,0.0,0.0,0.9483066555164612,2.8846167109151217,1.9950811525668684,3.2028016756838724,97.14285714285714,100.0,77.27272727272727,1
176.80903949717555,179.24536347572345,0.22721926877535914,0.47824305295944214,,,,,0.0,0.0,-1.1820248125220587,,5.085227515446675,,89.65517241379311,60.0,77.41935483870968,2
168.559102487546,167.83513176355012,0.23522744293260703,0.4836629033088684,0.005353182554244995,0.45384491980075836,-0.016421079635620117,0.23472267389297485,0.0,0.0,7.3423664528386325,5.683171035101868,1.3131259438770968,-8.524391265360691,89.65517241379311,60.0,77.41935483870968,2
166.66358849964473,165.3128875847089,0.23524616461563466,0.4784729480743408,0.009323328733444214,0.4516603648662567,-0.016826853156089783,0.23491047322750092,0.0,0.0,8.966488948687186,6.895521977494887,1.6241224958485532,-1.6241224958485532,89.65517241379311,60.0,77.41935483870968,2
165.02846987967462,163.27005095152248,0.23566062697551754,0.47553324699401855,0.01322723925113678,0.44904839992523193,-0.01748889684677124,0.23487260937690735,0.0,0.0,10.381515498540352,8.179902852256927,1.4150265498531667,-1.4150265498531667,89.65517241379311,60.0,77.41935483870968,2
163.1762720240658,161.3971427689297,0.23421336184995356,0.4729551076889038,0.017251014709472656,0.4463040828704834,-0.018587037920951843,0.23434628546237946,0.0,0.0,11.740365536505664,9.607684109142959,1.3588500379653112,-1.3588500379653112,89.65517241379311,60.0,77.41935483870968,2
160.95675449866917,159.53823425910164,0.23424091485377968,0.4687653183937073,0.02083262801170349,0.4437127858400345,-0.020271003246307373,0.23395338654518127,0.0,0.0,13.273611535989517,11.09049537993068,1.533245999483853,-1.533245999483853,89.65517241379311,60.0,77.41935483870968,2
157.51222308778208,157.02573333308348,0.2322553761274979,0.4584689736366272,0.02527768909931183,0.43751291930675507,-0.024601370096206665,0.2321360856294632,0.0,0.0,15.48573124232432,13.666723232927414,1.3185466254341662,-2.2121197063348035,89.65517241379311,60.0,77.41935483870968,2
155.71041421922888,155.31112833642354,0.23135829877102018,0.454617977142334,0.026958033442497253,0.4334297329187393,-0.026932314038276672,0.23116180300712585,0.0,0.0,16.820071768245015,14.936649790862251,1.3343405259206946,-1.3343405259206946,89.65517241379311,60.0,77.41935483870968,2
150.97162994485132,150.78285454893674,0.22533548269749676,0.4385169744491577,0.031951919198036194,0.4193015843629837,-0.03202906250953674,0.22582118213176727,0.0,0.0,20.269733436785728,18.312302434907608,1.743009682059352,-3.4496616685407133,89.65517241379311,60.0,77.41935483870968,2
146.5727927133834,144.97739723234625,0.22131475623839741,0.42387473583221436,0.03676737844944,0.40093307197093964,-0.03626628220081329,0.21913255751132965,0.0,0.0,23.59061869458705,21.910623254666127,1.298725550934762,-3.320885257801322,89.65517241379311,60.0,77.41935483870968,2
144.49964620777644,142.70838483609725,0.2207291639109163,0.4176449179649353,0.037833839654922485,0.3943963944911957,-0.03754305839538574,0.21775080263614655,0.0,0.0,25.212856610970306,23.146404048212272,1.6222379163832557,-1.6222379163832557,89.65517241379311,60.0,77.41935483870968,2
138.59711334931478,136.57711440723858,0.2171136231929536,0.3942263126373291,0.041792213916778564,0.37621474266052246,-0.04286891222000122,0.2149660736322403,0.0,0.0,29.27244271993394,27.70322170823011,1.3248135033164203,-4.059586108963636,89.65517241379311,60.0,77.41935483870968,2
127.5249316382214,127.8675014600983,0.20123972487495725,0.3655397891998291,0.04379834234714508,0.3496547341346741,-0.053799644112586975,0.19874495267868042,0.0,0.0,35.32839111377817,32.90397357767045,2.1198286878533494,-6.055948393844226,89.65517241379311,60.0,77.41935483870968,2
124.49515994871015,124.93515743489257,0.19834702474076685,0.35285913944244385,0.04288722574710846,0.3408659100532532,-0.05707944929599762,0.19463017582893372,0.0,0.0,37.04803060176027,34.404033323036884,1.7196394879821,-1.7196394879821,89.65517241379311,60.0,77.41935483870968,2
121.57292793246711,122.54542690689384,0.19680113041263977,0.34297728538513184,0.04140178859233856,0.33034585416316986,-0.060483381152153015,0.19046007096767426,0.0,0.0,38.97859355302012,36.14089442362084,1.9305629512598514,-1.9305629512598514,89.65517241379311,60.0,77.41935483870968,2
117.90458875931631,120.09218107056475,0.19171358906612096,0.3278384804725647,0.037622541189193726,0.30975477397441864,-0.06560121476650238,0.18348824977874756,0.0,0.0,41.4147130090064,39.3132437489398,1.6030751770340075,-2.4361194559862795,89.65517241379311,60.0,77.41935483870968,2
111.96610622591123,114.84568967572363,0.18005317511688312,0.302520215511322,0.03267878293991089,0.2808767110109329,-0.07037371397018433,0.1714855432510376,0.0,0.0,44.76375841617365,43.305550304514426,1.7391678781172288,-3.349045407167253,89.65517241379311,60.0,77.41935483870968,2
104.63573161746251,108.90201851638292,0.1713447836861853,0.2783461809158325,0.03164319694042206,0.25427529215812683,-0.07427458465099335,0.1570669710636139,0.0,0.0,49.26868605288624,47.455217608965214,1.3767666043894806,-4.504927636712587,89.65517241379311,60.0,77.41935483870968,2
102.06559613397553,106.06708507724478,0.17100330092137883,0.2735406756401062,0.03356412053108215,0.2499275952577591,-0.07499615848064423,0.1552339494228363,0.0,0.0,51.50147308979815,48.896323526395946,2.2327870369119083,-2.2327870369119083,89.65517241379311,60.0,77.41935483870968,2
99.27911011882509,102.92568460102825,0.1707264849441037,0.26556259393692017,0.035268813371658325,0.2444593906402588,-0.07556420564651489,0.15364710986614227,0.0,0.0,54.05816894066691,50.68006188296201,2.5566958508687634,-2.5566958508687634,89.65517241379311,60.0,77.41935483870968,2
96.64537964506764,100.47784883493084,0.16864496099999154,0.25736701488494873,0.03673219680786133,0.23853540420532227,-0.07633069157600403,0.15237587690353394,0.0,0.0,56.10396484062729,52.73307323099464,2.045795899960382,-2.045795899960382,89.65517241379311,60.0,77.41935483870968,2
93.93239282708277,98.04093618881066,0.1635441036508525,0.24665075540542603,0.03787374496459961,0.230667382478714,-0.07673881947994232,0.149976909160614,0.0,0.0,57.97923778860505,54.910711164924344,1.8752729479777557,-1.8752729479777557,89.65517241379311,60.0,77.41935483870968,2
89.91291264270853,92.66614435330214,0.1619699281058611,0.23552685976028442,0.03822600841522217,0.22117649018764496,-0.07710842788219452,0.14723801612854004,0.0,0.0,61.460148561267715,57.40038003279174,3.480910772662668,-3.480910772662668,89.65517241379311,60.0,77.41935483870968,2
88.02479437861018,88.45995969641582,0.16210772126564363,0.23133283853530884,0.0389523059129715,0.21248392760753632,-0.07713013887405396,0.1447989046573639,0.0,0.0,63.737454190993205,59.82020134537332,2.2773056297254897,-2.2773056297254897,89.65517241379311,60.0,77.41935483870968,2
83.815126183541,85.10198972344921,0.16376260939880297,0.22251474857330322,0.039740949869155884,0.20392552018165588,-0.07741007208824158,0.1432693749666214,0.0,0.0,67.60569347780327,62.69563350466731,3.8682392868100663,-3.8682392868100663,89.65517241379311,60.0,77.41935483870968,2
80.30770241877462,76.23534293644039,0.15850943366800854,0.21661096811294556,0.04351978003978729,0.18885940313339233,-0.07800011336803436,0.14184296131134033,0.0,0.0,70.7037518890808,68.84407464906752,1.6141681926523432,-3.0980584112775347,89.65517241379311,60.0,77.41935483870968,2
77.62993862133635,72.05418765701118,0.15761520886811023,0.2113017439842224,0.04515272378921509,0.1842322051525116,-0.07737700641155243,0.14043207466602325,0.0,0.0,73.60513214716269,70.34393431640737,2.901380258081886,-2.901380258081886,89.65517241379311,60.0,77.41935483870968,2
76.8632907034197,66.40439756832902,0.16276070118593625,0.21317976713180542,0.04766358435153961,0.1801901012659073,-0.07608471810817719,0.1410011500120163,0.0,0.0,76.34934197819916,72.43695242771778,2.7442098310364713,-2.7442098310364713,89.65517241379311,60.0,77.41935483870968,2
64.26956580987786,47.52720093819021,0.15842335772033359,0.18504494428634644,0.05038274824619293,0.16687077283859253,-0.07297013700008392,0.1426205188035965,0.0,0.0,89.26806378799422,79.10833609692195,12.05725731366249,-12.91872180979506,89.65517241379311,60.0,77.41935483870968,2
61.061677653116426,39.74765358207433,0.1355945299252016,0.1776980757713318,0.05112440884113312,0.13555097579956055,-0.06244340538978577,0.13754531741142273,0.0,0.0,86.29879425600441,88.58936612896696,3.65399111826936,2.9692695319898093,89.65517241379311,60.0,77.41935483870968,2
53.00093814618189,8.504307740806308,0.13736385259688233,0.16395050287246704,0.05200552940368652,0.12409964203834534,-0.05310069024562836,0.13541042804718018,0.0,0.0,66.99786102216063,83.02181543750856,19.30093323384378,19.30093323384378,89.65517241379311,60.0,77.41935483870968,2
60.941698336092195,13.103738709402416,0.14199679602762455,0.1761486530303955,0.05334794521331787,0.11691288650035858,-0.04886007308959961,0.1326906681060791,0.0,0.0,78.85888475598776,80.52708135210665,11.861023733827125,-11.861023733827125,89.65517241379311,60.0,77.41935483870968,2
59.33052394640157,15.089549139988028,0.04703317742245519,0.14541244506835938,0.051206931471824646,0.09385386109352112,-0.041106075048446655,0.10687869787216187,0.0,0.0,81.5059461259874,78.41537154003505,2.6470613699996477,-2.6470613699996477,89.65517241379311,60.0,77.41935483870968,2
6.011815581518506,31.726005840129623,0.046386984480154485,0.14537805318832397,0.04891738295555115,0.06561173498630524,-0.03810496628284454,0.07804159820079803,0.0,0.0,86.95271993848091,78.57885296065417,5.446773812493504,-5.446773812493504,89.65517241379311,60.0,77.41935483870968,2
7.4019494999128375,19.85850777967825,0.03612610618933766,0.14328229427337646,0.04691445827484131,0.04421475529670715,-0.03882420063018799,0.04438430070877075,0.0,0.0,80.46622675701276,81.94594439436722,6.486493181468148,6.486493181468148,89.65517241379311,60.0,77.41935483870968,2
58.48181018024485,32.31630830004014,0.10511496475094825,0.14869987964630127,0.036878302693367004,-0.007068663835525513,-0.04230429232120514,-0.011374607682228088,0.0,0.0,88.28726685290438,84.30303991859637,7.821040095891618,-7.821040095891618,89.65517241379311,60.0,77.41935483870968,2
101.6210039703875,104.3502653263441,0.18381916873604184,0.2824191451072693,0.017202839255332947,0.11051623523235321,-0.053607866168022156,0.038260310888290405,0.0,0.0,55.65078231181346,43.138946638568896,32.63648454109092,32.63648454109092,89.65517241379311,60.0,77.41935483870968,2
104.16093360480474,105.51985512619311,0.18515894358554474,0.28620654344558716,0.025216251611709595,0.18686558306217194,-0.05632279813289642,0.10751557350158691,0.0,0.0,53.71773397539992,43.55183610065567,1.9330483364135347,1.9330483364135347,89.65517241379311,60.0,77.41935483870968,2
109.58309527770228,109.66124789827033,0.18684943829382356,0.29741424322128296,0.03864595293998718,0.2332441806793213,-0.05771130323410034,0.15025077760219574,0.0,0.0,49.680767155413974,47.95514251604502,4.036966819985949,4.036966819985949,89.65517241379311,60.0,77.41935483870968,2
114.1232581178709,111.6685839733945,0.19005663607181947,0.3094281554222107,0.041856616735458374,0.26123571395874023,-0.06748393177986145,0.17377984523773193,0.0,0.0,46.50744906640299,51.38918312725759,3.1733180890109836,3.1733180890109836,89.65517241379311,60.0,77.41935483870968,2
118.03566637093826,113.52262336870301,0.1924907575998121,0.3170706629753113,0.04109925031661987,0.2706989645957947,-0.06445783376693726,0.17720673978328705,0.0,0.0,44.14166365262344,48.51190346246008,2.365785413779548,2.365785413779548,89.65517241379311,60.0,77.41935483870968,2
123.12661720736924,115.75371454240653,0.19626833887669584,0.3330512046813965,0.0412510484457016,0.2827422767877579,-0.06070093810558319,0.1814475953578949,0.0,0.0,40.69148426113428,45.25534103389367,3.450179391489165,3.450179391489165,89.65517241379311,60.0,77.41935483870968,2
126.10353441669201,118.53956101936095,0.19991577524359405,0.34368234872817993,0.041343092918395996,0.2946474105119705,-0.05763709545135498,0.18588927388191223,0.0,0.0,38.2547672398837,42.398841055011104,2.4367170212505798,2.4367170212505798,89.65517241379311,60.0,77.41935483870968,2
129.4641224067023,120.41455703149987,0.20308583248694106,0.35511118173599243,0.0412503182888031,0.30624546110630035,-0.05480183660984039,0.19016362726688385,0.0,0.0,35.78988653257394,39.719450421553844,2.46488070730976,2.46488070730976,89.65517241379311,60.0,77.41935483870968,2
133.80810031786098,124.14266245312218,0.20629722578253262,0.368863582611084,0.04131041467189789,0.3194204568862915,-0.052050113677978516,0.1945146918296814,0.0,0.0,32.76329276380731,36.8748576993498,3.026593768766631,3.026593768766631,89.65517241379311,60.0,77.41935483870968,2
136.6073500829695,126.85845641773314,0.20798087132568663,0.3819851279258728,0.041284799575805664,0.3317161053419113,-0.04974478483200073,0.1981285959482193,0.0,0.0,30.762546389804463,34.39262323151735,2.000746374002844,2.000746374002844,89.65517241379311,60.0,77.41935483870968,2
139.0712807665537,129.0870498883886,0.20723136889620525,0.38522547483444214,0.04163098335266113,0.3419662415981293,-0.0467715859413147,0.2007327526807785,0.0,0.0,29.233025137135854,32.137187705830385,1.5295212526686086,1.5295212526686086,89.65517241379311,60.0,77.41935483870968,2
142.82169085394312,132.19470276939265,0.20567227423352796,0.39549362659454346,0.04233404994010925,0.35166485607624054,-0.043222278356552124,0.20218992233276367,0.0,0.0,26.674262800509027,29.858281772814163,2.5587623366268275,2.5587623366268275,89.65517241379311,60.0,77.41935483870968,2
147.43363429178686,135.17298795728004,0.2140626311738676,0.4123855233192444,0.04302495718002319,0.3667972534894943,-0.0366031676530838,0.20583167672157288,0.0,0.0,23.976619353126026,26.364788079101775,1.5986256725101669,2.697643447383001,89.65517241379311,60.0,77.41935483870968,2
149.46096544826852,136.4549689854623,0.21646663907243444,0.42169928550720215,0.04297533631324768,0.3752557188272476,-0.033566027879714966,0.20869877934455872,0.0,0.0,22.610194797471536,24.709080494185695,1.3664245556544898,1.3664245556544898,89.65517241379311,60.0,77.41935483870968,2
151.53762946506862,138.1317873024069,0.22019854541853792,0.432644784450531,0.042781949043273926,0.3840014338493347,-0.031058907508850098,0.21276207268238068,0.0,0.0,21.296883916270076,23.364735773125958,1.3133108812014598,1.3133108812014598,89.65517241379311,60.0,77.41935483870968,2
153.3205696969939,139.7496169727284,0.2183157327005094,0.4378337860107422,0.04241052269935608,0.39161184430122375,-0.028634607791900635,0.21534734964370728,0.0,0.0,20.04056091578316,21.9810647456627,1.2563230004869155,1.2563230004869155,89.65517241379311,60.0,77.41935483870968,2
156.30887792380304,143.12496254673496,0.2163051193525502,0.45113128423690796,0.041743770241737366,0.3991962820291519,-0.026210352778434753,0.21622075140476227,0.0,0.0,17.780342715737063,20.43199558631546,2.260218200046097,2.260218200046097,89.65517241379311,60.0,77.41935483870968,2
158.17368826424473,145.3529444681169,0.21724132936735865,0.45755618810653687,0.040737614035606384,0.4065844416618347,-0.023915842175483704,0.21668508648872375,0.0,0.0,16.363305115680575,18.87027316586772,1.4170376000564886,1.4170376000564886,89.65517241379311,60.0,77.41935483870968,2
162.1888183724622,149.72056215650179,0.2193762386507378,0.46670591831207275,0.03730258345603943,0.4197687804698944,-0.01955331861972809,0.21700410544872284,0.0,0.0,13.477396504911596,15.686600560206294,1.6479613995843465,2.885908610768979,89.65517241379311,60.0,77.41935483870968,2
164.0200739990203,151.53628811010296,0.22005403273478585,0.4708595871925354,0.03469794988632202,0.42451871931552887,-0.017720773816108704,0.21810181438922882,0.0,0.0,12.085716406837207,14.26294398298133,1.3916800980743886,1.3916800980743886,89.65517241379311,60.0,77.41935483870968,2
167.72240401214384,156.66273909743632,0.2233026542044678,0.4810938835144043,0.028903082013130188,0.4330876022577286,-0.014003202319145203,0.2208804488182068,0.0,0.0,9.306207224393745,11.446909359484657,1.6121100774023347,2.779509182443462,89.65517241379311,60.0,77.41935483870968,2
169.47680618948695,159.25326512565738,0.2229867743271631,0.481795072555542,0.02557702362537384,0.4364379197359085,-0.012409895658493042,0.22188149392604828,0.0,0.0,7.900309782995436,10.052637679005617,1.4058974413983094,1.4058974413983094,89.65517241379311,60.0,77.41935483870968,2
172.5641012654091,164.84077336947226,0.2260880714625763,0.4825565218925476,0.0184040367603302,0.44127368927001953,-0.009889394044876099,0.22419768571853638,0.0,0.0,5.39955241430134,7.420162840226091,1.6750295249125031,2.500757368694096,89.65517241379311,60.0,77.41935483870968,2
178.41049278200433,177.03704338003917,0.19083758089218783,0.5572313964366913,,,,,0.0,0.0,-0.49973022330686945,,2.1555593375569373,,94.73684210526315,100.0,91.30434782608695,3
167.3182061677652,167.38403336260234,0.1828525029625249,0.5437312126159668,-0.003635093569755554,0.37746012955904007,-0.015212446451187134,0.17992298305034637,0.0,0.0,6.157099397861401,3.3773927489224143,2.8016146419018924,-6.656829621168271,94.73684210526315,100.0,91.30434782608695,3
161.92361336473544,162.69777574086433,0.1785740205075074,0.5420631766319275,0.0006751641631126404,0.3704184964299202,-0.02114531397819519,0.1790360063314438,0.0,0.0,9.401597123423997,6.537162960819476,2.1671265573910006,-3.2444977255625957,94.73684210526315,100.0,91.30434782608695,3
159.08908687815267,159.57724880697214,0.1751969807259497,0.5308330953121185,0.004425324499607086,0.3612508326768875,-0.025951825082302094,0.1759968250989914,0.0,0.0,11.363127123590274,9.334728480134036,2.023408016101399,-1.9615300001662774,94.73684210526315,100.0,91.30434782608695,3
154.80787292544062,156.3258787185809,0.17652649637295237,0.5293180644512177,0.00641796737909317,0.3572082221508026,-0.029003970324993134,0.17482493817806244,0.0,0.0,13.989088992953768,11.023383086864229,2.6259618693634934,-2.6259618693634934,94.73684210526315,100.0,91.30434782608695,3
149.8916888533679,152.59615658432656,0.1780848901737518,0.5272973775863647,0.00832628458738327,0.3534073829650879,-0.0325424000620842,0.1740122139453888,0.0,0.0,16.76899385749374,12.865232270381664,2.779904864539972,-2.779904864539972,94.73684210526315,100.0,91.30434782608695,3
145.73224519213557,148.97267135725164,0.18058206785365025,0.5220978558063507,0.012028343975543976,0.3492237329483032,-0.043442510068416595,0.17587634921073914,0.0,0.0,19.20489465052367,17.74668453934952,1.6483781771472366,-2.43590079302993,94.73684210526315,100.0,91.30434782608695,3
142.92284449904162,147.00454685383596,0.17540573847528113,0.5128798484802246,0.012685500085353851,0.3446398675441742,-0.046667709946632385,0.17296932637691498,0.0,0.0,20.630857652678188,19.082299226725603,1.6939295223540682,-1.4259630021545178,94.73684210526315,100.0,91.30434782608695,3
140.09503566493794,144.80359005303453,0.16959374857357454,0.500373363494873,0.013399936258792877,0.3344729542732239,-0.04952199012041092,0.16616860032081604,0.0,0.0,22.13705979489201,20.51660111601769,1.7755009087155713,-1.506202142213823,94.73684210526315,100.0,91.30434782608695,3
137.1036582903332,141.68053944587768,0.1684460576214209,0.4899657964706421,0.01454126089811325,0.32339414209127426,-0.051703669130802155,0.16152037680149078,0.0,0.0,24.308263495289182,22.29081036284534,1.9519042202654617,-2.1712037003971716,94.73684210526315,100.0,91.30434782608695,3
133.91460810172197,139.29247294391132,0.16747659108066454,0.47805237770080566,0.015365809202194214,0.31287887692451477,-0.053873419761657715,0.15963837504386902,0.0,0.0,26.469866492210492,24.35694147401515,2.176589858673289,-2.16160299692131,94.73684210526315,100.0,91.30434782608695,3
129.26061309406683,136.1479548116586,0.1596643237390165,0.4697137475013733,0.015976257622241974,0.2972619980573654,-0.05737217515707016,0.15402263402938843,0.0,0.0,28.93914515158275,27.125358890649704,2.4345909444747065,-2.4692786593722573,94.73684210526315,100.0,91.30434782608695,3
124.93208301435803,132.73648896042948,0.15785139815486038,0.4593925476074219,0.017509259283542633,0.2866455912590027,-0.05947613716125488,0.14862719178199768,0.0,0.0,31.88947909124888,29.18752800662999,2.472545514668589,-2.9503339396661303,94.73684210526315,100.0,91.30434782608695,3
121.37311667232916,129.4455106297194,0.15719888545638164,0.4499242305755615,0.019951514899730682,0.2764141112565994,-0.061990633606910706,0.1451466828584671,0.0,0.0,34.44168454175653,31.996275224761842,2.2046808522948638,-2.5522054505076497,94.73684210526315,100.0,91.30434782608695,3
118.01901917377239,125.88518922620847,0.15846325108085957,0.4368288516998291,0.021672748029232025,0.26805882155895233,-0.06408191472291946,0.14437498152256012,0.0,0.0,37.50501575407941,34.78387969927994,2.5532009422572415,-3.063331212322879,94.73684210526315,100.0,91.30434782608695,3
113.74668195671092,121.66895105514851,0.15781301687672866,0.4244973659515381,0.022624172270298004,0.2570306062698364,-0.06570620834827423,0.14390717446804047,0.0,0.0,41.06764563445079,38.050745550084805,2.3891396344639446,-3.5626298803713823,94.73684210526315,100.0,91.30434782608695,3
108.96530630429686,117.876689368936,0.15172036073490403,0.4118972420692444,0.02401222288608551,0.24180564284324646,-0.06833992153406143,0.13952040672302246,0.0,0.0,44.01569379160954,42.091716018026666,2.3472900424416707,-2.948048157158752,94.73684210526315,100.0,91.30434782608695,3
105.21848891385122,113.81020591709598,0.1484582509933127,0.4001879096031189,0.025178514420986176,0.23131556808948517,-0.06896951794624329,0.1346575766801834,0.0,0.0,47.2568509364141,44.29294821168792,3.026006566853944,-3.2411571448045535,94.73684210526315,100.0,91.30434782608695,3
103.8070591491715,112.24253857877348,0.1481954038379211,0.39638394117355347,0.026296161115169525,0.22495974600315094,-0.06891268491744995,0.13293495774269104,0.0,0.0,48.55597954005745,46.014842159410314,1.2991286036433536,-1.2991286036433536,94.73684210526315,100.0,91.30434782608695,3
100.23415476391096,108.16270297659848,0.1468112905506258,0.3859950304031372,0.02735525369644165,0.2185799926519394,-0.0688868910074234,0.13156498968601227,0.0,0.0,51.81113012976443,47.96370124394903,3.255150589706979,-3.255150589706979,94.73684210526315,100.0,91.30434782608695,3
97.22291424912623,104.76399802633908,0.14495699147981517,0.3745371699333191,0.029780685901641846,0.2060023695230484,-0.06868232786655426,0.12842974066734314,0.0,0.0,54.553973923981275,51.808616063489374,2.2405932638269235,-2.7428437942168458,94.73684210526315,100.0,91.30434782608695,3
92.01007147452987,99.21209345882546,0.1428147580436806,0.363053560256958,0.03173309564590454,0.19571179151535034,-0.06873282790184021,0.12616485357284546,0.0,0.0,58.954060939882694,55.354612668705755,3.35702578907798,-4.40008701590142,94.73684210526315,100.0,91.30434782608695,3
88.16572438204582,94.07344749825022,0.14271829646319922,0.35210341215133667,0.03402021527290344,0.18398511409759521,-0.0691334679722786,0.12486408650875092,0.0,0.0,63.0021323288838,60.199831158099215,3.5892761437743914,-4.048071389001109,94.73684210526315,100.0,91.30434782608695,3
82.41240545731739,88.88766588140474,0.13980234269611275,0.3369874358177185,0.0351066067814827,0.17606103420257568,-0.06883183121681213,0.12419839203357697,0.0,0.0,68.14200283784646,63.564468072052804,4.441121901474915,-5.139870508962659,94.73684210526315,100.0,91.30434782608695,3
79.11112685454822,84.87056936210875,0.14107592315914994,0.3283458352088928,0.03531479090452194,0.16617541015148163,-0.06876543909311295,0.12332673370838165,0.0,0.0,71.6033719820173,67.68186236100651,4.322178294226532,-3.461369144170831,94.73684210526315,100.0,91.30434782608695,3
75.68411091921695,82.18102478396378,0.1391725524004617,0.31985801458358765,0.03531136363744736,0.15780119597911835,-0.06902376562356949,0.1226685494184494,0.0,0.0,74.45719252713963,71.42963250186908,2.080420716611002,-2.853820545122332,94.73684210526315,100.0,91.30434782608695,3
73.57515616314754,80.41784376654259,0.138756482404651,0.31616681814193726,0.03553720563650131,0.15233105421066284,-0.06904131919145584,0.12191008031368256,0.0,0.0,76.7347534991276,73.79302245470329,2.277560971987981,-2.277560971987981,94.73684210526315,100.0,91.30434782608695,3
69.53011113424776,75.85515598031358,0.13824367772516608,0.30814599990844727,0.03619161248207092,0.14714515209197998,-0.0686938688158989,0.12129312753677368,0.0,0.0,81.18646679137373,76.1887961570424,4.451713292246126,-4.451713292246126,94.73684210526315,100.0,91.30434782608695,3
67.45764706062198,73.51392955829952,0.13728856554371427,0.3051910996437073,0.0369219109416008,0.14111828804016113,-0.06833568960428238,0.12031182646751404,0.0,0.0,82.99275325427938,78.84279151798009,1.8062864629056463,-1.8062864629056463,94.73684210526315,100.0,91.30434782608695,3
64.68265288550998,70.6107330834762,0.13571597035432845,0.30015403032302856,0.03849834203720093,0.1317039132118225,-0.06768052279949188,0.11892063915729523,0.0,0.0,85.37222157682321,83.13077867188076,2.4005485117764778,-2.379468322543829,94.73684210526315,100.0,91.30434782608695,3
59.29429593623046,64.72664942482382,0.13303541881958156,0.2914099097251892,0.039668016135692596,0.12398514151573181,-0.06773431599140167,0.1170041412115097,0.0,0.0,89.69497682618831,86.11871061838681,3.2590058206992865,-4.322755249365102,94.73684210526315,100.0,91.30434782608695,3
58.685516847270016,62.53239436972205,0.13624486631268676,0.28790056705474854,0.04022818058729172,0.11999665200710297,-0.06765715777873993,0.11709509789943695,0.0,0.0,88.3069661649666,87.45253389336679,1.3880106612217133,1.3880106612217133,94.73684210526315,100.0,91.30434782608695,3
54.20283102712714,56.560258703274826,0.1454875611487926,0.28559553623199463,0.04076492041349411,0.11664438247680664,-0.06703580915927887,0.12020295858383179,0.0,0.0,80.85420436940632,86.32302959151255,7.452761795560278,7.452761795560278,94.73684210526315,100.0,91.30434782608695,3
50.15892357205243,52.22930659667125,0.13971651498017207,0.28049367666244507,0.04137022793292999,0.10998664796352386,-0.06586116552352905,0.12452712655067444,0.0,0.0,77.91737139145248,82.28651002547922,4.150126784638971,2.9368329779538414,94.73684210526315,100.0,91.30434782608695,3
49.95378709353837,53.66669505177834,0.1344872777354448,0.27855736017227173,0.04126656800508499,0.10548840463161469,-0.0656772330403328,0.12412622570991516,0.0,0.0,79.64043258360721,80.11987663013936,1.7230611921547307,-1.7230611921547307,94.73684210526315,100.0,91.30434782608695,3
51.506619980146844,57.94309994596885,0.12978623236242146,0.2785108685493469,0.04074376821517944,0.09779338538646698,-0.06661675870418549,0.11615289747714996,0.0,0.0,82.98685986910102,80.29754084507691,2.341360332954096,-3.3464272854938173,94.73684210526315,100.0,91.30434782608695,3
56.65562643757241,62.41382033942876,0.1329157944250486,0.2849809527397156,0.040433309972286224,0.10331191122531891,-0.06919228285551071,0.11321195960044861,0.0,0.0,88.17184524825429,84.83706382421357,4.395214707457981,-5.184985379153261,94.73684210526315,100.0,91.30434782608695,3
57.95133686767646,63.719273734461126,0.13193966502559418,0.2871814966201782,0.040662869811058044,0.10660864412784576,-0.069440096616745,0.11343452334403992,0.0,0.0,89.73962917060655,86.44741627899742,1.5677839223522625,-1.5677839223522625,94.73684210526315,100.0,91.30434782608695,3
61.31332103410068,66.78104694985194,0.1306049733356438,0.293937623500824,0.04047318547964096,0.11044280230998993,-0.0695171132683754,0.11274895071983337,0.0,0.0,86.45670063089484,87.036201397638,3.2829285397117047,3.2829285397117047,94.73684210526315,100.0,91.30434782608695,3
64.02060241760284,69.27066655478934,0.12935260127059828,0.29911673069000244,0.0403091162443161,0.11505500972270966,-0.06952875852584839,0.11126230657100677,0.0,0.0,83.4920121836084,86.96504680834101,2.9646884472864485,2.9646884472864485,94.73684210526315,100.0,91.30434782608695,3
69.61671559663688,75.56366406090903,0.12902139061570728,0.31034624576568604,0.040041327476501465,0.12068618834018707,-0.0695185512304306,0.11012020707130432,0.0,0.0,77.8219649521543,84.37757673431602,5.670047231454092,5.670047231454092,94.73684210526315,100.0,91.30434782608695,3
78.5506007847776,84.73512265135275,0.12785300370279962,0.3291654586791992,0.039727844297885895,0.1341572254896164,-0.06925415247678757,0.10858957469463348,0.0,0.0,68.80153329107851,76.91315652353208,8.735582376208555,9.02043166107579,94.73684210526315,100.0,91.30434782608695,3
88.71646317114573,91.92703444872693,0.1363559695065673,0.34853363037109375,0.04017587751150131,0.15994001924991608,-0.06755346804857254,0.11371846497058868,0.0,0.0,61.85029998612927,66.83203889783996,6.026973668175856,6.951233304949241,94.73684210526315,100.0,91.30434782608695,3
94.30444751296335,97.46914125723924,0.13907051847130827,0.36411458253860474,0.03994233161211014,0.17466020584106445,-0.06610056012868881,0.11912639439105988,0.0,0.0,57.600160051038756,62.442464257289174,4.841963286644784,4.250139935090516,94.73684210526315,100.0,91.30434782608695,3
98.04782099057462,99.78881442322808,0.14826940786356388,0.3781147599220276,0.03832850605249405,0.1889820396900177,-0.06553726643323898,0.12535488605499268,0.0,0.0,55.68989732774038,58.54188881270144,2.7454772066026933,1.9102627232983735,94.73684210526315,100.0,91.30434782608695,3
103.9515502158431,107.21648105793032,0.1543647970569176,0.39728885889053345,0.035657599568367004,0.2057168036699295,-0.06626100838184357,0.13343596458435059,0.0,0.0,50.177277892934086,54.73921547516798,4.477034252720308,5.512619434806297,94.73684210526315,100.0,91.30434782608695,3
108.85434957440916,112.91000137347072,0.15645999938165717,0.4123426675796509,0.03320307284593582,0.22210468351840973,-0.06675391644239426,0.1388287991285324,0.0,0.0,46.21610854413969,50.28949765872794,3.8941835080438736,3.9611693487943924,94.73684210526315,100.0,91.30434782608695,3
115.36377609225605,118.77054102671634,0.16341999885415598,0.4314248561859131,0.02894822508096695,0.2411660999059677,-0.0654628798365593,0.14455731213092804,0.0,0.0,41.39586976525541,44.35888071636684,3.263861010867103,4.820238778884281,94.73684210526315,100.0,91.30434782608695,3
120.50940828441708,121.85313208734861,0.17099543821997554,0.44881463050842285,0.02699112892150879,0.25498950481414795,-0.06395220011472702,0.15138110518455505,0.0,0.0,38.29351521564714,41.32585892343003,2.6608047210479313,3.102354549608272,94.73684210526315,100.0,91.30434782608695,3
126.26345751295915,126.99875688716362,0.1692738858519921,0.46340233087539673,0.026005081832408905,0.2701063007116318,-0.06092271953821182,0.15739798545837402,0.0,0.0,33.807274602948816,37.70433394210565,3.954951410182751,4.4862406126983245,94.73684210526315,100.0,91.30434782608695,3
133.5803101579342,133.42810503080864,0.16913881892930094,0.4772084355354309,0.024524517357349396,0.28314079344272614,-0.05662959814071655,0.15932688117027283,0.0,0.0,28.43762587884374,33.35303605320591,4.9673918390558,5.369648724105076,94.73684210526315,100.0,91.30434782608695,3
138.94461545544186,138.7963838452433,0.16821145041945942,0.4967172145843506,0.021618209779262543,0.297646701335907,-0.05223618447780609,0.15937362611293793,0.0,0.0,23.84989175022936,28.264379924658535,3.51509260143213,4.587734128614379,94.73684210526315,100.0,91.30434782608695,3
144.47126725523222,139.9687615254502,0.17152316831448386,0.5126789808273315,0.020961545407772064,0.29115066677331924,-0.041089266538619995,0.15244688093662262,0.0,0.0,23.04753959103212,24.11905315317982,1.8582499362933618,0.8023521591972411,94.73684210526315,100.0,91.30434782608695,3
149.52301536687577,145.00918235369372,0.17855855621573377,0.5282333791255951,0.021666765213012695,0.2965778261423111,-0.03770247846841812,0.15457363426685333,0.0,0.0,18.994688702226313,22.84314518213531,4.052850888805807,4.052850888805807,94.73684210526315,100.0,91.30434782608695,3
153.31643891055492,149.57784430211152,0.1887072932092476,0.5379455983638763,0.019037388265132904,0.3362564146518707,-0.035952165722846985,0.17673011124134064,0.0,0.0,16.113843787055387,19.17315814279175,2.4227167037977893,2.8808449151709254,94.73684210526315,100.0,91.30434782608695,3
158.07946566598454,154.6609504811893,0.19693765812922692,0.5517751574516296,0.014421336352825165,0.36414530128240585,-0.03449734300374985,0.18803086876869202,0.0,0.0,12.678545672782619,15.595783444295254,2.3756381537072144,3.4352981142727685,94.73684210526315,100.0,91.30434782608695,3
164.12760646262944,160.2751028280382,0.19660949916042153,0.5555823147296906,0.009697072207927704,0.37949900329113007,-0.030449211597442627,0.19413693249225616,0.0,0.0,8.990389827442655,12.229106702280216,3.2029176549631018,3.6881558453399634,94.73684210526315,100.0,91.30434782608695,3
170.34981923687542,168.07097473711914,0.19483596828140945,0.5654984712600708,0.0007533729076385498,0.38468796759843826,-0.021023526787757874,0.19386671483516693,0.0,0.0,4.420861938299609,6.5420913135590055,1.8864865723573558,4.569527889143046,94.73684210526315,100.0,91.30434782608695,3
175.43846091112553,172.4519140753707,0.19322981470577982,0.5773993134498596,-0.0026604607701301575,0.39206670224666595,-0.01638016104698181,0.19358770549297333,0.0,0.0,1.3623252311170546,4.002854560058523,2.55855732904341,3.0585367071825544,94.73684210526315,100.0,91.30434782608695,3
178.82624337328252,175.13815114328992,0.1870267400332863,0.5716956257820129,-0.005790263414382935,0.39492934197187424,-0.010436028242111206,0.19100698828697205,0.0,0.0,-0.6382405647998439,1.331578040348223,1.3195854997150605,2.0005657959168985,94.73684210526315,100.0,91.30434782608695,3
172.53962027860678,171.92615410168858,0.1822932784234369,0.5465640127658844,-0.0038810372352600098,0.3768724277615547,-0.009591951966285706,0.18144115805625916,0.0,0.0,3.3714874721693064,1.689681585891325,1.5188603740015054,,96.0,80.0,87.17948717948718,4
168.24627044651552,168.18934106193942,0.17772358287848955,0.5404544472694397,0.0008520185947418213,0.3712020069360733,-0.0144304558634758,0.18058396875858307,0.0,0.0,6.247367584566547,4.5935678905869395,1.7173072212056866,-2.8758801123972404,96.0,80.0,87.17948717948718,4
162.8108482136839,163.93078064868612,0.17809919427761298,0.5358602404594421,0.004276171326637268,0.36538656800985336,-0.018311992287635803,0.17803305387496948,0.0,0.0,9.662487716211757,6.898260485076705,2.5093614400441027,-3.41512013164521,96.0,80.0,87.17948717948718,4
156.73292840381114,159.72150202792082,0.17426751115149916,0.5290960669517517,0.009900987148284912,0.3548415079712868,-0.027192384004592896,0.1751500815153122,0.0,0.0,12.952835400770667,11.662915991070339,1.2794854606032686,-3.2903476845589097,96.0,80.0,87.17948717948718,4
149.6816319077819,154.1027509121085,0.17456444421399506,0.5190699398517609,0.011606976389884949,0.34738312661647797,-0.03244863450527191,0.17091625928878784,0.0,0.0,17.440350213096494,14.04495923626984,3.327048822051694,-4.487514812325827,96.0,80.0,87.17948717948718,4
143.66631784756626,148.20913363235775,0.17413082076475764,0.5068148672580719,0.014982357621192932,0.3388263061642647,-0.03904010355472565,0.16980719566345215,0.0,0.0,21.471143916420615,17.78139666480821,3.3703527777496873,-4.030793703324122,96.0,80.0,87.17948717948718,4
138.0504645684,142.41302950844224,0.1721002975146727,0.4946664571762085,0.0201011523604393,0.3250559866428375,-0.04661615937948227,0.16799604892730713,0.0,0.0,25.527866862966462,23.04183979862764,2.7489968751848153,-4.056722946545847,96.0,80.0,87.17948717948718,4
134.55892149986917,138.66629099571412,0.16979176840149837,0.4801025986671448,0.022112824022769928,0.31366852670907974,-0.048629581928253174,0.16511496901512146,0.0,0.0,28.21140453077374,25.534365907454514,2.5920822824775414,-2.683537667807279,96.0,80.0,87.17948717948718,4
130.6597924620921,136.11747798232378,0.1646810253247042,0.4680212736129761,0.02267611026763916,0.2964204400777817,-0.05120731145143509,0.15937374532222748,0.0,0.0,30.159246810496313,28.342410311113788,2.8817196872312962,-1.9478422797225718,96.0,80.0,87.17948717948718,4
126.11137235926475,132.18570186360887,0.16128081656602772,0.4611671566963196,0.02355150133371353,0.287709578871727,-0.05416543781757355,0.1549171507358551,0.0,0.0,32.98128481537867,30.361969130566706,1.9514670422518492,-2.8220380048823586,96.0,80.0,87.17948717948718,4
123.06969779042399,128.11052386775646,0.16258272180815553,0.4489116072654724,0.026758693158626556,0.27543291449546814,-0.0575057789683342,0.15123455226421356,0.0,0.0,36.03124762432977,34.166190212337526,1.9993906636418401,-3.0499628089511006,96.0,80.0,87.17948717948718,4
117.93011969794938,123.1449922833482,0.16113420002463302,0.4340493083000183,0.029599376022815704,0.2651359587907791,-0.05866248905658722,0.15107451379299164,0.0,0.0,40.34647927597693,37.7683862847947,2.6500822238969945,-4.31523165164716,96.0,80.0,87.17948717948718,4
112.56617810676661,118.3498170040961,0.15981232507141255,0.42205625772476196,0.030775755643844604,0.2544848620891571,-0.06015700101852417,0.14911988377571106,0.0,0.0,44.45209322388135,40.854351331240785,3.529657450856412,-4.105613947904416,96.0,80.0,87.17948717948718,4
109.41527223232208,115.99346122342874,0.15372581372900193,0.40923118591308594,0.03230385482311249,0.23865391314029694,-0.062407270073890686,0.14404204487800598,0.0,0.0,46.6311395543399,45.04156375540588,1.9206968828992217,-2.1790463304585543,96.0,80.0,87.17948717948718,4
106.5983055476394,112.46906652882836,0.15131646932038745,0.4005544185638428,0.03370239585638046,0.2301144301891327,-0.06225624680519104,0.14048735797405243,0.0,0.0,49.21650109281177,46.9791553164288,1.8579631456889345,-2.585361538471865,96.0,80.0,87.17948717948718,4
103.54433914886602,107.72746105480172,0.1532276377033954,0.3896624445915222,0.03656715154647827,0.22103869915008545,-0.06174502521753311,0.13902688026428223,0.0,0.0,52.81983069827576,50.18768179970159,3.705729937585126,-3.6033296054639905,96.0,80.0,87.17948717948718,4
99.88768454023943,102.86996450676571,0.15322076541654928,0.3807382583618164,0.03856542706489563,0.21236015856266022,-0.06118804216384888,0.14016830921173096,0.0,0.0,56.61986143853882,54.13297835856992,3.0509851170027673,-3.800030740263061,96.0,80.0,87.17948717948718,4
96.59725868249899,98.8941846587082,0.15464373592015337,0.37145376205444336,0.038823552429676056,0.20572932064533234,-0.06087715923786163,0.14093932509422302,0.0,0.0,60.35723602477246,57.05111612723389,2.6987453006842514,-3.737374586233642,96.0,80.0,87.17948717948718,4
92.81172153783064,94.84162277805274,0.15177904973556067,0.359977662563324,0.040164217352867126,0.19512540102005005,-0.060594342648983,0.1410183161497116,0.0,0.0,63.59404234488619,61.76882042815118,1.8171174109984065,-3.236806320113729,96.0,80.0,87.17948717948718,4
88.14240255191993,90.67967639118727,0.14837733521741772,0.3485841751098633,0.041038878262043,0.18779560923576355,-0.06089779734611511,0.1385129988193512,0.0,0.0,67.51101628412262,64.22350241967578,3.4989901683160696,-3.916973939236428,96.0,80.0,87.17948717948718,4
82.97997928192598,85.46245369573067,0.14833031296565866,0.338422954082489,0.04210396111011505,0.1741911768913269,-0.061435163021087646,0.13522601127624512,0.0,0.0,72.45503008192367,69.39244727438367,3.449655679766167,-4.944013797801048,96.0,80.0,87.17948717948718,4
76.7694896580328,79.27712719775757,0.15072370986244907,0.32553064823150635,0.04230155795812607,0.16509884595870972,-0.06215229630470276,0.13647939264774323,0.0,0.0,78.4409966997865,74.68725803079803,4.021465733908244,-5.985966617862829,96.0,80.0,87.17948717948718,4
71.51766763362559,73.51739231288995,0.1496536836451823,0.3141288161277771,0.04264069348573685,0.15773050487041473,-0.06286170333623886,0.13686902821063995,0.0,0.0,83.68481142175553,78.83167916323015,4.903433856255248,-5.243814721969031,96.0,80.0,87.17948717948718,4
67.33744844924104,69.77620975898397,0.14091480282168753,0.3056364059448242,0.04521525651216507,0.14096315205097198,-0.06124509871006012,0.13069486618041992,0.0,0.0,87.1923869165797,84.49343359340926,4.171633892784257,-3.5075754948241666,96.0,80.0,87.17948717948718,4
63.8170807439835,67.36396927133238,0.14062331768111525,0.2994632124900818,0.04635190963745117,0.13306517899036407,-0.060661718249320984,0.12718400359153748,0.0,0.0,89.4479996314106,86.57988875551922,2.7895841811194373,-2.255612714830903,96.0,80.0,87.17948717948718,4
59.30926485695562,63.49474230771545,0.14368637454819416,0.2932405471801758,0.04677516222000122,0.12397366762161255,-0.06097210943698883,0.12770821154117584,0.0,0.0,84.4823441176245,88.0232093205469,4.401718501684286,4.965655513786089,96.0,80.0,87.17948717948718,4
53.26449195293584,54.43537114996001,0.14910215213158906,0.2853162884712219,0.04707872122526169,0.1190369725227356,-0.060221754014492035,0.13140295445919037,0.0,0.0,76.10660937410971,83.42758340044415,8.130708116623879,8.375734743514798,96.0,80.0,87.17948717948718,4
51.001360140036304,51.0629750564787,0.1492753146049111,0.28642648458480835,0.047289878129959106,0.11173495650291443,-0.05805554240942001,0.1355295330286026,0.0,0.0,72.79805613140215,77.26267359322473,3.110655245251351,3.3085532427075606,96.0,80.0,87.17948717948718,4
49.96768812313537,51.08366005229662,0.14705542772708224,0.2826489210128784,0.04766184836626053,0.10356912016868591,-0.05546082556247711,0.13612666726112366,0.0,0.0,72.10072148922823,72.47961697126894,1.3095358160965276,0.6973346421739137,96.0,80.0,87.17948717948718,4
47.66546653022763,48.63571720530104,0.1514757346449916,0.27994537353515625,0.04791707545518875,0.1021425724029541,-0.05437964200973511,0.13813292980194092,0.0,0.0,67.60879816457108,70.61031710933985,3.423046735447187,4.491923324657151,96.0,80.0,87.17948717948718,4
46.63442395631066,47.63552287871718,0.15330805344320242,0.2793681025505066,0.047981321811676025,0.10157258808612823,-0.0532073974609375,0.14024728536605835,0.0,0.0,65.95219218725059,69.07318478384545,1.6566059773204955,1.6566059773204955,96.0,80.0,87.17948717948718,4
46.74038689730314,47.613077377630965,0.1484333970551767,0.27658307552337646,0.04785136133432388,0.09897348284721375,-0.05153290182352066,0.14250928163528442,0.0,0.0,67.85715116697635,66.34210669116617,2.41390800916092,-1.9049589797257624,96.0,80.0,87.17948717948718,4
48.821294352465145,51.030367475960446,0.14338027536762288,0.27764517068862915,0.047045230865478516,0.09724479913711548,-0.05548747628927231,0.13487285375595093,0.0,0.0,72.72698849121026,69.84194719568644,2.961109831440112,-4.869837324233913,96.0,80.0,87.17948717948718,4
50.54233911066608,54.05011122692101,0.14115370455264345,0.2793426513671875,0.04687613248825073,0.09802189469337463,-0.0570550262928009,0.132227823138237,0.0,0.0,75.58360952700781,71.77356178569431,2.856621035797545,-2.856621035797545,96.0,80.0,87.17948717948718,4
56.004867003910746,59.58311505728395,0.13771945807625888,0.28670477867126465,0.0467890128493309,0.10102424025535583,-0.05850619077682495,0.1291959136724472,0.0,0.0,82.08591062501759,75.04059682575145,6.502301098009781,-6.502301098009781,96.0,80.0,87.17948717948718,4
57.507937983144174,60.20872044169432,0.13697442926462838,0.2890093922615051,0.04675962030887604,0.10472363233566284,-0.05978190898895264,0.12635914981365204,0.0,0.0,83.82769765902223,78.55605157556448,1.7417870340046449,-1.7417870340046449,96.0,80.0,87.17948717948718,4
62.18604303269297,64.93451631625628,0.13668188556226635,0.29661113023757935,0.04684269428253174,0.11314168572425842,-0.06083615869283676,0.12308639287948608,0.0,0.0,88.63617004392997,84.72755731290624,4.275719120274772,-4.808472384907731,96.0,80.0,87.17948717948718,4
69.87161637553072,70.48623354967269,0.1365248848213769,0.3107892870903015,0.0476713627576828,0.12515312433242798,-0.06063002347946167,0.12299169600009918,0.0,0.0,83.71705046537488,87.98374731425915,6.150673009761391,4.919119578555083,96.0,80.0,87.17948717948718,4
72.07870303010401,74.27786248276442,0.1370126702779084,0.315324604511261,0.04803886264562607,0.12995952367782593,-0.06064238399267197,0.12307789921760559,0.0,0.0,81.51688505137932,86.2039260661215,2.2001654139955633,2.2001654139955633,96.0,80.0,87.17948717948718,4
77.14989456989014,77.61614078821165,0.13652207341738884,0.3247038722038269,0.048209965229034424,0.13648687303066254,-0.060735173523426056,0.1228504329919815,0.0,0.0,76.36481781300296,82.86661920122336,5.152067238376361,5.152067238376361,96.0,80.0,87.17948717948718,4
85.74950450428827,83.42677180473072,0.14423634966774876,0.338655948638916,0.049617648124694824,0.15815098583698273,-0.05967671424150467,0.12713821232318878,0.0,0.0,70.11212769541048,74.18453109270646,4.429238793116937,6.252690117592479,96.0,80.0,87.17948717948718,4
87.18161637112081,84.0912233682746,0.1446605550675037,0.3413587212562561,0.049984924495220184,0.16452690958976746,-0.05915018171072006,0.12963494658470154,0.0,0.0,68.84456886291723,72.30446885518504,1.2675588324932505,1.2675588324932505,96.0,80.0,87.17948717948718,4
91.69227752549841,88.62982856207476,0.14710640825664478,0.35254329442977905,0.0497773215174675,0.17263756692409515,-0.05890243500471115,0.13195399940013885,0.0,0.0,64.66327453133269,69.54033439454696,4.181294331584539,4.181294331584539,96.0,80.0,87.17948717948718,4
93.90364220607142,90.73901269163527,0.15324967389082342,0.363979697227478,0.04833802580833435,0.18891794979572296,-0.059110529720783234,0.13743042945861816,0.0,0.0,63.235994230439225,64.4000385953241,1.7523301577214951,1.4272803008934645,96.0,80.0,87.17948717948718,4
98.08856104024574,95.83240430597573,0.15542015832825623,0.37845486402511597,0.046357542276382446,0.19819943606853485,-0.0597725436091423,0.1426856517791748,0.0,0.0,59.184790447270785,62.40931744327255,4.244622781666479,4.0512037831684395,96.0,80.0,87.17948717948718,4
102.3976875188871,99.26779289876833,0.15842857053739243,0.39228856563568115,0.0450809970498085,0.20696797966957092,-0.05965670198202133,0.14459624886512756,0.0,0.0,55.748083268471575,59.278101193627954,3.0020345613606167,3.4367071787992103,96.0,80.0,87.17948717948718,4
106.48486873332575,103.34060230525948,0.16553518991763805,0.40784430503845215,0.04356081783771515,0.22380216419696808,-0.059463679790496826,0.1505502611398697,0.0,0.0,52.37975039116469,54.6025508347672,2.6998232810922573,3.3683328773068837,96.0,80.0,87.17948717948718,4
108.4306290380805,105.86158832685011,0.16461368902625637,0.411834180355072,0.04291769862174988,0.22880510985851288,-0.059605032205581665,0.15215672552585602,0.0,0.0,50.36506650656941,53.25679664429166,2.0146838845952786,2.0146838845952786,96.0,80.0,87.17948717948718,4
112.2497144935164,110.04304757871088,0.16572084732829997,0.4219967722892761,0.042127616703510284,0.23518778383731842,-0.059463806450366974,0.15331776440143585,0.0,0.0,47.05126110527234,51.218912918815846,3.313805401297074,3.313805401297074,96.0,80.0,87.17948717948718,4
114.15660292461845,112.18530643199375,0.16522522856185065,0.42467641830444336,0.040946148335933685,0.24213814735412598,-0.05896369367837906,0.15439583361148834,0.0,0.0,45.27348763846155,48.767391410367,1.7777734668107854,1.7777734668107854,96.0,80.0,87.17948717948718,4
118.40290244350692,117.57103865275303,0.16684073499791957,0.43575751781463623,0.038094207644462585,0.25224408507347107,-0.057911552488803864,0.15535587072372437,0.0,0.0,41.55021312841361,44.75954944500028,3.6130227794400156,3.7232745100479434,96.0,80.0,87.17948717948718,4
123.57387288607728,121.79327503272935,0.16974769579671087,0.45308220386505127,0.035544559359550476,0.261183425784111,-0.05636145919561386,0.1569141298532486,0.0,0.0,37.89084194006238,41.44754942225862,3.295064772642462,3.65937118835123,96.0,80.0,87.17948717948718,4
129.45128888887317,126.64970891192829,0.17410130816025773,0.4681416153907776,0.03355509042739868,0.2799419015645981,-0.05247467756271362,0.1638394147157669,0.0,0.0,33.759215368775536,36.55790162604462,3.3185014578900507,4.131626571286844,96.0,80.0,87.17948717948718,4
134.76778827046914,132.2858289840188,0.17545065052152978,0.4839845299720764,0.030686154961586,0.29650695621967316,-0.04970792680978775,0.1671951711177826,0.0,0.0,28.999591619022695,31.926162579812335,2.920290352805793,4.759623749752841,96.0,80.0,87.17948717948718,4
139.94983508676992,136.85887491444888,0.17763178529976004,0.4985962510108948,0.029078498482704163,0.3085869699716568,-0.0476229190826416,0.1692807674407959,0.0,0.0,25.736896524410554,28.89883754719571,3.2020835491105544,3.262695094612141,96.0,80.0,87.17948717948718,4
145.4203529775835,142.3401588631768,0.1831339209435907,0.5096854269504547,0.026416324079036713,0.32196203619241714,-0.04215700179338455,0.17363287508487701,0.0,0.0,22.53360112724077,24.823223487680654,2.8755617957337876,3.203295397169782,96.0,80.0,87.17948717948718,4
150.82905363236523,146.97758174604203,0.1972488329104748,0.5295834541320801,0.024300172924995422,0.33716680109500885,-0.038663581013679504,0.1824578493833542,0.0,0.0,18.873924092888046,22.214171120722995,3.166072246900555,3.6596770343527254,96.0,80.0,87.17948717948718,4
156.01367913254632,152.2047152770798,0.2013422484236425,0.5529439747333527,0.01962190866470337,0.3703765496611595,-0.03440076857805252,0.1966065615415573,0.0,0.0,14.887961401528585,17.325264466153016,2.4938761924894948,3.985962691359461,96.0,80.0,87.17948717948718,4
161.00105372791157,157.10478648791113,0.20358663540316027,0.562793642282486,0.01684202253818512,0.38501252979040146,-0.03093840181827545,0.19988344609737396,0.0,0.0,11.573613235706503,14.530054550647726,2.7031927356312337,3.314348165822082,96.0,80.0,87.17948717948718,4
165.53135194603388,162.60139109565264,0.2026197578519605,0.5682458281517029,0.011241771280765533,0.39646127074956894,-0.024426952004432678,0.2018790990114212,0.0,0.0,8.196920150355865,10.402875754017568,2.8844516501124104,3.376693085350638,96.0,80.0,87.17948717948718,4
169.72527685426374,167.25642516131674,0.19434437965875187,0.5633374154567719,0.005008861422538757,0.39766954630613327,-0.020548582077026367,0.1987646371126175,0.0,0.0,5.506030792498649,7.325413362196066,2.2921127153503704,2.690889357857216,96.0,80.0,87.17948717948718,4
174.30347358642385,171.02402038755181,0.18670892282578677,0.5623818337917328,0.003183424472808838,0.3926907479763031,-0.015385344624519348,0.19280271232128143,0.0,0.0,3.0002139586052863,5.313955072202784,1.951218071252896,2.5058168338933626,96.0,80.0,87.17948717948718,4
176.72626478542327,172.73276922439808,0.1857310441999856,0.5704203844070435,0.0022701844573020935,0.3922516405582428,-0.011104017496109009,0.18943968415260315,0.0,0.0,1.6989946965432665,3.789167869376346,1.3012192620620198,1.3012192620620198,96.0,80.0,87.17948717948718,4
160.43048474368925,144.37738263072245,0.2273825460252763,0.46946197748184204,0.04584242403507233,0.43063078820705414,-0.009749948978424072,0.23110085725784302,0.0,0.0,17.095752143541475,15.573590214620847,1.3987036259220247,,84.61538461538461,0.0,95.0,5
147.14115019621178,119.79522244126956,0.21816157748929108,0.41690850257873535,0.06703789532184601,0.37682123482227325,-0.013312727212905884,0.2199556529521942,0.0,0.0,29.049185859255658,27.15068267294924,1.4324530338297237,-11.953433715714183,84.61538461538461,0.0,95.0,5
144.44972913640854,116.45255011710483,0.21561108553995437,0.40375036001205444,0.06867325305938721,0.36413508653640747,-0.014700204133987427,0.2170592099428177,0.0,0.0,31.48226081821005,29.587314690046256,1.2811815609166786,-2.4330749589543927,84.61538461538461,0.0,95.0,5
142.45646437833167,114.80409788234611,0.21640695275217184,0.39771974086761475,0.06935030221939087,0.3575085550546646,-0.015409603714942932,0.2160307765007019,0.0,0.0,33.13272929618702,30.966313807736526,1.6504684779769718,-1.6504684779769718,84.61538461538461,0.0,95.0,5
137.4612445040159,109.22280220480607,0.21521011172524293,0.384097695350647,0.07168583571910858,0.34324775636196136,-0.018198013305664062,0.2150951474905014,0.0,0.0,37.32395877066815,35.06312922667682,1.8321568515524689,-4.191229474481126,84.61538461538461,0.0,95.0,5
134.96461690903004,106.56739618665846,0.21446701212596506,0.37672168016433716,0.07443684339523315,0.3357711285352707,-0.019536659121513367,0.21429190039634705,0.0,0.0,39.76127514807495,37.746214202234256,1.3534541769966992,-2.437316377406802,84.61538461538461,0.0,95.0,5
132.2764889598255,101.75395371082585,0.21342867160715126,0.36817777156829834,0.07713630795478821,0.32722339034080505,-0.01965150237083435,0.21323060989379883,0.0,0.0,42.449526836481354,40.36310621857476,1.6157249178168769,-2.688251688406403,84.61538461538461,0.0,95.0,5
130.5210491126661,99.98435695171939,0.2129460587233018,0.3625807762145996,0.07817308604717255,0.32226479053497314,-0.019564583897590637,0.2128390222787857,0.0,0.0,44.18383173895981,41.807108910545146,1.7343049024784563,-1.7343049024784563,84.61538461538461,0.0,95.0,5
129.08298496548034,97.8786735242708,0.21196026575482874,0.3567380905151367,0.0789852887392044,0.3171479403972626,-0.019596517086029053,0.2122066468000412,0.0,0.0,45.545673739021424,43.25320855828176,1.361842000061614,-1.361842000061614,84.61538461538461,0.0,95.0,5
126.41552243133759,95.89596923839233,0.21163627251525655,0.3485502004623413,0.07948577404022217,0.31083591282367706,-0.019832715392112732,0.2115650475025177,0.0,0.0,48.102202601198435,45.07030872891525,2.556528862177011,-2.556528862177011,84.61538461538461,0.0,95.0,5
124.45541562681456,93.27221828337186,0.2124925399407685,0.3433681130409241,0.0799131691455841,0.3052024394273758,-0.02025492489337921,0.2112891674041748,0.0,0.0,49.789799388187824,46.90537686684188,1.6875967869893884,-1.6875967869893884,84.61538461538461,0.0,95.0,5
121.37146932400296,88.02294579285059,0.21416122301258672,0.3367260694503784,0.08049038797616959,0.29737064242362976,-0.021751731634140015,0.21171113848686218,0.0,0.0,52.38287554267418,50.05575674564699,2.4347260921466614,-2.5930761544863543,84.61538461538461,0.0,95.0,5
119.04874061444971,84.81726515672825,0.21405795979522912,0.33073270320892334,0.08092481642961502,0.29409338533878326,-0.022587433457374573,0.21223339438438416,0.0,0.0,54.63171630802239,51.68813517235298,2.2488407653482128,-2.2488407653482128,84.61538461538461,0.0,95.0,5
122.16415008809435,89.53867664240109,0.21011132430238982,0.3400312066078186,0.08314983546733856,0.2906778007745743,-0.024731799960136414,0.20803824067115784,0.0,0.0,50.93177870280668,52.5615345509518,1.3801417233977702,3.699937605215709,84.61538461538461,0.0,95.0,5
123.98533299568419,92.86395165422712,0.21019598311494606,0.3458249568939209,0.08269526064395905,0.29435521364212036,-0.025070354342460632,0.2083372175693512,0.0,0.0,49.041195090384434,51.4376865951883,1.8905836124222475,1.8905836124222475,84.61538461538461,0.0,95.0,5
125.88278744402066,95.06934964164022,0.21070886528537028,0.3529048562049866,0.08218511193990707,0.2996576279401779,-0.025398671627044678,0.20868387818336487,0.0,0.0,47.05485158261567,49.83493645050281,1.9863435077687654,1.9863435077687654,84.61538461538461,0.0,95.0,5
127.56805470838921,97.45110709544396,0.21071917661522457,0.35804563760757446,0.0815492495894432,0.30518656969070435,-0.025612294673919678,0.20886924862861633,0.0,0.0,45.40848694822482,48.1090780810079,1.6463646343908493,1.6463646343908493,84.61538461538461,0.0,95.0,5
129.3640184800256,98.69637489539227,0.2110383956123345,0.3633071184158325,0.08072540163993835,0.31098392605781555,-0.02569735050201416,0.209092378616333,0.0,0.0,43.66933926919028,46.293468222603806,1.739147679034538,1.739147679034538,84.61538461538461,0.0,95.0,5
131.96327497630887,102.73824176404662,0.21105113092525235,0.37256115674972534,0.07989832758903503,0.3174406439065933,-0.02556362748146057,0.20932386815547943,0.0,0.0,41.23791038953588,44.342647047391665,2.431428879654405,2.431428879654405,84.61538461538461,0.0,95.0,5
134.20550609743447,107.1884538981915,0.2109948561864807,0.3776814341545105,0.07885872572660446,0.3233988583087921,-0.025016605854034424,0.20946069061756134,0.0,0.0,39.34008485794993,42.41395536622523,1.8978255315859442,1.8978255315859442,84.61538461538461,0.0,95.0,5
136.27590667560932,109.73687078286224,0.21336324856914654,0.38499915599823,0.07779189944267273,0.3304232656955719,-0.024396345019340515,0.21019841730594635,0.0,0.0,37.45880230496896,40.42653420541126,1.88128255298097,1.88128255298097,84.61538461538461,0.0,95.0,5
138.27746307743823,111.87502750510976,0.21400452612450993,0.390880286693573,0.07659420371055603,0.3376045376062393,-0.023647353053092957,0.2110302746295929,0.0,0.0,35.66017896277811,38.42424412880822,1.7986233421908508,1.7986233421908508,84.61538461538461,0.0,95.0,5
140.58844210027272,115.02948514939114,0.21535791858597345,0.3994305729866028,0.0752696692943573,0.3448668271303177,-0.022800222039222717,0.21220660209655762,0.0,0.0,33.65617273211685,36.528809714453466,2.004006230661261,2.004006230661261,84.61538461538461,0.0,95.0,5
143.5634452578603,117.61341403526222,0.2166337780624821,0.40753430128097534,0.07393035292625427,0.3528551459312439,-0.021632075309753418,0.21374095976352692,0.0,0.0,31.392743946957225,34.541974486705286,2.2634287851596255,2.2634287851596255,84.61538461538461,0.0,95.0,5
145.94170375124523,120.10962574086697,0.2173182322702303,0.4152069687843323,0.07221752405166626,0.3604356050491333,-0.020312994718551636,0.2148614376783371,0.0,0.0,29.3049264983226,32.5035055350437,2.087817448634624,2.087817448634624,84.61538461538461,0.0,95.0,5
147.43796000311377,121.94057646469258,0.21864733107244233,0.42331045866012573,0.07065393030643463,0.368369460105896,-0.019075587391853333,0.2161429226398468,0.0,0.0,27.931470844683453,30.571328505520036,1.373455653639148,1.373455653639148,84.61538461538461,0.0,95.0,5
151.71357454389894,127.2525048515785,0.22008238825555895,0.4413433074951172,0.06731373071670532,0.38802292943000793,-0.01609542965888977,0.21898943185806274,0.0,0.0,24.474042395164375,26.287318524726132,1.318203201787199,3.457428449519078,84.61538461538461,0.0,95.0,5
155.26581230875595,131.64912330091727,0.21967870390198638,0.45170116424560547,0.06392219662666321,0.39743266999721527,-0.014281511306762695,0.21963578462600708,0.0,0.0,21.44455540093891,23.76740559518965,1.9142235867648338,3.029486994225465,84.61538461538461,0.0,95.0,5
157.27724308273503,134.41196934347897,0.2201952146805231,0.45749688148498535,0.06118138134479523,0.4021560698747635,-0.013314962387084961,0.21966210007667542,0.0,0.0,19.690386927097535,22.24194092772614,1.754168473841375,1.754168473841375,84.61538461538461,0.0,95.0,5
166.28401181025555,150.22416972780903,0.22457063730590152,0.4900915026664734,0.03769715130329132,0.43450796604156494,-0.010507002472877502,0.22210349142551422,0.0,0.0,11.096438401452573,12.789400495352798,1.30315874111038,8.593948525644961,84.61538461538461,0.0,95.0,5
167.71008917759684,152.16048546058866,0.22614322472148318,0.4948192238807678,0.03385533392429352,0.4382040798664093,-0.010368332266807556,0.2239823192358017,0.0,0.0,9.79073160171842,11.670610278570788,1.3057067997341534,1.3057067997341534,84.61538461538461,0.0,95.0,5
168.94547549123664,154.92612936128285,0.22826471827007735,0.4970490336418152,0.029480576515197754,0.44150035083293915,-0.01029631495475769,0.2253691405057907,0.0,0.0,8.461416809316503,10.437045988762613,1.3293147924019166,1.3293147924019166,84.61538461538461,0.0,95.0,5
169.58189353500245,166.48000551361818,0.23267536230420385,0.49359774589538574,0.01259128749370575,0.4531106650829315,-0.009914770722389221,0.23181895911693573,0.0,0.0,7.202602220538182,5.802224126862139,1.277740556019765,,89.47368421052632,0.0,85.0,6
166.1493057711669,164.49026552430126,0.23280693957013573,0.49053794145584106,0.014109879732131958,0.4535152167081833,-0.012615025043487549,0.2318773716688156,0.0,0.0,9.098981268460548,6.872774693319805,1.8963790479223661,-1.8963790479223661,89.47368421052632,0.0,85.0,6
161.89792338699223,162.43371566524846,0.23285479911805088,0.4855040907859802,0.015523284673690796,0.45230017602443695,-0.017147451639175415,0.23180332779884338,0.0,0.0,11.518949023893953,8.436348544352775,2.4199677554334045,-2.4199677554334045,89.47368421052632,0.0,85.0,6
158.14402775490004,159.39732451485767,0.23246595945646853,0.47834062576293945,0.01702900230884552,0.4490562528371811,-0.022855758666992188,0.2314583957195282,0.0,0.0,13.846498599821246,10.416757778178482,2.327549575927293,-2.327549575927293,89.47368421052632,0.0,85.0,6
154.90545060121894,156.61790709810433,0.22710105982618553,0.46764880418777466,0.018434345722198486,0.4429759383201599,-0.028887584805488586,0.22939042747020721,0.0,0.0,15.672311362807818,12.534185063745891,1.8258127629865726,-1.8258127629865726,89.47368421052632,0.0,85.0,6
151.57579737400712,153.38964977188456,0.22101880840450597,0.4558361768722534,0.019919633865356445,0.43438199162483215,-0.03448761999607086,0.22565177083015442,0.0,0.0,17.55277823985992,14.647634306595734,1.8804668770521005,-1.8804668770521005,89.47368421052632,0.0,85.0,6
148.61335165009322,154.20520001027407,0.21264801598875177,0.4408564567565918,0.021357715129852295,0.4235999286174774,-0.039101168513298035,0.21977180242538452,0.0,0.0,19.12821608100171,16.549951070872673,1.5754378411417918,-1.5754378411417918,89.47368421052632,0.0,85.0,6
139.48754732706303,147.5169542238264,0.18943391128869586,0.3925613760948181,0.023150667548179626,0.376805916428566,-0.05082504451274872,0.18888911604881287,0.0,0.0,23.65158356994702,21.520015503803624,1.9786394466972297,-4.523367488945311,89.47368421052632,0.0,85.0,6
136.10684734320338,144.9882126923086,0.18368092528867722,0.3777937889099121,0.02317972481250763,0.36489492654800415,-0.05350388586521149,0.1828521490097046,0.0,0.0,25.488553694325148,22.898971577001163,1.8369701243781265,-1.8369701243781265,89.47368421052632,0.0,85.0,6
129.15123083082585,135.71180461934608,0.170704365827299,0.33151429891586304,0.020195752382278442,0.31677934527397156,-0.06108750402927399,0.16162945330142975,0.0,0.0,29.35167182741646,27.702710532416212,1.3316675768279467,-3.8631181330913122,89.47368421052632,0.0,85.0,6
126.19429259910504,133.5135132033855,0.16852414518192066,0.3203822374343872,0.01888422667980194,0.3060603439807892,-0.062304407358169556,0.1587008237838745,0.0,0.0,31.457719630717044,28.93803473122498,2.1060478033005836,-2.1060478033005836,89.47368421052632,0.0,85.0,6
123.67622552915824,130.95976171529742,0.16302273861530375,0.313917338848114,0.019320517778396606,0.295844703912735,-0.06305679678916931,0.15587151050567627,0.0,0.0,33.30538700384847,30.533695678142625,1.8476673731314293,-1.8476673731314293,89.47368421052632,0.0,85.0,6
121.47985431462479,128.33809903951112,0.15910662138150852,0.30489295721054077,0.0209132581949234,0.28640833497047424,-0.06344003975391388,0.15266914665699005,0.0,0.0,35.04491259222419,32.289922763551544,1.7395255883757201,-1.7395255883757201,89.47368421052632,0.0,85.0,6
119.64741839026246,126.4987967261509,0.15978815138967983,0.30009210109710693,0.023344382643699646,0.2774951606988907,-0.0635206401348114,0.14968594908714294,0.0,0.0,37.17970582015643,34.246931261736535,2.134793227932235,-2.134793227932235,89.47368421052632,0.0,85.0,6
117.31686572979291,125.46588024593589,0.158897830991424,0.2958717346191406,0.02681174874305725,0.27009640634059906,-0.06312787532806396,0.1472410410642624,0.0,0.0,39.518233862006284,36.26205981955884,2.3385280418498553,-2.3385280418498553,89.47368421052632,0.0,85.0,6
114.35614987693896,123.87094939668363,0.15655537987529652,0.28834211826324463,0.029376402497291565,0.2620912492275238,-0.06289750337600708,0.14557954668998718,0.0,0.0,41.98475590062157,38.43190204375212,2.466522038615288,-2.466522038615288,89.47368421052632,0.0,85.0,6
111.42351710488273,120.44704810282633,0.15595820325480947,0.27880674600601196,0.03146572411060333,0.2545838952064514,-0.06303338706493378,0.14465902745723724,0.0,0.0,44.379215958286366,40.765477885267664,2.3944600576647943,-2.3944600576647943,89.47368421052632,0.0,85.0,6
108.82309103286033,119.44273832801439,0.15350963453087602,0.2726441025733948,0.03293819725513458,0.24681994318962097,-0.06374473869800568,0.14261704683303833,0.0,0.0,45.82753523162765,42.927435238135466,1.4483192733412835,-1.4483192733412835,89.47368421052632,0.0,85.0,6
97.73126996134448,111.63367029534726,0.15379777744670386,0.25168365240097046,0.03341720998287201,0.22056157886981964,-0.07382537424564362,0.13467951118946075,0.0,0.0,53.06469968138508,51.31333328958425,1.3883472935862429,-7.2371644497574295,89.47368421052632,0.0,85.0,6
100.94016746308824,110.1923617333174,0.15669443714059536,0.2483689785003662,0.029232218861579895,0.21299295127391815,-0.07193596661090851,0.13811884820461273,0.0,0.0,52.19013246976486,53.49575192059092,1.5255444100033344,0.8745672116202172,89.47368421052632,0.0,85.0,6
105.97733780707156,113.55991039174754,0.15867523191707844,0.260672926902771,0.029388561844825745,0.22213135659694672,-0.06890513002872467,0.1417824923992157,0.0,0.0,49.14542725665743,50.74092664426189,1.374971111844765,3.0447052131074344,89.47368421052632,0.0,85.0,6
108.61574641374119,114.99916844823932,0.1590010183820466,0.26793837547302246,0.02979099750518799,0.22627806663513184,-0.067500039935112,0.1430927813053131,0.0,0.0,47.17573844717806,49.48732813861518,1.969688809479365,1.969688809479365,89.47368421052632,0.0,85.0,6
110.62957461091767,116.76192329424778,0.1612925362300115,0.27408379316329956,0.030139803886413574,0.23107211291790009,-0.0661245584487915,0.14486129581928253,0.0,0.0,45.88540461303874,48.18174217134411,1.2903338341393251,1.2903338341393251,89.47368421052632,0.0,85.0,6
112.7171615789346,119.42258312209137,0.16181266980682527,0.2804166078567505,0.030268043279647827,0.2365356683731079,-0.0649137943983078,0.1464412808418274,0.0,0.0,44.2047836566356,46.602838493377455,1.6806209564031391,1.6806209564031391,89.47368421052632,0.0,85.0,6
115.31907398405812,121.31174697126798,0.16369846779020011,0.2877677083015442,0.029975250363349915,0.24260376393795013,-0.06385031342506409,0.14827799797058105,0.0,0.0,42.23692728245161,44.875713499826,1.967856374183988,1.967856374183988,89.47368421052632,0.0,85.0,6
118.16320453781796,124.1597444464044,0.16568990889748403,0.2973939776420593,0.0294695645570755,0.24935388565063477,-0.06289982795715332,0.15049698948860168,0.0,0.0,40.086734833450315,43.10346259639407,2.1501924490012954,2.1501924490012954,89.47368421052632,0.0,85.0,6
120.6437344252231,126.05404926227303,0.1675406303695822,0.30631589889526367,0.02902202308177948,0.25688038766384125,-0.061989545822143555,0.15255986154079437,0.0,0.0,38.138423422351224,41.16671729872219,1.9483114110990911,1.9483114110990911,89.47368421052632,0.0,85.0,6
123.40895872706471,127.6093476253836,0.16818278847766985,0.3176534175872803,0.02867157757282257,0.2653900533914566,-0.060990527272224426,0.15467703342437744,0.0,0.0,35.89699747643262,39.089770753671445,2.241425945918607,2.241425945918607,89.47368421052632,0.0,85.0,6
125.63395869039644,128.50730202091526,0.16831045540978418,0.32206153869628906,0.028342992067337036,0.27321547269821167,-0.059811025857925415,0.15637290477752686,0.0,0.0,34.28876246245878,37.10272954867324,1.6082350139738395,1.6082350139738395,89.47368421052632,0.0,85.0,6
128.79810026062293,130.06405680223548,0.1678479970553944,0.3310948610305786,0.028011947870254517,0.28063438832759857,-0.05826112627983093,0.1575273722410202,0.0,0.0,32.00241133481961,35.081648674015554,2.286351127639165,2.286351127639165,89.47368421052632,0.0,85.0,6
131.59663256352113,131.56924913756842,0.16937556237927645,0.3428152799606323,0.02759876847267151,0.2885131686925888,-0.05656968057155609,0.1586267203092575,0.0,0.0,29.85841248637628,33.01164594002182,2.1439988484433314,2.1439988484433314,89.47368421052632,0.0,85.0,6
134.6813972127848,134.06669590409402,0.17371595393084582,0.3534030318260193,0.02700859308242798,0.297210156917572,-0.05472658574581146,0.16072672605514526,0.0,0.0,27.880061856826458,31.007412035120282,1.9783506295498228,1.9783506295498228,89.47368421052632,0.0,85.0,6
151.0701788488852,142.78760899180125,0.2065782075906178,0.4237101078033447,0.03499963879585266,0.36834651231765747,-0.034481242299079895,0.1950415074825287,0.0,0.0,20.09745672729919,21.85372750702564,1.5130939138493744,7.782605129527269,89.47368421052632,0.0,85.0,6
165.55220217752222,157.62911452186208,0.2252264135103162,0.48337656259536743,0.03133848309516907,0.4342290014028549,-0.017160028219223022,0.22536039352416992,0.0,0.0,11.168021937409762,13.087214460102796,1.7042250553767389,8.929434789889427,89.47368421052632,0.0,85.0,6
167.73508146019927,159.79665123204558,0.22451185036556606,0.4875960946083069,0.029080182313919067,0.43761418759822845,-0.01498463749885559,0.2253459393978119,0.0,0.0,9.238383926929828,11.750430017306122,1.929638010479934,1.929638010479934,89.47368421052632,0.0,85.0,6
169.75494676061126,161.43867717013973,0.22640896303884964,0.4920468330383301,0.026315271854400635,0.4407268315553665,-0.012642636895179749,0.22543936967849731,0.0,0.0,7.843923628610014,10.280644121434026,1.3944602983198138,1.3944602983198138,89.47368421052632,0.0,85.0,6
171.91290840847535,163.64312468997915,0.2260034994748456,0.4930325746536255,0.02267540991306305,0.44355037808418274,-0.01037617027759552,0.22528815269470215,0.0,0.0,6.241229369976622,8.622889715731556,1.6026942586333917,1.6026942586333917,89.47368421052632,0.0,85.0,6
174.87535927766243,167.03239880061582,0.23015157810453568,0.4958372712135315,0.015502244234085083,0.44774769246578217,-0.006878793239593506,0.22788886725902557,0.0,0.0,3.946888705690128,5.80802642858626,1.2531753043781464,2.2943406642864943,89.47368421052632,0.0,85.0,6
167.53105881303944,169.25853089043542,0.18214389446856144,0.5463635325431824,-0.003652229905128479,0.37257644534111023,-0.01645819842815399,0.17976273596286774,0.0,0.0,5.860054950213581,3.7972288776904506,2.3469501697803423,,96.15384615384616,100.0,94.28571428571428,7
158.01128949756819,161.0900451917325,0.1739654425132189,0.5305191576480865,0.004806630313396454,0.358148418366909,-0.02595045417547226,0.17545701563358307,0.0,0.0,12.0720479365864,9.580971003459762,2.708744804936913,-6.21199298637282,96.15384615384616,100.0,94.28571428571428,7
151.48747310175972,156.1884317334885,0.17679261022707277,0.5212919414043427,0.007974699139595032,0.35010765492916107,-0.03122524917125702,0.17289678752422333,0.0,0.0,15.929113615690241,12.491959540380773,3.3257401380932805,-3.8570656791038402,96.15384615384616,100.0,94.28571428571428,7
140.3135011169439,146.99030008377142,0.1747073459749361,0.5049134492874146,0.013261064887046814,0.3330032303929329,-0.04617519676685333,0.16778409481048584,0.0,0.0,22.489132757524743,19.798104122227354,3.3722800008336122,-6.560019141834502,96.15384615384616,100.0,94.28571428571428,7
136.78364790149854,143.39999374228148,0.1725356012458233,0.4944828748703003,0.015064157545566559,0.3249155357480049,-0.05032236874103546,0.16573791205883026,0.0,0.0,25.058364743062185,22.369772622745952,2.2436245093564366,-2.569231985537442,96.15384615384616,100.0,94.28571428571428,7
135.10273983542285,141.19093899491747,0.1677109900775704,0.48494404554367065,0.01730528473854065,0.3122139275074005,-0.05330606549978256,0.16143228113651276,0.0,0.0,26.05987195276363,25.10095385006132,1.4117460035107428,-1.001507209701444,96.15384615384616,100.0,94.28571428571428,7
132.86205499099427,138.72127253388354,0.16671723354783743,0.4748727083206177,0.017291314899921417,0.30419211089611053,-0.054282426834106445,0.15864086151123047,0.0,0.0,27.408180634355077,26.195147284737438,1.8184771538029878,-1.3483086815914476,96.15384615384616,100.0,94.28571428571428,7
127.42218961748296,134.27274584029968,0.1630730136924301,0.46141380071640015,0.017574183642864227,0.2922991067171097,-0.05753009766340256,0.1542140394449234,0.0,0.0,30.95120904414673,28.559820966208356,2.665887321844977,-3.5430284097916527,96.15384615384616,100.0,94.28571428571428,7
122.35946733080885,130.47682217413202,0.16142515097224205,0.44475382566452026,0.019054584205150604,0.2810935974121094,-0.060205526649951935,0.1509355902671814,0.0,0.0,34.73287627411882,31.409477511286184,3.0643732695413917,-3.7816672299720935,96.15384615384616,100.0,94.28571428571428,7
118.04336984795344,126.34090326776929,0.15931459868683098,0.4317430853843689,0.020964279770851135,0.264489009976387,-0.06331051141023636,0.14806465804576874,0.0,0.0,38.1381024382305,35.91718514987752,2.6962084658109404,-3.4052261641116743,96.15384615384616,100.0,94.28571428571428,7
113.2880840562378,121.74154550991511,0.15704861642402146,0.41748881340026855,0.022742055356502533,0.2506676912307739,-0.06482212990522385,0.14459747076034546,0.0,0.0,41.93426409057761,39.567172332412724,2.7587445627353944,-3.7961616523471093,96.15384615384616,100.0,94.28571428571428,7
111.49298556966843,120.19681442980564,0.15593453573015265,0.41424471139907837,0.02327848970890045,0.24606215953826904,-0.06536422669887543,0.1434212625026703,0.0,0.0,43.26132922613846,40.84797902938971,1.3270651355608507,-1.3270651355608507,96.15384615384616,100.0,94.28571428571428,7
107.75991487911165,116.86439199925573,0.15436531734233924,0.40457427501678467,0.023642398416996002,0.23991508781909943,-0.06641795486211777,0.14166094362735748,0.0,0.0,45.898834782230004,42.56748690669707,2.637505556091547,-2.637505556091547,96.15384615384616,100.0,94.28571428571428,7
102.98125591548433,113.45921078979426,0.145095511690927,0.3917306065559387,0.02592400461435318,0.22233805060386658,-0.06894274055957794,0.13293710350990295,0.0,0.0,48.497274938826116,46.70453741105143,1.8730229569727186,-2.598440156596112,96.15384615384616,100.0,94.28571428571428,7
97.54352649789189,108.1878223299176,0.1406879414831186,0.3757069706916809,0.028090007603168488,0.2077111303806305,-0.06943105161190033,0.1246681660413742,0.0,0.0,52.665857382133034,49.61976464955025,4.247719787029048,-4.168582443306917,96.15384615384616,100.0,94.28571428571428,7
96.27411788969084,106.6028555406521,0.1403708976300733,0.372842013835907,0.02866271883249283,0.20298008620738983,-0.06952186673879623,0.12326540052890778,0.0,0.0,53.98045461857351,50.99055956948709,1.314597236440477,-1.314597236440477,96.15384615384616,100.0,94.28571428571428,7
89.49321266042665,100.62245996341501,0.14075572169192335,0.3587746024131775,0.029084980487823486,0.19524186849594116,-0.07005959004163742,0.12213751673698425,0.0,0.0,59.95219535071452,53.75416123663126,5.971740732141008,-5.971740732141008,96.15384615384616,100.0,94.28571428571428,7
85.04143596757501,94.60888182013338,0.14107422862849506,0.34806883335113525,0.030566290020942688,0.17737281322479248,-0.07107031345367432,0.12131345272064209,0.0,0.0,64.88754990173453,61.157595562533885,4.652024105853258,-4.935354551020012,96.15384615384616,100.0,94.28571428571428,7
80.62284763648552,89.66069715315047,0.13911415165288638,0.3361908197402954,0.03223072737455368,0.16707062721252441,-0.07082972675561905,0.12108977138996124,0.0,0.0,68.76277068182762,65.96574922380951,3.5127643575984564,-3.8752207800930876,96.15384615384616,100.0,94.28571428571428,7
75.56498881564335,84.11988015433555,0.13784047075177996,0.3233572244644165,0.03324664384126663,0.15916968882083893,-0.0708874836564064,0.11914677917957306,0.0,0.0,73.55657456437103,69.01824965004536,5.0529275346174245,-4.793803882543415,96.15384615384616,100.0,94.28571428571428,7
70.86552415659753,78.01206255957923,0.13840828505553296,0.3119233250617981,0.03561074286699295,0.14693763852119446,-0.07023720443248749,0.11959262192249298,0.0,0.0,78.85640605132976,75.52522089204527,3.8952087488794547,-5.299831486958723,96.15384615384616,100.0,94.28571428571428,7
69.80817255392316,76.56572550956656,0.13830565418548674,0.30982404947280884,0.03663156181573868,0.1442151963710785,-0.06985257565975189,0.11995364725589752,0.0,0.0,80.16747259486218,77.17794539966806,1.3110665435324194,-1.3110665435324194,96.15384615384616,100.0,94.28571428571428,7
66.82399971079275,72.60112301517925,0.1367915436469569,0.30183184146881104,0.038152918219566345,0.13706327974796295,-0.06886430084705353,0.11906330287456512,0.0,0.0,83.32362313645413,80.45503177515423,3.8509978184833216,-3.1561505415919555,96.15384615384616,100.0,94.28571428571428,7
68.40039718691384,74.10076417989706,0.13412780130287338,0.30255627632141113,0.039135225117206573,0.1349772959947586,-0.06822521984577179,0.11819703876972198,0.0,0.0,81.51826401745362,81.12049626668518,1.8053591190005136,1.8053591190005136,96.15384615384616,100.0,94.28571428571428,7
63.93412630028541,69.85805458398197,0.13395457861423687,0.293728232383728,0.039870381355285645,0.13119898736476898,-0.06755401939153671,0.1173282116651535,0.0,0.0,86.29199666463178,82.65162728412758,4.773732647178164,-4.773732647178164,96.15384615384616,100.0,94.28571428571428,7
59.360338455935604,64.59527976561802,0.13290230444441964,0.28616875410079956,0.04253349453210831,0.12024810910224915,-0.06598085165023804,0.11548718810081482,0.0,0.0,89.06097779436962,87.01560348116755,2.7131124558610793,-2.7689811297378384,96.15384615384616,100.0,94.28571428571428,7
56.15681012905032,61.587919797568304,0.1332251117181832,0.2818225622177124,0.043344102799892426,0.1136506050825119,-0.06565940380096436,0.11621637642383575,0.0,0.0,85.46726150384745,88.53199544211977,4.288828782109931,3.593716290522167,96.15384615384616,100.0,94.28571428571428,7
53.25752220109099,57.846954193419855,0.13126616620099793,0.2772051692008972,0.04340748488903046,0.1049548089504242,-0.06531752645969391,0.11481870710849762,0.0,0.0,83.02699936948827,84.8121511149885,2.343081786082138,2.4402621343591875,96.15384615384616,100.0,94.28571428571428,7
50.041598397540554,55.365001000959616,0.13167268206748506,0.2714653015136719,0.04214457422494888,0.10005687177181244,-0.06513561308383942,0.11426889896392822,0.0,0.0,79.54753187801991,82.44225304999705,2.276867918889735,3.4794674914683554,96.15384615384616,100.0,94.28571428571428,7
50.92841038319179,57.70887020292676,0.1279304339548931,0.27445316314697266,0.040497347712516785,0.09483213722705841,-0.06559068709611893,0.11265021562576294,0.0,0.0,81.83422592077953,80.46886465636655,1.5767529724321747,-2.2866940427596205,96.15384615384616,100.0,94.28571428571428,7
58.15829837559497,63.12549610328578,0.13098545314478827,0.28828656673431396,0.04050660878419876,0.10079434514045715,-0.06672574579715729,0.11230415105819702,0.0,0.0,88.29616949658485,83.86878992110056,5.7747238031106605,-6.461943575805321,96.15384615384616,100.0,94.28571428571428,7
65.28875464648104,70.33833503668401,0.1299245070915773,0.3000861406326294,0.043531544506549835,0.11588442325592041,-0.0653715580701828,0.11272744834423065,0.0,0.0,84.66703633274643,87.4986588169285,3.462174561165341,3.629133163838418,96.15384615384616,100.0,94.28571428571428,7
67.82459939107963,72.9854571583566,0.13216959170616133,0.30363357067108154,0.04407081753015518,0.1206216961145401,-0.0651349276304245,0.11320368945598602,0.0,0.0,82.80702728700268,86.12637326453296,1.8600090457437517,1.8600090457437517,96.15384615384616,100.0,94.28571428571428,7
72.1022503716805,76.81047762263292,0.13079106224117998,0.3110237717628479,0.044377438724040985,0.12605597078800201,-0.0649556815624237,0.11350096762180328,0.0,0.0,78.29704478509126,83.47507982468804,4.5099825019114235,4.5099825019114235,96.15384615384616,100.0,94.28571428571428,7
80.38554144487551,83.18430440236348,0.1327542411301603,0.32568180561065674,0.04465983062982559,0.1428716629743576,-0.06391523033380508,0.11512459814548492,0.0,0.0,70.92786474068066,75.6976519972055,5.587614048715082,7.369180044410598,96.15384615384616,100.0,94.28571428571428,7
83.24643195654676,85.71315666962771,0.1361387097092021,0.3310987949371338,0.04479508101940155,0.14930590987205505,-0.0635932981967926,0.11682389676570892,0.0,0.0,69.03747395927313,73.38275929075095,1.8903907814075325,1.8903907814075325,96.15384615384616,100.0,94.28571428571428,7
82.70005144342963,84.12325112396769,0.13918287507914842,0.3288281559944153,0.0451323464512825,0.15508441627025604,-0.06326626986265182,0.11930344998836517,0.0,0.0,70.62603253868363,71.7767125070083,1.5885585794105026,-1.5885585794105026,96.15384615384616,100.0,94.28571428571428,7
86.40043351691872,86.87925254265379,0.14448229971873136,0.33682286739349365,0.04537037014961243,0.1630735993385315,-0.06292831152677536,0.1229403167963028,0.0,0.0,68.1040452263116,69.67385411623725,2.5219873123720333,2.5219873123720333,96.15384615384616,100.0,94.28571428571428,7
90.91953566504105,90.89144471522494,0.14901677174706598,0.3501303791999817,0.04548506438732147,0.17462041974067688,-0.06202191859483719,0.13064037263393402,0.0,0.0,64.69716877962244,67.76952788360748,2.953696210189804,3.4068764466891537,96.15384615384616,100.0,94.28571428571428,7
94.79572652794445,94.51202017688809,0.15482940704562026,0.36246567964553833,0.04426613450050354,0.1897997260093689,-0.06129832565784454,0.13851013779640198,0.0,0.0,62.00573798706137,64.09522973466518,3.3207296754030935,2.6914307925610714,96.15384615384616,100.0,94.28571428571428,7
98.28110002121326,99.27729202612562,0.15692375664320374,0.3748621344566345,0.0425870418548584,0.19987179338932037,-0.06118117272853851,0.14268940687179565,0.0,0.0,58.63131122153295,61.1552225537733,3.507965238143207,3.374426765528426,96.15384615384616,100.0,94.28571428571428,7
101.82643846155077,103.89928245104073,0.16175854326944666,0.38829106092453003,0.0393187552690506,0.2113296389579773,-0.061878763139247894,0.14657698571681976,0.0,0.0,55.394452816948366,57.392978998446765,2.7374037731158793,3.2368584045845807,96.15384615384616,100.0,94.28571428571428,7
106.18996809443806,108.86758700748072,0.16412884282425075,0.40098124742507935,0.036752209067344666,0.21934615075588226,-0.062484532594680786,0.14914436638355255,0.0,0.0,51.31401110184247,54.76200629858949,2.8936935836604007,4.0804417151058985,96.15384615384616,100.0,94.28571428571428,7
107.80235920171953,110.4286949656791,0.16382835004820026,0.4064958691596985,0.035272806882858276,0.22510318458080292,-0.06272968649864197,0.15019401907920837,0.0,0.0,49.65077864352197,52.64173681195392,1.6632324583205005,1.6632324583205005,96.15384615384616,100.0,94.28571428571428,7
111.7538535137096,114.28656187728564,0.16495948577496045,0.4194895029067993,0.033141568303108215,0.2342688888311386,-0.06246940791606903,0.15180175006389618,0.0,0.0,46.28531799514618,49.24889571021508,3.460157105203521,3.3654606483757874,96.15384615384616,100.0,94.28571428571428,7
117.40540554903981,118.57883923332375,0.16615167291485242,0.4370386600494385,0.03166943043470383,0.24795229732990265,-0.060786738991737366,0.15365518629550934,0.0,0.0,41.758506131912625,44.465777942012785,2.68293372475285,4.526811863233554,96.15384615384616,100.0,94.28571428571428,7
119.10346493528965,119.60238426550889,0.16722000170332663,0.4423237442970276,0.0315377339720726,0.2528982013463974,-0.05999743193387985,0.15456794202327728,0.0,0.0,40.40698810886137,42.99619547044158,1.3515180230512556,1.3515180230512556,96.15384615384616,100.0,94.28571428571428,7
123.6333336882225,123.70645902664816,0.16913252530555292,0.45430439710617065,0.03119131177663803,0.2601323127746582,-0.05866069346666336,0.15614356100559235,0.0,0.0,37.038277801667,40.91130297477662,3.3687103071943696,3.3687103071943696,96.15384615384616,100.0,94.28571428571428,7
131.59534704076245,129.73059752706342,0.17072628389529984,0.47102099657058716,0.030106857419013977,0.28100164234638214,-0.05353979766368866,0.16155147552490234,0.0,0.0,31.381615440813654,35.0494909974679,4.432977646777616,5.656662360853346,96.15384615384616,100.0,94.28571428571428,7
133.5375383302301,131.5015569612056,0.1711453745386614,0.47372984886169434,0.029588140547275543,0.2866702675819397,-0.051630839705467224,0.16269542276859283,0.0,0.0,30.05459142045445,33.30356940216476,1.3270240203592039,1.3270240203592039,96.15384615384616,100.0,94.28571428571428,7
138.9143257149895,136.03564779790574,0.170367247351809,0.49025958776474,0.028479769825935364,0.29862986505031586,-0.04720354825258255,0.16331787407398224,0.0,0.0,26.183861445211868,29.26316285330862,3.2487216615426533,3.8707299752425826,96.15384615384616,100.0,94.28571428571428,7
143.75653034706463,140.8962685775158,0.17709159639853264,0.5114656686782837,0.026772744953632355,0.3110044151544571,-0.043853387236595154,0.16604231297969818,0.0,0.0,22.56771909002248,26.068289476911975,3.5212751756365535,3.616142355189389,96.15384615384616,100.0,94.28571428571428,7
149.1672880147942,145.06401725836696,0.1904429564704183,0.5276263654232025,0.02321760356426239,0.3334062695503235,-0.039673127233982086,0.1805678755044937,0.0,0.0,19.962638804306664,22.407579009208728,3.399989450074429,2.6050802857158146,96.15384615384616,100.0,94.28571428571428,7
153.511432034556,150.14943512922642,0.19815652250112778,0.5443440675735474,0.01958024501800537,0.3524302989244461,-0.035896025598049164,0.1911402940750122,0.0,0.0,16.543110336080474,19.033585092168874,3.22657920837905,3.41952846822619,96.15384615384616,100.0,94.28571428571428,7
159.6128820614359,155.61188650004357,0.20185683794132073,0.5639100074768066,0.016202591359615326,0.3706115558743477,-0.03324089199304581,0.19668623805046082,0.0,0.0,12.205049002602408,16.03716309696124,3.4257545021001476,4.338061333478066,96.15384615384616,100.0,94.28571428571428,7
163.15921394184528,160.79242757741747,0.2021289096176306,0.562168151140213,0.010886035859584808,0.39184948801994324,-0.02786169946193695,0.2011970728635788,0.0,0.0,9.762313980114456,11.48667181401132,2.3618038218060065,2.442735022487952,96.15384615384616,100.0,94.28571428571428,7
166.35813649241473,164.57081925239552,0.20095325549964652,0.563659280538559,0.006090626120567322,0.39183639734983444,-0.023453138768672943,0.2001303881406784,0.0,0.0,7.5916571230669945,8.76282102467609,1.255548908581119,2.1706568570474616,96.15384615384616,100.0,94.28571428571428,7
168.0690218400396,166.33356341444104,0.19738098868474235,0.5629241466522217,0.004496783018112183,0.39198821783065796,-0.022148825228214264,0.1990823894739151,0.0,0.0,6.205603212365546,7.873643332738862,1.386053910701449,1.386053910701449,96.15384615384616,100.0,94.28571428571428,7
171.42430116992585,168.94174094995432,0.19392316566316128,0.566564291715622,0.0019077733159065247,0.3930138647556305,-0.018991924822330475,0.19635169208049774,0.0,0.0,4.164008828957009,6.078587689571975,2.1890727649413435,2.041594383408537,96.15384615384616,100.0,94.28571428571428,7
178.56850497227254,173.69124666515066,0.18746421866413682,0.568909227848053,-0.0003819465637207031,0.3933114781975746,-0.013009019196033478,0.19210761785507202,0.0,0.0,0.2704807890736589,3.625732953147775,3.4448798115884216,3.89352803988335,96.15384615384616,100.0,94.28571428571428,7
177.60208059109522,179.12893810425837,0.22584757995884724,0.480925977230072,,,,,0.0,0.0,-0.8961964328736087,,4.6050777042272415,,94.11764705882352,100.0,72.5,8
168.56725287600239,167.45814076835936,0.23332197693068965,0.4822559356689453,0.007741272449493408,0.450229287147522,-0.014133825898170471,0.23235085606575012,0.0,0.0,7.4728791907272125,5.754453923130821,1.3146594766964341,-8.369075623600821,94.11764705882352,100.0,72.5,8
166.72310611148876,165.56763352786396,0.23290870422538382,0.4793136715888977,0.010535627603530884,0.4470819681882858,-0.015437915921211243,0.23238056898117065,0.0,0.0,8.804273993337205,6.917932075816996,1.3313948026099922,-1.3313948026099922,94.11764705882352,100.0,72.5,8
163.82802304938207,162.15588971771123,0.2301081418855686,0.4746110439300537,0.015786558389663696,0.4425100237131119,-0.018502265214920044,0.23137056827545166,0.0,0.0,10.935356974500593,9.222455497334938,1.2580451437258517,-2.131082981163388,94.11764705882352,100.0,72.5,8
162.0680454899587,160.5276070027789,0.23013087558608597,0.46805286407470703,0.01833084225654602,0.4405214637517929,-0.020232275128364563,0.23042316734790802,0.0,0.0,12.187870274772067,10.401203268346151,1.252513300271474,-1.252513300271474,94.11764705882352,100.0,72.5,8
159.76978276374808,158.72897644856002,0.22847513451599502,0.46115291118621826,0.020732104778289795,0.4374849647283554,-0.022132888436317444,0.22912773489952087,0.0,0.0,13.755158426102014,11.638924376537354,1.5672881513299473,-1.5672881513299473,94.11764705882352,100.0,72.5,8
156.37649507543506,155.9151588932911,0.22668053018594864,0.45317554473876953,0.024692729115486145,0.4292905926704407,-0.02649010717868805,0.22680051624774933,0.0,0.0,16.10144044809823,14.202097361958153,1.3375201492379318,-2.346282021996217,94.11764705882352,100.0,72.5,8
151.46313648763467,151.33743540020254,0.22208092604792737,0.43920671939849854,0.031212106347084045,0.4178534895181656,-0.03158171474933624,0.2226056456565857,0.0,0.0,19.800640152614832,17.842604778073415,1.5139970005147205,-3.6991997045166016,94.11764705882352,100.0,72.5,8
149.23321330939874,147.9091932184693,0.22077934377144728,0.4317767024040222,0.03291909396648407,0.4121693968772888,-0.0333000123500824,0.22085651755332947,0.0,0.0,21.238268080516278,19.126811686177927,1.4376279279014454,-1.4376279279014454,94.11764705882352,100.0,72.5,8
146.13757156192617,144.45346909542747,0.21844837944362686,0.4210563898086548,0.03517824411392212,0.39709052443504333,-0.036647483706474304,0.21713772416114807,0.0,0.0,23.73105335288524,21.79639047776259,1.315453027851234,-2.4927852723689625,94.11764705882352,100.0,72.5,8
144.3763743553335,141.97542131898044,0.2186629344825671,0.41454702615737915,0.03621867299079895,0.39009442925453186,-0.03808169066905975,0.21602952480316162,0.0,0.0,25.22498271975114,23.152476119546666,1.493929366865899,-1.493929366865899,94.11764705882352,100.0,72.5,8
133.56546151695719,130.35539339726316,0.20504569662779132,0.3788182735443115,0.04206936061382294,0.35258856415748596,-0.04665099084377289,0.20196884870529175,0.0,0.0,32.194263476378985,30.5042230367568,1.348639865463582,-6.969280756627846,94.11764705882352,100.0,72.5,8
130.37195598446934,126.79566786200992,0.20379949083264895,0.36763060092926025,0.04202313721179962,0.3467423766851425,-0.049271076917648315,0.19981661438941956,0.0,0.0,34.35364288045378,31.874076807207288,2.159379404074798,-2.159379404074798,94.11764705882352,100.0,72.5,8
127.7411903658361,124.71677202912456,0.20112947118779884,0.3576938509941101,0.04198959469795227,0.34010808169841766,-0.051870644092559814,0.1974383443593979,0.0,0.0,36.152562387687816,33.38652308885899,1.7989195072340323,-1.7989195072340323,94.11764705882352,100.0,72.5,8
121.8519808700363,121.80891657069114,0.1967825580807037,0.33343368768692017,0.03878633677959442,0.3168080151081085,-0.05920317769050598,0.18989060819149017,0.0,0.0,39.72469394550339,37.700357033121385,1.6701532288931134,-3.572131557815574,94.11764705882352,100.0,72.5,8
119.3592791309826,119.7646924056227,0.19478756238564937,0.32576507329940796,0.03767728805541992,0.30974578857421875,-0.06123366951942444,0.18758223950862885,0.0,0.0,41.48430405030943,39.03329244877679,1.7596101048060433,-1.7596101048060433,94.11764705882352,100.0,72.5,8
117.04112171078475,118.12770704295278,0.19118643349235506,0.3177121877670288,0.03730297088623047,0.30194157361984253,-0.06286823749542236,0.1848829686641693,0.0,0.0,43.14387284812638,40.601852890137366,1.659568797816945,-1.659568797816945,94.11764705882352,100.0,72.5,8
114.67196563048043,116.08138744623989,0.18540048848347335,0.3086835741996765,0.03719359636306763,0.29236970841884613,-0.06392692029476166,0.18106916546821594,0.0,0.0,44.874073652611735,42.306736124137736,1.7302008044853565,-1.7302008044853565,94.11764705882352,100.0,72.5,8
108.04014058819291,111.52296432836316,0.17799566673488015,0.28875547647476196,0.035868048667907715,0.26647503674030304,-0.06768788397312164,0.16828776895999908,0.0,0.0,48.81242322353763,46.545316321069,2.1024987437275016,-3.9383495709258938,94.11764705882352,100.0,72.5,8
105.6678920702129,109.04003480190643,0.17557758296811007,0.2810481786727905,0.03525952994823456,0.2594178318977356,-0.06925982236862183,0.16499680280685425,0.0,0.0,50.45244087898843,47.93990812766317,1.640017655450805,-1.640017655450805,94.11764705882352,100.0,72.5,8
102.32293937300341,106.65535989614652,0.1705120667576438,0.26856935024261475,0.03493101894855499,0.24656471610069275,-0.07177521288394928,0.15879680216312408,0.0,0.0,52.32920515106651,50.56869426180513,1.6484973574385648,-1.876764272078077,94.11764705882352,100.0,72.5,8
98.4440299049183,104.04079115466912,0.16837895690903382,0.2579050064086914,0.035233527421951294,0.23967145383358002,-0.07295545935630798,0.15560682117938995,0.0,0.0,55.22296038438112,52.17132855201601,2.8937552333146073,-2.8937552333146073,94.11764705882352,100.0,72.5,8
95.17046824710229,100.32046616234197,0.16726054501096982,0.24929791688919067,0.03553827106952667,0.2324579358100891,-0.0741032063961029,0.15276136994361877,0.0,0.0,57.93209667731459,54.04124250159754,2.709136292933472,-2.709136292933472,94.11764705882352,100.0,72.5,8
91.89330981648499,97.32794716451964,0.16385681145853673,0.23892194032669067,0.03589540719985962,0.223397359251976,-0.0748768299818039,0.14981381595134735,0.0,0.0,60.41349753360251,56.47443993659118,2.4814008562879195,-2.4814008562879195,94.11764705882352,100.0,72.5,8
89.06007631678636,94.37351875824415,0.16390027308322289,0.23236745595932007,0.03574351966381073,0.21442227065563202,-0.07589498162269592,0.14745207130908966,0.0,0.0,62.89062277843719,59.11479434343386,2.4771252448346814,-2.4771252448346814,94.11764705882352,100.0,72.5,8
86.00213911946514,90.9606387617881,0.16461387037521652,0.22653019428253174,0.035547658801078796,0.20641198754310608,-0.07663345336914062,0.14601339399814606,0.0,0.0,65.85460046258723,61.77270436298538,2.963977684150038,-2.963977684150038,94.11764705882352,100.0,72.5,8
81.25169648013986,84.3374978035153,0.16171915264278613,0.21650993824005127,0.0357234925031662,0.19729501008987427,-0.07689785957336426,0.1443118453025818,0.0,0.0,70.42565486232299,64.89609390923748,4.571054399735758,-4.571054399735758,94.11764705882352,100.0,72.5,8
77.92157822313658,77.1972123656102,0.16254676803632848,0.21035069227218628,0.03607918322086334,0.1892494112253189,-0.07717636227607727,0.14379248023033142,0.0,0.0,73.69720122443584,68.2170198319458,3.2715463621128578,-3.2715463621128578,94.11764705882352,100.0,72.5,8
76.54302340747455,78.34104382210718,0.16136051269490298,0.2081589698791504,0.03728523850440979,0.18196117877960205,-0.0770096480846405,0.14316155016422272,0.0,0.0,75.19526609539754,71.2931806611859,1.4980648709616986,-1.4980648709616986,94.11764705882352,100.0,72.5,8
74.88410476480914,74.49999161974652,0.15858473285137187,0.20398670434951782,0.03906175494194031,0.17474526166915894,-0.07628032565116882,0.1418422907590866,0.0,0.0,77.00273787740434,74.08021501489019,1.8074717820068003,-1.8074717820068003,94.11764705882352,100.0,72.5,8
72.99603840908833,72.77151676823186,0.15426109439705715,0.20259130001068115,0.04224754869937897,0.1692522019147873,-0.07556028664112091,0.1401117742061615,0.0,0.0,78.40322659621613,76.07460794836346,1.4004887188117863,-1.4004887188117863,94.11764705882352,100.0,72.5,8
69.71473262652307,72.58771003727487,0.16217963133820362,0.20352792739868164,0.04750239849090576,0.16459254920482635,-0.07360164821147919,0.14100106060504913,0.0,0.0,84.93796963700635,78.88480005150609,6.534743040790218,-6.534743040790218,94.11764705882352,100.0,72.5,8
68.5392234764347,72.42535497480675,0.16047958565425707,0.20241832733154297,0.053107455372810364,0.15973298251628876,-0.07140403985977173,0.1418548822402954,0.0,0.0,86.5426420093938,81.72164403000517,1.604672372387455,-1.604672372387455,94.11764705882352,100.0,72.5,8
65.54064093528262,63.10617264524584,0.16196112324581313,0.19686388969421387,0.05842652916908264,0.1544322967529297,-0.06844869256019592,0.14419759809970856,0.0,0.0,88.39574560978016,84.56989596309911,1.853103600386362,-1.853103600386362,94.11764705882352,100.0,72.5,8
58.15063836093928,45.134869765431844,0.15780283714414056,0.18017131090164185,0.05991004407405853,0.1458999067544937,-0.06500338017940521,0.14681938290596008,0.0,0.0,80.52316317716418,85.09988010833612,7.872582432615985,7.872582432615985,94.11764705882352,100.0,72.5,8
56.22502588034754,47.573538433375816,0.15813634812453292,0.17581504583358765,0.05874069035053253,0.1372229903936386,-0.0625736266374588,0.14678524434566498,0.0,0.0,78.40952187821634,83.46776816863863,2.11364129894784,2.11364129894784,94.11764705882352,100.0,72.5,8
52.711369444247744,48.366138636028325,0.14832124385280515,0.16858166456222534,0.05608239769935608,0.1259186714887619,-0.059420064091682434,0.14483684301376343,0.0,0.0,74.47714580630516,80.45139411786646,3.932376071911179,3.932376071911179,94.11764705882352,100.0,72.5,8
46.167884145459176,36.81192544023509,0.14932323241738743,0.15359121561050415,0.053050458431243896,0.11331140995025635,-0.057332947850227356,0.1422753632068634,0.0,0.0,67.59796388413541,75.25194868645528,6.879181922169749,6.879181922169749,94.11764705882352,100.0,72.5,8
54.753642923041376,31.367617593354456,0.13905416651193744,0.15840429067611694,0.05230709910392761,0.10139535367488861,-0.040670245885849,0.13770219683647156,0.0,0.0,64.87820664538103,68.35024770493557,1.5694678385396656,2.719757238754383,94.11764705882352,100.0,72.5,8
50.98580027751212,22.78324674125083,0.12962926429968852,0.1561231017112732,0.05246374011039734,0.09589841961860657,-0.031348735094070435,0.13536876440048218,0.0,0.0,58.839658937747956,64.44087598779628,6.038547707633072,6.038547707633072,94.11764705882352,100.0,72.5,8
52.50309891424715,22.222473160976705,0.10403145138773985,0.1593579649925232,0.04970674216747284,0.09009110927581787,-0.02270229160785675,0.1261429488658905,0.0,0.0,63.57136078695616,63.43422521350146,4.731701849208207,-4.731701849208207,94.11764705882352,100.0,72.5,8
49.92653141176467,20.34102431825426,0.11328723083741796,0.16106611490249634,0.04720774292945862,0.08343763649463654,-0.021013572812080383,0.11963596940040588,0.0,0.0,61.085618796744555,62.09371129170742,2.485741990211608,2.485741990211608,94.11764705882352,100.0,72.5,8
60.60958280782887,24.711425670628017,0.13845635076456908,0.18728762865066528,0.05697597563266754,0.08536429703235626,-0.0241117924451828,0.12246301770210266,0.0,0.0,71.28726227133028,65.19296170299523,10.201643474585723,-10.201643474585723,94.11764705882352,100.0,72.5,8
62.43696824266732,28.616691072890266,0.14278101360417153,0.19455182552337646,0.06016235053539276,0.09474456310272217,-0.023557350039482117,0.12923868000507355,0.0,0.0,72.92864037177932,67.34469327545447,1.641378100449046,-1.641378100449046,94.11764705882352,100.0,72.5,8
64.89923414824038,34.14343682683276,0.14356766169831622,0.20107364654541016,0.06201094388961792,0.10622012615203857,-0.02653612196445465,0.13564130663871765,0.0,0.0,77.55583434807271,71.63418704965969,4.627193976293384,-4.627193976293384,94.11764705882352,100.0,72.5,8
73.503821697396,47.9407160182811,0.14125860942129184,0.2207760214805603,0.059288084506988525,0.11964672803878784,-0.03358191251754761,0.13704454898834229,0.0,0.0,85.23731706032632,76.75226351287716,7.681482712253612,-7.681482712253612,94.11764705882352,100.0,72.5,8
74.30796302263639,51.105812091604115,0.14101454491512427,0.22574615478515625,0.055664435029029846,0.13103525340557098,-0.04399552941322327,0.13400833308696747,0.0,0.0,77.18192882005306,78.22593015005785,8.05538824027326,8.05538824027326,94.11764705882352,100.0,72.5,8
79.29438729214144,53.97876951421476,0.14609139988395883,0.2204487919807434,0.052596062421798706,0.14351052045822144,-0.05357661843299866,0.13170196115970612,0.0,0.0,74.58272862935881,78.63945221445273,2.5992001906942477,2.5992001906942477,94.11764705882352,100.0,72.5,8
92.05704220292137,57.91790560729607,0.14881213159252127,0.24732846021652222,0.051280975341796875,0.1613577902317047,-0.06085124611854553,0.13066574931144714,0.0,0.0,63.93121005193394,75.23329614041803,10.651518577424874,10.651518577424874,94.11764705882352,100.0,72.5,8
97.77797088768392,55.80663790345994,0.15954098995162042,0.2680673599243164,0.05205315351486206,0.179957315325737,-0.06338140368461609,0.1345737874507904,0.0,0.0,59.611281367322974,68.8267872171672,4.319928684610964,4.319928684610964,94.11764705882352,100.0,72.5,8
104.66776368476272,63.490526086366906,0.16404822629804988,0.2911587357521057,0.05313307046890259,0.2011183798313141,-0.061338260769844055,0.14184999465942383,0.0,0.0,54.2027419484377,63.081990499263355,5.408539418885276,5.408539418885276,94.11764705882352,100.0,72.5,8
105.98439457891311,58.154505491101155,0.1635110252473689,0.2966722249984741,0.052824363112449646,0.21929898858070374,-0.0601588636636734,0.14712277054786682,0.0,0.0,52.63639472785737,57.595407023887994,1.566347220580326,1.566347220580326,94.11764705882352,100.0,72.5,8
100.94937469203467,49.63236655221992,0.16276752385860016,0.2797905206680298,0.051079973578453064,0.22635893523693085,-0.060147613286972046,0.15091468393802643,0.0,0.0,57.226512938652476,55.919232745567626,4.590118210795104,-4.590118210795104,94.11764705882352,100.0,72.5,8
108.94290938686572,62.7822082387002,0.168597361019264,0.3117848038673401,0.04894202947616577,0.2356584519147873,-0.06086529791355133,0.15306803584098816,0.0,0.0,48.67114479044761,53.18419860134879,8.555368148204863,8.555368148204863,94.11764705882352,100.0,72.5,8
113.44656579824274,64.8841085555697,0.18055023027881978,0.33289432525634766,0.046352773904800415,0.24677249789237976,-0.06277252733707428,0.15675140917301178,0.0,0.0,44.85115562320499,50.84630202004061,3.8199891672426247,3.8199891672426247,94.11764705882352,100.0,72.5,8
113.99824900171151,70.16641512947307,0.1863005708021936,0.34337323904037476,0.0440782755613327,0.26026375591754913,-0.0656554251909256,0.1617325246334076,0.0,0.0,43.55380947453179,48.57565570670921,1.2973461486731992,1.2973461486731992,94.11764705882352,100.0,72.5,8
117.9334343540942,72.49245513320136,0.19501710433937328,0.35640066862106323,0.043367043137550354,0.2820502072572708,-0.0674067884683609,0.16969633102416992,0.0,0.0,41.81126541122433,44.721843824852186,1.7425440633074558,1.7425440633074558,94.11764705882352,100.0,72.5,8
126.61558203770358,96.2766843407398,0.2118582918048883,0.39048469066619873,0.05108645558357239,0.3272128850221634,-0.06031103432178497,0.1938578337430954,0.0,0.0,37.63195342026187,39.89674194844279,3.0837584168671626,4.179311990962461,94.11764705882352,100.0,72.5,8
131.09527063079636,106.73749617802511,0.21023391563439872,0.40298599004745483,0.053283050656318665,0.3462280184030533,-0.05660918354988098,0.20231609046459198,0.0,0.0,34.50353864972834,37.444306584208896,2.422483779987992,3.1284147705335315,94.11764705882352,100.0,72.5,8
136.2869651978036,117.36541073567466,0.21261257349490176,0.4076700210571289,0.0549001544713974,0.3607994168996811,-0.05037324130535126,0.20519717037677765,0.0,0.0,31.712916363314193,34.10708628795293,1.5729513457386801,2.7906222864141483,94.11764705882352,100.0,72.5,8
140.09081790369655,122.59318947263834,0.21278243002755143,0.4128897190093994,0.05462515354156494,0.3662845939397812,-0.0462605357170105,0.20595978200435638,0.0,0.0,29.18041143745699,32.1706835398881,2.5325049258572037,2.5325049258572037,94.11764705882352,100.0,72.5,8
143.3864801668515,127.97998860067557,0.21385923076370653,0.41934871673583984,0.052886947989463806,0.37090225517749786,-0.042284756898880005,0.20773816108703613,0.0,0.0,26.818062189447716,30.249314424817943,2.3623492480092736,2.3623492480092736,94.11764705882352,100.0,72.5,8
146.28969962991374,132.38365165421345,0.21155828599755952,0.42243456840515137,0.05124768614768982,0.3757556974887848,-0.038000866770744324,0.20923124253749847,0.0,0.0,25.06449668277382,28.193971668248178,1.753565506673894,1.753565506673894,94.11764705882352,100.0,72.5,8
150.6448667811262,136.78229514163573,0.2136484920268197,0.4303308129310608,0.048507049679756165,0.38155582547187805,-0.03394158184528351,0.21019214391708374,0.0,0.0,21.83316718081491,25.724034372623358,3.2313295019589106,3.2313295019589106,94.11764705882352,100.0,72.5,8
153.10865859438505,139.36038633983057,0.21458080968129084,0.43705570697784424,0.04617205262184143,0.3879033774137497,-0.03035074472427368,0.21119898557662964,0.0,0.0,20.134092556001846,23.462454652259574,1.6990746248130648,1.6990746248130648,94.11764705882352,100.0,72.5,8
155.35284518395082,142.2073399577629,0.2180799227419874,0.4447137117385864,0.04450233280658722,0.394848957657814,-0.02685415744781494,0.2127452939748764,0.0,0.0,18.752218724311163,21.445993785975435,1.3818738316906831,1.3818738316906831,94.11764705882352,100.0,72.5,8
157.53613447350895,144.66828693635264,0.2181119518662473,0.44959717988967896,0.042806580662727356,0.4024088382720947,-0.02367827296257019,0.21477526426315308,0.0,0.0,17.440289041129333,19.539941875564313,1.3119296831818303,1.3119296831818303,94.11764705882352,100.0,72.5,8
160.07129934812102,147.53214798332993,0.21632285230768616,0.45665442943573,0.041891783475875854,0.40840408205986023,-0.02064456045627594,0.21575842797756195,0.0,0.0,15.731360621790657,18.01449023580825,1.708928419338676,1.708928419338676,94.11764705882352,100.0,72.5,8
167.71226795866085,156.06910486518487,0.22298200789502126,0.47797560691833496,0.03252130746841431,0.43126408755779266,-0.01134607195854187,0.22130946815013885,0.0,0.0,10.000925180639513,11.811511430186439,1.3549991372816947,5.730435441151144,94.11764705882352,100.0,72.5,8
169.1250522258281,158.4660681124896,0.22500836976870323,0.4796609878540039,0.029677897691726685,0.43453003466129303,-0.010091647505760193,0.22290106117725372,0.0,0.0,8.749546129945472,10.651998011847695,1.251379050694041,1.251379050694041,94.11764705882352,100.0,72.5,8
170.90521279077177,161.34225363706022,0.2284403486517118,0.4789937138557434,0.026305273175239563,0.4375761151313782,-0.008745640516281128,0.22458221018314362,0.0,0.0,7.282966026190678,9.347340413674218,1.4665801037547936,1.4665801037547936,94.11764705882352,100.0,72.5,8
172.4970871681775,163.924647330592,0.22782836078928198,0.47868025302886963,0.022409558296203613,0.4398559629917145,-0.007663458585739136,0.22593210637569427,0.0,0.0,5.946258631061241,7.994923991959226,1.3367073951294373,1.3367073951294373,94.11764705882352,100.0,72.5,8
174.92141776337922,169.0951636815579,0.22398097614483695,0.4858078360557556,0.013904362916946411,0.44106820225715637,-0.006363987922668457,0.22596795856952667,0.0,0.0,3.467634952956928,5.389850719335644,1.3949083141768028,2.478623678104313,94.11764705882352,100.0,72.5,8
167.93458576117308,166.4668362951596,0.235002217249992,0.481666624546051,0.0062420666217803955,0.45362240076065063,-0.01642143726348877,0.23512886464595795,0.0,0.0,7.922793844871066,5.936300973331949,1.4188478820742887,,93.33333333333333,60.0,75.67567567567568,9
166.3569033900734,164.1489717176767,0.23477447727179682,0.47827088832855225,0.010638251900672913,0.45124387741088867,-0.016825363039970398,0.23498749732971191,0.0,0.0,9.31106019421533,7.25190909646971,1.3882663493442635,-1.3882663493442635,93.33333333333333,60.0,75.67567567567568,9
158.10762667517875,155.24140669245259,0.23020768039364767,0.45875924825668335,0.02542482316493988,0.4365353286266327,-0.022541210055351257,0.23079170286655426,0.0,0.0,15.445411238084404,13.147767806392402,1.9601723124573027,-6.134351043869074,93.33333333333333,60.0,75.67567567567568,9
155.9612463577893,153.64123970103648,0.22877157231981268,0.4548669457435608,0.027354717254638672,0.431241050362587,-0.024802908301353455,0.22933174669742584,0.0,0.0,16.766445278131613,14.509268420224736,1.3210340400472091,-1.3210340400472091,93.33333333333333,60.0,75.67567567567568,9
152.57281619271794,151.5351868128988,0.2252542869906871,0.44328945875167847,0.03096911311149597,0.4205652177333832,-0.029421240091323853,0.225752592086792,0.0,0.0,19.111620924463438,17.240322899634197,1.4738067666061028,-2.3451756463318247,93.33333333333333,60.0,75.67567567567568,9
150.49038921892608,149.78605563175194,0.2213306242114338,0.4362141489982605,0.032124802470207214,0.41402770578861237,-0.03163033723831177,0.22321361303329468,0.0,0.0,20.493580952342057,18.50236532819861,1.3819600278786197,-1.3819600278786197,93.33333333333333,60.0,75.67567567567568,9
148.58891588463177,147.9207175036412,0.22115715794402632,0.43120741844177246,0.0335000604391098,0.40739139914512634,-0.03346686065196991,0.22102001309394836,0.0,0.0,21.96263556726663,19.801412900482365,1.4690546149245733,-1.4690546149245733,93.33333333333333,60.0,75.67567567567568,9
136.93580644210863,132.19803299237788,0.2089039800302351,0.38632577657699585,0.04019497334957123,0.3666008412837982,-0.043843820691108704,0.20850291848182678,0.0,0.0,29.887135132382227,28.004998731533632,1.6217591741079005,-7.924499565115596,93.33333333333333,60.0,75.67567567567568,9
130.83790937074005,128.303313719361,0.2046549159236981,0.3726009726524353,0.0406012088060379,0.3488580584526062,-0.05122224986553192,0.19954313337802887,0.0,0.0,33.44505743535312,31.59275545357973,1.3791930004889963,-3.557922302970894,93.33333333333333,60.0,75.67567567567568,9
128.6406832618501,126.58118570742572,0.20395043316969727,0.3656845688819885,0.04099556803703308,0.34412677586078644,-0.0536702424287796,0.19761782884597778,0.0,0.0,35.009013968170784,32.87322516252687,1.563956532817663,-1.563956532817663,93.33333333333333,60.0,75.67567567567568,9
125.95820672442662,124.0545787230476,0.2026921181217281,0.35584014654159546,0.04096335172653198,0.3387267589569092,-0.05638602375984192,0.1958383023738861,0.0,0.0,36.62812552177618,34.28701534004105,1.6191115536053928,-1.6191115536053928,93.33333333333333,60.0,75.67567567567568,9
118.51612413530142,119.39427116643148,0.1942210926557756,0.32340705394744873,0.03387543559074402,0.3084949851036072,-0.06612502038478851,0.1850302815437317,0.0,0.0,40.9333131513534,39.035521192931014,1.7495743526866576,-4.305187629577226,93.33333333333333,60.0,75.67567567567568,9
114.04922273331186,118.45038816459456,0.18790137936465945,0.3118089437484741,0.03173196315765381,0.2941719740629196,-0.06933049857616425,0.17952769994735718,0.0,0.0,43.50230916297444,41.43187059714038,1.3941878874075115,-2.5689960116210386,93.33333333333333,60.0,75.67567567567568,9
111.94206121149196,117.333846021531,0.18497026333374977,0.3037521243095398,0.03103451430797577,0.28576594591140747,-0.0706193745136261,0.17616300284862518,0.0,0.0,44.955857382164076,42.874900243014714,1.453548219189635,-1.453548219189635,93.33333333333333,60.0,75.67567567567568,9
110.3059049798637,116.74479185042527,0.18327818395210155,0.2973834276199341,0.030446991324424744,0.27797508239746094,-0.07178950309753418,0.17274115979671478,0.0,0.0,46.27019853898583,44.209121589922816,1.3143411568217545,-1.3143411568217545,93.33333333333333,60.0,75.67567567567568,9
108.3561712475977,115.55204203193142,0.1794286583739131,0.29146260023117065,0.030139446258544922,0.26965031027793884,-0.07251955568790436,0.16898232698440552,0.0,0.0,47.67463391700601,45.60074975028259,1.4044353780201817,-1.4044353780201817,93.33333333333333,60.0,75.67567567567568,9
105.47843369637184,111.15993120346904,0.1760523688481635,0.2825099229812622,0.03014911711215973,0.2613585740327835,-0.07305312156677246,0.16551616787910461,0.0,0.0,49.707471737826886,47.152040393995705,2.0328378208208733,-2.0328378208208733,93.33333333333333,60.0,75.67567567567568,9
100.8130467319645,107.38106352130815,0.16955882665085123,0.26499563455581665,0.0316164493560791,0.24271175265312195,-0.07535992562770844,0.15567784011363983,0.0,0.0,52.66266938802031,50.873825966241796,1.7831363153448052,-2.9551976501934263,93.33333333333333,60.0,75.67567567567568,9
98.20259733879044,104.78119831828965,0.16858989490185994,0.25875598192214966,0.03220550715923309,0.23759913444519043,-0.07612529397010803,0.15322980284690857,0.0,0.0,54.64163179286857,52.107365980002214,1.9789624048482608,-1.9789624048482608,93.33333333333333,60.0,75.67567567567568,9
95.42018862870401,101.43493892578459,0.16764774669777885,0.2518296241760254,0.03288884460926056,0.23130278289318085,-0.07655498385429382,0.15110979974269867,0.0,0.0,57.04198043339061,53.80645367173875,2.40034864052204,-2.40034864052204,93.33333333333333,60.0,75.67567567567568,9
93.04512393029421,99.87557045559377,0.16269737860034875,0.24420011043548584,0.033680275082588196,0.22393007576465607,-0.07698500156402588,0.14832058548927307,0.0,0.0,58.402432700208365,55.68717857862197,1.3604522668177523,-1.3604522668177523,93.33333333333333,60.0,75.67567567567568,9
89.80903866039995,97.50143262550398,0.16074452121835062,0.2355971336364746,0.03414037823677063,0.21649913489818573,-0.07807174324989319,0.14523860812187195,0.0,0.0,60.316089258744036,57.6005335463029,1.9136565585356706,-1.9136565585356706,93.33333333333333,60.0,75.67567567567568,9
85.91050780459756,94.3012849646986,0.16220143557144845,0.22752302885055542,0.0345807820558548,0.20860609412193298,-0.07904905080795288,0.1428900510072708,0.0,0.0,64.18944273654132,59.987486282221084,3.873353477797288,-3.873353477797288,93.33333333333333,60.0,75.67567567567568,9
83.6735513084783,91.87692243038265,0.16284181484677795,0.22351151704788208,0.03525656461715698,0.20157760381698608,-0.080018550157547,0.14098763465881348,0.0,0.0,66.34010934456184,62.312018510013885,2.150666608020515,-2.150666608020515,93.33333333333333,60.0,75.67567567567568,9
80.09044307776253,87.52002447070451,0.1615131847730986,0.2141219973564148,0.035704925656318665,0.19433800876140594,-0.08090309798717499,0.14014972746372223,0.0,0.0,69.68609400052584,65.13293383509327,3.3459846559640027,-3.3459846559640027,93.33333333333333,60.0,75.67567567567568,9
75.29292697525239,78.60510079510543,0.15534216234496398,0.2035110592842102,0.03851710259914398,0.1789831817150116,-0.08117060363292694,0.13686725497245789,0.0,0.0,73.77534504709197,70.61806526795641,3.8192311222187953,-4.089251046566133,93.33333333333333,60.0,75.67567567567568,9
70.82901587038958,78.14912660052076,0.15018640303372652,0.19554734230041504,0.04639996588230133,0.16296812891960144,-0.07909698784351349,0.12993448972702026,0.0,0.0,77.69716177980439,75.22047029085063,2.6807246917582574,-3.921816732712415,93.33333333333333,60.0,75.67567567567568,9
67.51954214339463,77.04941426885082,0.14972098225852523,0.1924402117729187,0.049893319606781006,0.15771111845970154,-0.07813309133052826,0.1288725733757019,0.0,0.0,81.97882322642093,77.27133983568287,4.281661446616539,-4.281661446616539,93.33333333333333,60.0,75.67567567567568,9
66.56141199860872,73.64824941022877,0.1463919650615597,0.19032609462738037,0.053908899426460266,0.15169234573841095,-0.0759238749742508,0.12830214202404022,0.0,0.0,84.49265221974791,79.79626857850484,2.5138289933269817,-2.5138289933269817,93.33333333333333,60.0,75.67567567567568,9
62.94161989583938,67.25908429569964,0.1466411234812829,0.18255752325057983,0.0566447377204895,0.1443924605846405,-0.07412132620811462,0.1283443570137024,0.0,0.0,87.99832004318623,83.04173931728985,3.5056678234383156,-3.5056678234383156,93.33333333333333,60.0,75.67567567567568,9
56.83026197482845,44.742827145274276,0.15077520192250413,0.1716260313987732,0.05777820944786072,0.13024170696735382,-0.06557664275169373,0.13156715035438538,0.0,0.0,75.42221595241477,83.97890420667898,12.580212658952192,12.576104090771452,93.33333333333333,60.0,75.67567567567568,9
57.027555833294045,52.83521552819285,0.14720510387550442,0.17128074169158936,0.05668875575065613,0.12364080548286438,-0.06067018210887909,0.13404226303100586,0.0,0.0,77.39182964380339,82.20369856269284,1.9696136913886164,-1.9696136913886164,93.33333333333333,60.0,75.67567567567568,9
54.21074702048258,48.663567017529104,0.14606423732146992,0.16576886177062988,0.05507792532444,0.11770269274711609,-0.056486085057258606,0.13587693870067596,0.0,0.0,76.11534141208259,79.23295390491693,1.2764882317208048,1.2764882317208048,93.33333333333333,60.0,75.67567567567568,9
54.57575055306523,53.953645786540946,0.13838629658725732,0.16298872232437134,0.05341057479381561,0.11143678426742554,-0.05414031445980072,0.13494013249874115,0.0,0.0,81.55136772695674,77.62018868381438,5.436026314874155,-5.436026314874155,93.33333333333333,60.0,75.67567567567568,9
51.159774242872054,40.08830883673145,0.13404270181642827,0.15173262357711792,0.05306778848171234,0.10589003562927246,-0.05587506294250488,0.1297721415758133,0.0,0.0,75.38924930438894,77.61194702180792,6.162118422567801,6.162118422567801,93.33333333333333,60.0,75.67567567567568,9
58.788863294071355,46.33449867376042,0.12616270974291352,0.1572636365890503,0.053114116191864014,0.10235664248466492,-0.05469430983066559,0.1245909184217453,0.0,0.0,80.4176546837028,78.36840328178276,5.028405379313867,-5.028405379313867,93.33333333333333,60.0,75.67567567567568,9
55.65642972481042,26.169880338322827,0.12426433465850464,0.1485920548439026,0.05168202519416809,0.09889034926891327,-0.05313694477081299,0.11933848261833191,0.0,0.0,78.51006569505587,78.96708435252609,1.9075889886469355,1.9075889886469355,93.33333333333333,60.0,75.67567567567568,9
63.84201865788705,26.437020745452227,0.10102093581666657,0.14913374185562134,0.05018952488899231,0.09359243512153625,-0.04531890153884888,0.11250197887420654,0.0,0.0,82.01160032537078,79.0821425021296,3.5015346303149073,-3.5015346303149073,93.33333333333333,60.0,75.67567567567568,9
80.64117893073285,48.10669410395203,0.14411309947197704,0.22594928741455078,0.04257415235042572,0.12234795093536377,-0.043574199080467224,0.1166592538356781,0.0,0.0,79.81207449036799,83.44852135435809,2.199525835002788,2.199525835002788,93.33333333333333,60.0,75.67567567567568,9
78.09108005443085,43.545072587503995,0.15989439688722737,0.23278522491455078,0.04661966860294342,0.14536461234092712,-0.05284199118614197,0.1326780617237091,0.0,0.0,77.06098254144365,80.68192271661655,2.7510919489243406,2.7510919489243406,93.33333333333333,60.0,75.67567567567568,9
85.53653900196565,49.57400014261363,0.15746414861570066,0.24661791324615479,0.046653106808662415,0.16233517229557037,-0.06018798053264618,0.13593806326389313,0.0,0.0,68.136070071349,76.56225959577779,8.924912470094654,8.924912470094654,93.33333333333333,60.0,75.67567567567568,9
88.96008564098275,49.49050634025977,0.15604522911701812,0.2528882622718811,0.0467548668384552,0.17698991298675537,-0.06384095549583435,0.1403583437204361,0.0,0.0,64.33653775480629,72.33641621449173,3.7995323165427095,3.7995323165427095,93.33333333333333,60.0,75.67567567567568,9
82.20882172838304,38.88989991572884,0.16023491288463634,0.23584848642349243,0.04696878790855408,0.18483905494213104,-0.0698615163564682,0.14215561747550964,0.0,0.0,70.9700724191735,70.12591569669311,6.633534664367218,-6.633534664367218,93.33333333333333,60.0,75.67567567567568,9
96.83122932528778,54.65526783668479,0.17064161098845712,0.2819405198097229,0.04781627655029297,0.1994144469499588,-0.07094702124595642,0.1446138173341751,0.0,0.0,58.38523080635157,65.45697776292009,12.584841612821933,12.584841612821933,93.33333333333333,60.0,75.67567567567568,9
102.00009031807724,53.62350166157618,0.17163462307632876,0.2946860194206238,0.04852287471294403,0.2136279046535492,-0.07116904854774475,0.1484275907278061,0.0,0.0,53.66573068053198,61.83939291521584,4.719500125819593,4.719500125819593,93.33333333333333,60.0,75.67567567567568,9
105.95446060235625,63.658197536878575,0.18096694277023467,0.3191841244697571,0.05083666741847992,0.24857573211193085,-0.07066144049167633,0.1607254594564438,0.0,0.0,51.43319832067143,54.20672298482372,1.9095338110684636,2.2325323598605493,93.33333333333333,60.0,75.67567567567568,9
109.34270317906277,66.8620515472403,0.18233092428405198,0.3298186659812927,0.05001369118690491,0.25942501425743103,-0.07029737532138824,0.16407595574855804,0.0,0.0,48.05515496425052,51.62420402429846,3.3780433564209105,3.3780433564209105,93.33333333333333,60.0,75.67567567567568,9
109.98169792042,66.50188865930895,0.181695444555165,0.33365529775619507,0.04823097586631775,0.2674321085214615,-0.07091601192951202,0.16655410826206207,0.0,0.0,46.26116281973856,49.7730620591001,1.7939921445119609,1.7939921445119609,93.33333333333333,60.0,75.67567567567568,9
114.93341351781498,73.9797440272154,0.18801182484397672,0.3487863540649414,0.044200584292411804,0.27553272247314453,-0.07073706388473511,0.16903461515903473,0.0,0.0,43.17701978005333,47.23163397117846,3.0841430396852303,3.0841430396852303,93.33333333333333,60.0,75.67567567567568,9
118.63825766163413,81.15647952463733,0.1867631872539074,0.35712891817092896,0.04211829602718353,0.28471849858760834,-0.06975570321083069,0.17098133265972137,0.0,0.0,40.78002139452763,44.56833973964251,2.3969983855256984,2.3969983855256984,93.33333333333333,60.0,75.67567567567568,9
125.19992864351514,93.00631440486231,0.21250612007497716,0.38232630491256714,0.04281529784202576,0.31968915462493896,-0.06453290581703186,0.19014513492584229,0.0,0.0,38.08490787317228,39.668147909141794,1.3077983315194146,2.6951135213553528,93.33333333333333,60.0,75.67567567567568,9
126.84104618123482,99.16011086410593,0.21353285202948658,0.38822638988494873,0.04391054809093475,0.33187568187713623,-0.06327842175960541,0.19762009382247925,0.0,0.0,36.66154287050313,38.63852827813567,1.4233650026691436,1.4233650026691436,93.33333333333333,60.0,75.67567567567568,9
131.81081723371094,109.46943864184813,0.20812544804651217,0.3990652561187744,0.04709266126155853,0.3492095470428467,-0.05840364098548889,0.20278263092041016,0.0,0.0,33.14122862853294,35.82592743344294,2.274801733030479,3.5203142419701905,93.33333333333333,60.0,75.67567567567568,9
135.74557278933764,118.43314304293705,0.2084063947244517,0.4063718914985657,0.047798871994018555,0.35564203560352325,-0.05526161193847656,0.2025689035654068,0.0,0.0,30.782667292384062,34.00036728824589,2.358561336148881,2.358561336148881,93.33333333333333,60.0,75.67567567567568,9
139.22943610729894,123.25364558915881,0.2088493523010654,0.40839630365371704,0.04773484170436859,0.36046063899993896,-0.0510111004114151,0.20244336128234863,0.0,0.0,28.710792986183918,32.01267981716609,2.0718743062001437,2.0718743062001437,93.33333333333333,60.0,75.67567567567568,9
142.97991160681096,128.93488800096674,0.21176355446836362,0.41915202140808105,0.04673448204994202,0.3671094924211502,-0.04640860855579376,0.2039910852909088,0.0,0.0,26.293924248148997,29.732153288812476,2.416868738034921,2.416868738034921,93.33333333333333,60.0,75.67567567567568,9
147.29790253177637,133.8732688121261,0.20960889356758527,0.4257856011390686,0.04560920596122742,0.3738434761762619,-0.041268616914749146,0.20547358691692352,0.0,0.0,23.512458628949403,27.3249607889166,2.7814656191995937,2.7814656191995937,93.33333333333333,60.0,75.67567567567568,9
150.5941964500673,137.26392916356647,0.2133974855188791,0.43222659826278687,0.04370477795600891,0.3810960352420807,-0.03672480583190918,0.20761168003082275,0.0,0.0,21.222155460817007,24.934832831024828,2.2903031681323966,2.2903031681323966,93.33333333333333,60.0,75.67567567567568,9
152.49525283066868,140.66853593564258,0.21508814272369348,0.4355713725090027,0.04191328585147858,0.3888145089149475,-0.03293992578983307,0.20984970033168793,0.0,0.0,19.891576589811777,22.730028731931796,1.3305788710052298,1.3305788710052298,93.33333333333333,60.0,75.67567567567568,9
155.69150602726774,145.22791035972543,0.21777676079205224,0.44711607694625854,0.04031209647655487,0.3965562433004379,-0.029125109314918518,0.21194210648536682,0.0,0.0,17.940836728943793,20.6417568521305,1.9507398608679836,1.9507398608679836,93.33333333333333,60.0,75.67567567567568,9
158.3177268852293,147.9263310672385,0.22008606709890677,0.45915651321411133,0.038568586111068726,0.40561896562576294,-0.02610081434249878,0.2149737924337387,0.0,0.0,16.108094742398436,18.790665880492753,1.8327419865453578,1.8327419865453578,93.33333333333333,60.0,75.67567567567568,9
160.0976550091828,149.66515819573993,0.2226488052509032,0.4648004174232483,0.036960259079933167,0.41424863040447235,-0.02353489398956299,0.21760231256484985,0.0,0.0,14.719539342024419,17.165011850794606,1.3885554003740168,1.3885554003740168,93.33333333333333,60.0,75.67567567567568,9
162.13099604483108,151.88460361119283,0.2234548443756554,0.469424307346344,0.03511294722557068,0.4231274276971817,-0.020996108651161194,0.21997949481010437,0.0,0.0,13.161005129142822,15.482368985627367,1.5585342128815967,1.5585342128815967,93.33333333333333,60.0,75.67567567567568,9
164.6121234271736,154.278776993642,0.2247223623207549,0.4742581844329834,0.032525718212127686,0.4304100424051285,-0.018819794058799744,0.22191888093948364,0.0,0.0,11.446128740102381,13.858691988417014,1.714876389040441,1.714876389040441,93.33333333333333,60.0,75.67567567567568,9
170.83077679228748,162.6144354819539,0.2302930552373221,0.47853517532348633,0.02274821698665619,0.4413764178752899,-0.012863382697105408,0.22784322500228882,0.0,0.0,6.595526176236561,9.44879097568041,2.660859789354646,4.85060256386582,93.33333333333333,60.0,75.67567567567568,9
172.48443843325526,165.68462282314565,0.2287808841868728,0.48335838317871094,0.017797887325286865,0.44321131706237793,-0.011620134115219116,0.2289307713508606,0.0,0.0,4.891309913720349,7.810086269084902,1.704216262516212,1.704216262516212,93.33333333333333,60.0,75.67567567567568,9
179.44085162710573,177.4041480086651,0.19326732309536573,0.5548135042190552,,,,,0.0,0.0,-0.40977004451514176,,2.5706725725304125,,92.85714285714286,100.0,96.66666666666667,10
171.32265209076522,171.24776423036835,0.18340443940628087,0.551268458366394,-0.004584357142448425,0.38088221102952957,-0.012155920267105103,0.18118208646774292,0.0,0.0,3.8841693115225837,2.173907278097346,2.0785237474140814,-4.2939393560377255,92.85714285714286,100.0,96.66666666666667,10
165.51361387289919,166.58211709033836,0.1807257989059663,0.5460985898971558,-0.0005510002374649048,0.37793199717998505,-0.01612813025712967,0.18153738975524902,0.0,0.0,7.607104584920862,4.564788825465374,2.644868743611312,-3.722935273398278,92.85714285714286,100.0,96.66666666666667,10
159.5142884431168,160.6810051860996,0.17835460473549208,0.536279946565628,0.0060373395681381226,0.3647068589925766,-0.023821234703063965,0.17769695818424225,0.0,0.0,11.74428130297322,9.102522057201831,3.0083041605756335,-4.137176718052359,92.85714285714286,100.0,96.66666666666667,10
152.5938414195262,155.23775224359062,0.17436844487947462,0.5250507295131683,0.011263839900493622,0.3516824096441269,-0.029933996498584747,0.1726895272731781,0.0,0.0,15.50294089293601,12.971941904464831,3.0568007437057645,-3.7586595899627895,92.85714285714286,100.0,96.66666666666667,10
145.76110962204703,149.35054662455184,0.17603876276562289,0.511189341545105,0.01309233158826828,0.3454226329922676,-0.036691248416900635,0.17150701582431793,0.0,0.0,19.83003234682249,16.030875543287802,3.48564356266003,-4.3270914538864815,92.85714285714286,100.0,96.66666666666667,10
143.45221985287674,147.67120178980198,0.17464159752082917,0.5070153474807739,0.014435455203056335,0.33987677842378616,-0.04103139787912369,0.17071685194969177,0.0,0.0,21.093797127216945,18.192789787784477,1.2637647803944532,-1.2637647803944532,92.85714285714286,100.0,96.66666666666667,10
138.78764484962952,142.52687490605487,0.17186185067268797,0.49619758129119873,0.017059318721294403,0.32894067466259,-0.04672185331583023,0.16767148673534393,0.0,0.0,24.327724189954864,21.599644669388642,3.1806991763945973,-3.2339270627379193,92.85714285714286,100.0,96.66666666666667,10
135.21136640884012,138.13061184414218,0.16758836759128437,0.48470962047576904,0.021781861782073975,0.3136463165283203,-0.04997042566537857,0.16177166998386383,0.0,0.0,26.982430405951334,25.30265931248156,2.375423055580768,-2.6547062159964696,92.85714285714286,100.0,96.66666666666667,10
130.5004150178361,133.7118505372863,0.16427084013127322,0.46967703104019165,0.02317807823419571,0.3034221827983856,-0.05147556960582733,0.1582046002149582,0.0,0.0,30.206041094665338,27.271490858596252,2.9155565112675745,-3.223610688714004,92.85714285714286,100.0,96.66666666666667,10
124.12382150341355,128.25439868295675,0.1597798108843676,0.45217758417129517,0.024572528898715973,0.2838713973760605,-0.05536030977964401,0.15180830657482147,0.0,0.0,34.3896815118111,31.216937422425694,4.257345344067623,-4.18364041714576,92.85714285714286,100.0,96.66666666666667,10
118.81402802553609,123.49201945718156,0.16161750704251387,0.4350259304046631,0.025973379611968994,0.27316759526729584,-0.0581483468413353,0.15086212754249573,0.0,0.0,38.84504503458757,34.63313313816354,3.679575196075568,-4.455363522776473,92.85714285714286,100.0,96.66666666666667,10
117.05541347377425,122.36707703997382,0.16395755305077606,0.43105393648147583,0.026609376072883606,0.26566123962402344,-0.060408465564250946,0.15056733787059784,0.0,0.0,40.26776188613946,37.16698956776253,1.4227168515518898,-1.4227168515518898,92.85714285714286,100.0,96.66666666666667,10
112.98807534353134,119.31017308994038,0.16002735840996066,0.4218749403953552,0.027175821363925934,0.2544837146997452,-0.06333917379379272,0.14884421229362488,0.0,0.0,43.00498771950027,40.610375259164606,2.6812813230691503,-2.73722583336081,92.85714285714286,100.0,96.66666666666667,10
108.29840904431663,115.90468566821473,0.15075737767918876,0.4064200520515442,0.0286465585231781,0.2403581142425537,-0.06558442860841751,0.14130783081054688,0.0,0.0,45.61213062834551,43.58632613472252,3.137117559368207,-2.6071429088452405,92.85714285714286,100.0,96.66666666666667,10
101.71584101233219,110.4870704506207,0.14868344567405284,0.38909947872161865,0.02953284978866577,0.22777289152145386,-0.06656547635793686,0.13577355444431305,0.0,0.0,50.88908043119052,46.35069074568392,4.462541576968157,-5.27694980284501,92.85714285714286,100.0,96.66666666666667,10
96.51631989953711,106.16937048578717,0.14150898304333379,0.3719574213027954,0.030409254133701324,0.20508773624897003,-0.06837476789951324,0.12784630060195923,0.0,0.0,54.38516736140453,51.9950797620365,3.3386250254430507,-3.4960869302140054,92.85714285714286,100.0,96.66666666666667,10
91.38421488479071,100.53453138469462,0.13751390099004965,0.35852688550949097,0.03231540322303772,0.18951551616191864,-0.06867848336696625,0.12165704369544983,0.0,0.0,58.76589939587558,56.12287194838798,2.7142614237377884,-4.380732034471052,92.85714285714286,100.0,96.66666666666667,10
85.86040159749979,94.68301345368408,0.13605166341295655,0.34234315156936646,0.033467575907707214,0.17985880374908447,-0.06843017786741257,0.12001848220825195,0.0,0.0,64.10166680993002,59.65983689627804,4.381523402761246,-5.335767414054445,92.85714285714286,100.0,96.66666666666667,10
78.52193534222272,86.54945094485015,0.13653503699383857,0.3262792229652405,0.034383706748485565,0.16336679458618164,-0.06804659217596054,0.11864665150642395,0.0,0.0,71.42227494757417,66.4598677153924,6.1068272171849145,-7.320608137644143,92.85714285714286,100.0,96.66666666666667,10
73.15912719754465,80.83699535954705,0.14175479066569222,0.31398773193359375,0.03524533659219742,0.15542632341384888,-0.06831413507461548,0.12112963199615479,0.0,0.0,77.92426912978102,71.76256996041329,5.535981095872302,-6.501994182206857,92.85714285714286,100.0,96.66666666666667,10
71.70372375620741,79.24504228011007,0.14086804207906084,0.31071627140045166,0.03577430546283722,0.14771659672260284,-0.06878593564033508,0.12307508289813995,0.0,0.0,78.99491549260978,76.76046277126935,1.2605370638318902,-1.0706463628287537,92.85714285714286,100.0,96.66666666666667,10
67.4371878133839,75.40176515801447,0.136221903322848,0.29980576038360596,0.036035262048244476,0.14166474342346191,-0.0687372088432312,0.121821328997612,0.0,0.0,82.48250993162605,79.28401824569869,3.487594439016277,-3.487594439016277,92.85714285714286,100.0,96.66666666666667,10
68.885962230161,75.3867018880223,0.13393773112008847,0.3017096519470215,0.03772502392530441,0.13430576026439667,-0.06758464872837067,0.11862322688102722,0.0,0.0,81.60113478572246,81.53723214467605,1.4692335830234384,0.8813751459035899,92.85714285714286,100.0,96.66666666666667,10
66.01554384122363,73.6028876733816,0.13198809960655117,0.29508745670318604,0.03877120465040207,0.129867821931839,-0.06686245650053024,0.1164797842502594,0.0,0.0,83.9551552670714,82.77729208829146,2.3540204813489396,-2.3540204813489396,92.85714285714286,100.0,96.66666666666667,10
60.439432164059724,67.95061087975844,0.12925935513529951,0.2826704978942871,0.040538519620895386,0.12338706851005554,-0.06603295356035233,0.11321026086807251,0.0,0.0,88.80559919115308,84.5490010429277,4.971484263389243,-4.850443924081674,92.85714285714286,100.0,96.66666666666667,10
54.636821156822876,61.23510138303289,0.12945429371248576,0.27333611249923706,0.04033111780881882,0.11117403209209442,-0.06726467609405518,0.11194439232349396,0.0,0.0,85.87498369000102,88.34088082318227,3.3097126862316486,2.9306155011520616,92.85714285714286,100.0,96.66666666666667,10
57.69990868406819,66.28232027359277,0.12839813998599994,0.2827568054199219,0.040811434388160706,0.10127326846122742,-0.06924682855606079,0.10650883615016937,0.0,0.0,89.80469909637131,87.17093611673603,3.4480647093683814,-3.929715406370292,92.85714285714286,100.0,96.66666666666667,10
59.16468174567899,68.61884338890766,0.1288251428266401,0.2854462265968323,0.04127439856529236,0.10490918159484863,-0.06925089657306671,0.10749547183513641,0.0,0.0,88.38331113045285,87.73955300710419,1.4213879659184556,1.4213879659184556,92.85714285714286,100.0,96.66666666666667,10
64.46886655535201,72.94519313126442,0.1282467999006277,0.29503583908081055,0.041684240102767944,0.11054752767086029,-0.06903432309627533,0.10814355313777924,0.0,0.0,83.2461432037466,86.94769695439342,5.137167926706255,5.137167926706255,92.85714285714286,100.0,96.66666666666667,10
67.15830989302975,74.69462985397,0.1271793271191325,0.29903125762939453,0.04223474860191345,0.11688613891601562,-0.0684761181473732,0.10833457112312317,0.0,0.0,80.89326275319372,85.58185404594111,2.352880450552874,2.352880450552874,92.85714285714286,100.0,96.66666666666667,10
71.35911085366922,78.7541729130679,0.12535102021275196,0.30710041522979736,0.0433000773191452,0.12610438466072083,-0.0666620135307312,0.1074865460395813,0.0,0.0,77.15625648927198,80.40001966118672,3.1481597092626004,3.7370062639217423,92.85714285714286,100.0,96.66666666666667,10
73.19567523256126,80.36816712836166,0.126662702697626,0.3116147518157959,0.04385317862033844,0.12984468042850494,-0.06591884046792984,0.10748034715652466,0.0,0.0,75.65022468275433,78.50104003093865,1.5060318065176546,1.5060318065176546,92.85714285714286,100.0,96.66666666666667,10
79.05154166813037,84.69889100225028,0.1322435563887476,0.3230867385864258,0.04408739507198334,0.13968835771083832,-0.06543393433094025,0.11053536832332611,0.0,0.0,71.4004740528119,75.11234192523558,4.841938423292206,4.249750629942426,92.85714285714286,100.0,96.66666666666667,10
81.73421553283663,86.48931388884088,0.13345341209408162,0.3293600082397461,0.04393137991428375,0.14619968831539154,-0.06530388444662094,0.11295703053474426,0.0,0.0,69.1442883554451,73.10934989177886,2.256185697366803,2.256185697366803,92.85714285714286,100.0,96.66666666666667,10
88.56932422992656,92.22838173183332,0.13598466210667132,0.34404557943344116,0.043737366795539856,0.15524064004421234,-0.06463062763214111,0.11600743234157562,0.0,0.0,63.90971165304056,70.17422163435042,5.234576702404539,5.234576702404539,92.85714285714286,100.0,96.66666666666667,10
90.20991720666927,93.47054303437854,0.13599920113342348,0.34676826000213623,0.04351084679365158,0.16448889672756195,-0.06380415707826614,0.11828926205635071,0.0,0.0,62.56462314867792,66.75477430249387,1.3450885043626428,1.3450885043626428,92.85714285714286,100.0,96.66666666666667,10
94.11906265424625,96.81365233201153,0.14060706851407564,0.3570834994316101,0.042465321719646454,0.17749859392642975,-0.06221283972263336,0.12239332497119904,0.0,0.0,59.948513904025134,62.236666675320784,2.5753040915143757,2.616109244652783,92.85714285714286,100.0,96.66666666666667,10
98.52895484153936,100.24846027170655,0.15158530653763008,0.37182873487472534,0.03858983516693115,0.19098438322544098,-0.062157630920410156,0.13127368688583374,0.0,0.0,57.162228787045436,59.35414918133661,2.893730989488489,2.7862851169796983,92.85714285714286,100.0,96.66666666666667,10
104.95036970126799,105.52069125464745,0.15953588916547468,0.3928905725479126,0.03616737574338913,0.20503762364387512,-0.06283555924892426,0.13944266736507416,0.0,0.0,51.777828195930056,56.55117187492422,5.43084254425743,5.38440059111538,92.85714285714286,100.0,96.66666666666667,10
109.01116584648472,110.2374538000691,0.16452099192901806,0.40545105934143066,0.033220916986465454,0.22657254338264465,-0.06324370950460434,0.1488547921180725,0.0,0.0,48.37680607507146,51.168036609847384,3.6748626986147173,3.401022120858599,92.85714285714286,100.0,96.66666666666667,10
114.64725273706097,115.39429342756617,0.16596718533997054,0.4237189292907715,0.029801294207572937,0.23953576385974884,-0.06283662468194962,0.15154989063739777,0.0,0.0,43.518893329841106,46.498328547570466,3.3019809477088558,4.857912745230351,92.85714285714286,100.0,96.66666666666667,10
116.21728418404439,116.84798115496619,0.1642394408139731,0.42795348167419434,0.028932631015777588,0.24345891177654266,-0.06230606138706207,0.15169072151184082,0.0,0.0,41.9297163563783,44.88655611789718,1.5891769734628056,1.5891769734628056,92.85714285714286,100.0,96.66666666666667,10
120.85199346498439,121.24413100584049,0.16859105222330684,0.4470047950744629,0.028478659689426422,0.25217363238334656,-0.06159990280866623,0.15381348133087158,0.0,0.0,38.19420761986738,42.615922895909186,3.7355087365109227,3.7355087365109227,92.85714285714286,100.0,96.66666666666667,10
126.87318493269339,125.63934825045652,0.1717554420450229,0.4617645740509033,0.02798108011484146,0.27384069561958313,-0.057515211403369904,0.15983644127845764,0.0,0.0,34.43410715329048,36.888006779518584,3.071717438861967,3.760100466576894,92.85714285714286,100.0,96.66666666666667,10
129.17025392247444,127.0212926699383,0.17110494980638474,0.466694176197052,0.027799837291240692,0.2785871773958206,-0.05580800026655197,0.1611105501651764,0.0,0.0,32.622766901724546,35.495146599982874,1.8113402515659374,1.8113402515659374,92.85714285714286,100.0,96.66666666666667,10
133.69526268378507,132.07573525736476,0.17337980523907578,0.4804847836494446,0.026906803250312805,0.286512553691864,-0.0542074590921402,0.162845641374588,0.0,0.0,28.99935446410298,33.39051327781761,3.6234124376215675,3.6234124376215675,92.85714285714286,100.0,96.66666666666667,10
136.46364103222254,133.94669706890429,0.17368450905656257,0.4836406707763672,0.02549387514591217,0.29518166184425354,-0.0522582083940506,0.16435229778289795,0.0,0.0,27.166625467484707,30.805713496650682,1.8327289966182718,1.8327289966182718,92.85714285714286,100.0,96.66666666666667,10
141.59462979728104,138.41999611553467,0.1772897137493397,0.500710517168045,0.022077634930610657,0.3097579553723335,-0.04866889864206314,0.16772238910198212,0.0,0.0,23.528768976812103,26.51686022217494,2.8439230034878875,3.637856490672604,92.85714285714286,100.0,96.66666666666667,10
147.87237218685442,142.73074903166255,0.1886385637348612,0.5182497203350067,0.019007734954357147,0.32677672803401947,-0.044013626873493195,0.1764700710773468,0.0,0.0,20.093211949862564,22.774878278983685,3.645781294911828,3.435557026949539,92.85714285714286,100.0,96.66666666666667,10
151.50427286725633,147.03351822632047,0.1921156737703183,0.5378555655479431,0.017354704439640045,0.3417058065533638,-0.040899522602558136,0.1831507533788681,0.0,0.0,17.091782052094956,20.28157356010992,3.110524941612809,3.0014298977676077,92.85714285714286,100.0,96.66666666666667,10
157.33641839032896,152.2562005043838,0.19785363605874107,0.5513844788074493,0.013641126453876495,0.367094025015831,-0.03596244007349014,0.1918235421180725,0.0,0.0,13.370246994469383,15.82956697815969,2.5471891029011147,3.721535057625573,92.85714285714286,100.0,96.66666666666667,10
162.7249793842626,157.1976013650892,0.20242347976771216,0.5644426643848419,0.010301612317562103,0.3891737535595894,-0.02991584688425064,0.19858786463737488,0.0,0.0,9.963061965766641,11.932882987062811,2.033937717732414,3.4071850287027416,92.85714285714286,100.0,96.66666666666667,10
167.44139861648813,162.40971804275253,0.2015974120747262,0.5670153200626373,0.007043041288852692,0.39553895592689514,-0.025317087769508362,0.20038990676403046,0.0,0.0,6.751458145625364,9.418448323480625,2.210815353406076,3.2116038201412778,92.85714285714286,100.0,96.66666666666667,10
170.11747291241647,165.32888599472892,0.19619004283846592,0.5633927583694458,0.002536386251449585,0.3944065198302269,-0.019046880304813385,0.19886909425258636,0.0,0.0,5.207318715638792,6.299789567542778,1.4133172805932475,1.544139429986572,92.85714285714286,100.0,96.66666666666667,10
173.34397928477912,168.9523580209159,0.1917327185018171,0.5660385489463806,0.0009817332029342651,0.39209600538015366,-0.015698805451393127,0.19431167840957642,0.0,0.0,2.989482169556055,4.842184052173387,1.5618171577106068,2.2178365460827365,92.85714285714286,100.0,96.66666666666667,10
178.42174913931282,172.63205841068648,0.1899471241217287,0.5695041120052338,-0.001835852861404419,0.39222705364227295,-0.008622989058494568,0.19055168330669403,0.0,0.0,0.3955320028879754,1.931421170530399,1.5997176945720355,2.5939501666680798,92.85714285714286,100.0,96.66666666666667,10
177.55095165591146,179.22262722090989,0.23226417461771087,0.4828038215637207,,,,,0.0,0.0,-0.8022416690256478,,5.032343804524203,,91.17647058823529,80.0,80.64516129032258,11
169.6655010230413,169.00557113183336,0.23122116750256033,0.4804585576057434,0.0062872618436813354,0.4483690857887268,-0.012771427631378174,0.23087261617183685,0.0,0.0,6.818834189259491,5.021911886748661,1.3287457184663936,-7.621075858285138,91.17647058823529,80.0,80.64516129032258,11
167.71677001855662,166.70647275976518,0.23128016181997785,0.4782952666282654,0.009751319885253906,0.4460396021604538,-0.013862431049346924,0.2308991253376007,0.0,0.0,8.32126558283369,6.275365166365706,1.5024313935741986,-1.5024313935741986,91.17647058823529,80.0,80.64516129032258,11
163.81974507618185,162.02890985482878,0.23036557739787936,0.4735497236251831,0.01656743884086609,0.44211503863334656,-0.0167330801486969,0.2302727848291397,0.0,0.0,11.261198642552841,8.938754770906137,1.9074779735743164,-2.939933059719152,91.17647058823529,80.0,80.64516129032258,11
161.53786187171562,159.78420256564024,0.22901485579988518,0.4681037664413452,0.01998622715473175,0.43939104676246643,-0.018724560737609863,0.2295617014169693,0.0,0.0,12.913216728998918,10.462350405840994,1.652018086446077,-1.652018086446077,91.17647058823529,80.0,80.64516129032258,11
159.6419213052229,158.57350173979162,0.22977203510797353,0.46304476261138916,0.023412197828292847,0.43650829792022705,-0.0206223726272583,0.22901979088783264,0.0,0.0,14.469980777805915,11.99952920458405,1.556764048806997,-1.556764048806997,91.17647058823529,80.0,80.64516129032258,11
157.89749231496816,156.5220028466116,0.22792865664091091,0.45848727226257324,0.027019575238227844,0.4327395111322403,-0.0225360244512558,0.22815193235874176,0.0,0.0,15.887744106930796,13.633035064072118,1.417763329124881,-1.417763329124881,91.17647058823529,80.0,80.64516129032258,11
156.00314788638897,154.96358673694317,0.22740971216052175,0.45501887798309326,0.03031960129737854,0.4290156215429306,-0.024235978722572327,0.22723619639873505,0.0,0.0,17.291470356184362,15.140602992479998,1.403726249253566,-1.403726249253566,91.17647058823529,80.0,80.64516129032258,11
151.36070600809717,150.66837017091294,0.22296194170908365,0.44023847579956055,0.036893680691719055,0.41731905937194824,-0.028723523020744324,0.2229394167661667,0.0,0.0,20.591931806449722,18.66992528796338,1.6616336215421939,-3.3004614502653595,91.17647058823529,80.0,80.64516129032258,11
149.5355386494073,148.48781513194476,0.22129835331529846,0.4329720735549927,0.03809468448162079,0.41127343475818634,-0.030307412147521973,0.2211860716342926,0.0,0.0,21.917638513127457,19.826467327199154,1.3257067066777353,-1.3257067066777353,91.17647058823529,80.0,80.64516129032258,11
146.1314592242686,143.12209050548304,0.22051812105328025,0.41975271701812744,0.03983919322490692,0.39755992591381073,-0.03383868932723999,0.21892619132995605,0.0,0.0,24.30548112128386,22.451756220203965,1.3135076813290425,-2.3878426081564044,91.17647058823529,80.0,80.64516129032258,11
144.46683553116924,140.132725097313,0.2206093105851893,0.4117668867111206,0.040359243750572205,0.39045464992523193,-0.03534980118274689,0.21809472143650055,0.0,0.0,25.81025957244819,23.75633816170358,1.5047784511643272,-1.5047784511643272,91.17647058823529,80.0,80.64516129032258,11
135.28286171005408,130.9228889523239,0.20638883240880915,0.3845604658126831,0.04648043215274811,0.3611825704574585,-0.043916478753089905,0.20493081212043762,0.0,0.0,31.634494025557544,30.063349169728358,1.3480584909741893,-5.824234453109355,91.17647058823529,80.0,80.64516129032258,11
131.4223693201903,130.9459783777516,0.20433571541591977,0.3727158308029175,0.04749596118927002,0.34820088744163513,-0.04778987169265747,0.1999158412218094,0.0,0.0,34.49553766565533,32.73512944389428,1.4862446203277102,-2.8610436400977832,91.17647058823529,80.0,80.64516129032258,11
128.90122167831305,127.5533815555169,0.2026037911452767,0.36409318447113037,0.048176899552345276,0.34345102310180664,-0.04904113709926605,0.19863048195838928,0.0,0.0,36.30808318885103,33.903526734717644,1.812545523195702,-1.812545523195702,91.17647058823529,80.0,80.64516129032258,11
125.32456177759303,122.37720271092789,0.2007227827469704,0.35052740573883057,0.048056140542030334,0.3355042636394501,-0.05113004148006439,0.19688981771469116,0.0,0.0,38.799261105689986,35.65304375138099,2.491177916838957,-2.491177916838957,91.17647058823529,80.0,80.64516129032258,11
122.91624763414961,120.73361906324841,0.19801802616106454,0.33542948961257935,0.0446629524230957,0.31787194311618805,-0.05525544285774231,0.19202712178230286,0.0,0.0,40.09447718193945,38.50014322460436,1.2957257600024903,-1.295216076249467,91.17647058823529,80.0,80.64516129032258,11
119.17663730204453,117.37376660853462,0.19300254890709392,0.3219706416130066,0.041501566767692566,0.3027826398611069,-0.05788587033748627,0.18744978308677673,0.0,0.0,42.95621077973836,40.791355597437246,1.6402277736041668,-2.86173359779891,91.17647058823529,80.0,80.64516129032258,11
115.19595385672065,115.06574916267657,0.18457426171131106,0.30887025594711304,0.04145021736621857,0.28758107125759125,-0.05927920341491699,0.18100672960281372,0.0,0.0,45.57960003410236,43.41911323516037,1.75494091343581,-2.6233892543639996,91.17647058823529,80.0,80.64516129032258,11
112.63467565508748,112.75358397635995,0.18274733274510543,0.30160611867904663,0.040818750858306885,0.27906253933906555,-0.0605720579624176,0.17714449763298035,0.0,0.0,47.16280212609616,44.880818015150865,1.5832020919937975,-1.5832020919937975,91.17647058823529,80.0,80.64516129032258,11
110.1804588683504,111.46633292655028,0.18178799048025504,0.2943575382232666,0.04006652534008026,0.27118997275829315,-0.0620323121547699,0.173658087849617,0.0,0.0,48.8501468630197,46.354302035971195,1.6873447369235421,-1.6873447369235421,91.17647058823529,80.0,80.64516129032258,11
105.51270020972993,108.59448657733998,0.1748287776360654,0.28009361028671265,0.03712214529514313,0.2538697272539139,-0.06749868392944336,0.1647702306509018,0.0,0.0,50.99177092506753,49.58111480435449,1.553912685930122,-2.141624062047825,91.17647058823529,80.0,80.64516129032258,11
100.6120687681717,104.79587327423431,0.1710055857482177,0.2666499614715576,0.03707636892795563,0.24356816709041595,-0.07022857666015625,0.15868526697158813,0.0,0.0,54.197703692451796,51.661332462838175,2.179706697755819,-3.205932767384269,91.17647058823529,80.0,80.64516129032258,11
97.87908469975099,102.25784632121123,0.1687961316311568,0.257213830947876,0.03747871518135071,0.23692655563354492,-0.07145795226097107,0.15597747266292572,0.0,0.0,56.42533417257782,53.40820144619828,2.227630480126024,-2.227630480126024,91.17647058823529,80.0,80.64516129032258,11
95.7343123829159,101.18507070778548,0.16679833039474215,0.24992042779922485,0.03772658109664917,0.22991518676280975,-0.07233062386512756,0.1533646136522293,0.0,0.0,58.238392133677806,55.21985674835085,1.813057961099986,-1.813057961099986,91.17647058823529,80.0,80.64516129032258,11
93.782785791729,98.84281226004371,0.16508489342311705,0.24386656284332275,0.03741899132728577,0.2227368801832199,-0.07324457168579102,0.1510981172323227,0.0,0.0,59.65736235321878,57.12969808798155,1.4189702195409737,-1.4189702195409737,91.17647058823529,80.0,80.64516129032258,11
90.25364770579898,94.70580185794923,0.16452266631879225,0.23486864566802979,0.03713144361972809,0.21506048738956451,-0.0736699104309082,0.14908629655838013,0.0,0.0,62.826889508828366,59.28699454207569,3.169527155609586,-3.169527155609586,91.17647058823529,80.0,80.64516129032258,11
87.26321416791211,89.44791922488258,0.16397506411759558,0.22766011953353882,0.036952659487724304,0.20783768594264984,-0.07412780821323395,0.14751219749450684,0.0,0.0,65.51039240684914,61.558259100643525,2.6835028980207696,-2.6835028980207696,91.17647058823529,80.0,80.64516129032258,11
83.11893736536865,84.40330590650396,0.16256429864195726,0.21853840351104736,0.036765843629837036,0.19983038306236267,-0.07467314600944519,0.14605039358139038,0.0,0.0,69.25841351411935,64.3132644457539,3.748021107270219,-3.748021107270219,91.17647058823529,80.0,80.64516129032258,11
80.66416196568036,79.0816232577457,0.16312374943037716,0.21381795406341553,0.0373430997133255,0.19238153100013733,-0.07515224814414978,0.14525432884693146,0.0,0.0,71.67374051839926,67.31735898704903,2.415327004279902,-2.415327004279902,91.17647058823529,80.0,80.64516129032258,11
78.58101247011234,73.4823136256994,0.16037025291240045,0.2084471583366394,0.038268908858299255,0.18520846962928772,-0.0749506801366806,0.14419114589691162,0.0,0.0,74.06848495743824,70.1277578492015,2.3947444390389876,-2.3947444390389876,91.17647058823529,80.0,80.64516129032258,11
72.07457382258121,64.52583248933654,0.15488214056123312,0.2024889588356018,0.04845304787158966,0.16950948536396027,-0.07173143327236176,0.1401861310005188,0.0,0.0,82.13118507230547,76.2797975825176,7.2595447811380325,-8.062700114867226,91.17647058823529,80.0,80.64516129032258,11
70.49991141655198,60.6195810676602,0.1559806893960991,0.19937950372695923,0.05277532339096069,0.16351841390132904,-0.06862170994281769,0.14043937623500824,0.0,0.0,86.38274761559052,79.35836324705568,4.251562543285047,-4.251562543285047,91.17647058823529,80.0,80.64516129032258,11
66.57494496520616,61.19849607629359,0.1515173280687502,0.19457370042800903,0.05526113510131836,0.15474431216716766,-0.06554456055164337,0.13997668027877808,0.0,0.0,89.42272064868096,83.20207340693611,3.0399730330904475,-3.0399730330904475,91.17647058823529,80.0,80.64516129032258,11
64.4438273821251,57.85770666427918,0.15334984847309457,0.18827271461486816,0.05690114200115204,0.14557982981204987,-0.062142759561538696,0.14078901708126068,0.0,0.0,86.78916951556123,86.18145571303454,2.633551133119738,2.633551133119738,91.17647058823529,80.0,80.64516129032258,11
54.343469572217316,40.664231410539934,0.14286375618654426,0.16573911905288696,0.05547031760215759,0.13364064693450928,-0.060359179973602295,0.13830959796905518,0.0,0.0,79.29230710487326,85.47173622117649,7.496862410687967,7.496862410687967,91.17647058823529,80.0,80.64516129032258,11
55.267136379808,36.86643757997248,0.1324872984618703,0.16348952054977417,0.0535515695810318,0.12182408571243286,-0.060536131262779236,0.13172371685504913,0.0,0.0,83.1443760372939,84.66214332660233,3.852068932420636,-3.852068932420636,91.17647058823529,80.0,80.64516129032258,11
64.50693825896809,25.23306310580866,0.1270953793751811,0.1686462163925171,0.05367973446846008,0.10638321936130524,-0.05173763632774353,0.12178675830364227,0.0,0.0,80.02458537505427,81.63449888501621,4.052141647789156,3.119790662239623,91.17647058823529,80.0,80.64516129032258,11
53.375582852319575,4.466398741892516,0.11344854563953675,0.14170539379119873,0.05539366602897644,0.09916317462921143,-0.04767946898937225,0.11554278433322906,0.0,0.0,76.21143899659933,80.86428185794773,3.8131463784549453,3.8131463784549453,91.17647058823529,80.0,80.64516129032258,11
35.448763363771896,11.182614317838398,0.0510533876376097,0.1554892659187317,0.055173829197883606,0.0755922794342041,-0.038362056016922,0.09743781387805939,0.0,0.0,64.35566679063264,76.16710454628242,11.855772205966687,11.855772205966687,91.17647058823529,80.0,80.64516129032258,11
47.437112913720235,3.482451591389838,0.06006173634346372,0.15035223960876465,0.05357356369495392,0.05971302092075348,-0.03563019633293152,0.07917086780071259,0.0,0.0,88.95377932794023,77.3863676225566,24.598112537307586,-24.598112537307586,91.17647058823529,80.0,80.64516129032258,11
26.482063183428465,20.1911241620424,0.030742149046746683,0.1333748698234558,0.052176833152770996,0.03814059495925903,-0.034365639090538025,0.051145002245903015,0.0,0.0,83.21005053632138,78.1827339128734,5.7437287916188495,5.7437287916188495,91.17647058823529,80.0,80.64516129032258,11
104.93064709018282,109.5456972970607,0.17829721729669573,0.28100311756134033,0.02257627248764038,0.1373971551656723,-0.05574633181095123,0.07109299302101135,0.0,0.0,51.38652169500229,50.74346701759442,31.82352884131909,31.82352884131909,91.17647058823529,80.0,80.64516129032258,11
108.89920719476382,113.00139546708947,0.1780281661218385,0.2905009984970093,0.03092576563358307,0.2206343114376068,-0.06196819245815277,0.1376761496067047,0.0,0.0,47.835188624504596,48.04280298263707,3.551333070497691,3.551333070497691,91.17647058823529,80.0,80.64516129032258,11
113.23688165621553,115.5038814199232,0.18115454776208306,0.30045926570892334,0.03551648557186127,0.24853935837745667,-0.06580640375614166,0.1561223268508911,0.0,0.0,44.5960340903349,47.653670400586535,3.2391545341696926,3.2391545341696926,91.17647058823529,80.0,80.64516129032258,11
117.30605059221554,118.07224054489825,0.18661153390777485,0.31301844120025635,0.03398051857948303,0.2653270959854126,-0.06895329058170319,0.16733188927173615,0.0,0.0,42.137591468185086,46.48883396950672,2.4584426221498177,2.4584426221498177,91.17647058823529,80.0,80.64516129032258,11
121.0299311473226,120.00069227112009,0.18663293374377393,0.3240525722503662,0.03330250084400177,0.2756970375776291,-0.06649288535118103,0.17053963243961334,0.0,0.0,39.64054596075022,43.5523400359437,2.497045507434869,2.497045507434869,91.17647058823529,80.0,80.64516129032258,11
125.0978072359737,122.8424546386545,0.18684239549281784,0.3349144458770752,0.032774195075035095,0.28592386841773987,-0.06351077556610107,0.17402268946170807,0.0,0.0,36.691144098414,40.76632890442105,2.9494018623362166,2.9494018623362166,91.17647058823529,80.0,80.64516129032258,11
130.48656819898176,126.03314357645054,0.1892296795776336,0.34957802295684814,0.032553091645240784,0.2965220808982849,-0.05979223549365997,0.1774604618549347,0.0,0.0,33.09775546381241,37.891759247790425,3.593388634601588,3.593388634601588,91.17647058823529,80.0,80.64516129032258,11
133.15281286162966,127.49920691103183,0.19466074058604793,0.36306846141815186,0.03296419978141785,0.3074885159730911,-0.056249216198921204,0.18071936070919037,0.0,0.0,31.551203756256804,35.24516231980836,1.546551707555608,1.546551707555608,91.17647058823529,80.0,80.64516129032258,11
135.7964218724332,129.80009600998608,0.19642176642484713,0.37695640325546265,0.03380332887172699,0.32016755640506744,-0.05318734049797058,0.18420995771884918,0.0,0.0,29.59869086700766,32.73469854637272,1.9525128892491423,1.9525128892491423,91.17647058823529,80.0,80.64516129032258,11
139.7318626392081,132.03913568121052,0.19708900327927395,0.38554853200912476,0.034857749938964844,0.3328453153371811,-0.04973022639751434,0.187835231423378,0.0,0.0,27.200163743682737,30.361953457689904,2.398527123324925,2.398527123324925,91.17647058823529,80.0,80.64516129032258,11
142.18482685393872,134.08854107145856,0.20043939264139093,0.3937533497810364,0.0360507071018219,0.3441759794950485,-0.046751827001571655,0.19147689640522003,0.0,0.0,25.847387935235588,28.549361575545696,1.3527758084471486,1.3527758084471486,91.17647058823529,80.0,80.64516129032258,11
146.47572144613738,137.80398639737004,0.21040015303945533,0.4123459458351135,0.03717795014381409,0.3631160408258438,-0.0403970330953598,0.19927610456943512,0.0,0.0,23.527619498328207,25.356074688612097,1.3215080788736486,2.319768436907381,91.17647058823529,80.0,80.64516129032258,11
150.37238931695205,141.66475854271906,0.21232116890018532,0.43176084756851196,0.036888450384140015,0.37937554717063904,-0.03586284816265106,0.207023024559021,0.0,0.0,20.779718829179913,22.918452360942556,1.7376247098803361,2.7479006691482937,91.17647058823529,80.0,80.64516129032258,11
152.41339791611236,144.05707296521445,0.21377067045342235,0.4448128938674927,0.036777377128601074,0.3886357694864273,-0.03377296030521393,0.2094583660364151,0.0,0.0,19.362622180888906,21.54682601186432,1.4170966482910075,1.4170966482910075,91.17647058823529,80.0,80.64516129032258,11
155.59739932126345,146.486541027385,0.21575016328090799,0.45423346757888794,0.035974740982055664,0.39781156182289124,-0.031473204493522644,0.21116012334823608,0.0,0.0,17.126619220850685,19.94657594249494,2.2360029600382205,2.2360029600382205,91.17647058823529,80.0,80.64516129032258,11
157.97565435755178,148.99158798143736,0.21689816434307813,0.45888572931289673,0.03485020995140076,0.4068145602941513,-0.028741464018821716,0.21272513270378113,0.0,0.0,15.563732425304039,18.208173164055886,1.5628867955466461,1.5628867955466461,91.17647058823529,80.0,80.64516129032258,11
160.0050625067255,150.40342040057868,0.21961142496628097,0.46597546339035034,0.03370985388755798,0.4159182608127594,-0.02602580189704895,0.21490830183029175,0.0,0.0,14.299367527298713,16.588085338585586,1.2643648980053257,1.2643648980053257,91.17647058823529,80.0,80.64516129032258,11
162.64462226473393,152.99433353113707,0.22247081991384535,0.4703816771507263,0.03208531439304352,0.4227922558784485,-0.022732987999916077,0.21746240556240082,0.0,0.0,12.867695370951836,14.964353636101318,1.4316721563468775,1.4316721563468775,91.17647058823529,80.0,80.64516129032258,11
165.39371290918982,155.82247463858576,0.22442058632135153,0.4760756492614746,0.030630141496658325,0.4285447895526886,-0.019282832741737366,0.21996237337589264,0.0,0.0,11.15147569708499,13.470567755159895,1.7162196738668456,1.7162196738668456,91.17647058823529,80.0,80.64516129032258,11
169.18274074332805,160.4561038492324,0.22609579617132594,0.47939908504486084,0.026515111327171326,0.4378678798675537,-0.013192877173423767,0.22476989030838013,0.0,0.0,8.31425949456684,10.565483935304957,1.6142456840493224,2.8372162025181495,91.17647058823529,80.0,80.64516129032258,11
170.57257503225614,162.77685628211282,0.22482934092904505,0.4784727692604065,0.02299615740776062,0.4403233975172043,-0.011310935020446777,0.2254757434129715,0.0,0.0,6.908933249625704,9.075793404973425,1.4053262449411363,1.4053262449411363,91.17647058823529,80.0,80.64516129032258,11
172.25089202367087,165.25479293658998,0.2231476783800185,0.4794578552246094,0.018799304962158203,0.440669909119606,-0.01016053557395935,0.2252148687839508,0.0,0.0,5.457597542977155,7.652323866446466,1.4513357066485497,1.4513357066485497,91.17647058823529,80.0,80.64516129032258,11
171.4719608252125,164.64539366653304,0.23230468692923092,0.4858541488647461,0.012870773673057556,0.44862543046474457,-0.006285950541496277,0.23215647041797638,0.0,0.0,6.535338245509479,5.064640767565653,1.476593524162297,,92.5925925925926,100.0,93.75,12
162.2156574480579,155.68068021843672,0.23329894171357507,0.46657586097717285,0.025267720222473145,0.43349264562129974,-0.015368655323982239,0.23231567442417145,0.0,0.0,13.314696842450445,11.434647585253245,1.4828492579473362,-6.779358596940966,92.5925925925926,100.0,93.75,12
160.36848392747504,154.16962210251162,0.23419282764826438,0.46194690465927124,0.02707923948764801,0.43065229058265686,-0.017200008034706116,0.23246583342552185,0.0,0.0,14.631310368930471,12.612369467977352,1.316613526480026,-1.316613526480026,92.5925925925926,100.0,93.75,12
147.90565771621777,143.00652442574076,0.22626408986595214,0.42392754554748535,0.039581894874572754,0.3947943150997162,-0.03040708601474762,0.22256094217300415,0.0,0.0,23.816060747023485,22.131022649810294,1.3522849858368886,-9.184750378093014,92.5925925925926,100.0,93.75,12
142.99222943207818,137.3730058287291,0.22432286677506108,0.4051946997642517,0.04135774075984955,0.3814244568347931,-0.03421550989151001,0.2228744924068451,0.0,0.0,27.73479898976003,25.52273694788621,1.9342054415009002,-3.918738242736545,92.5925925925926,100.0,93.75,12
135.15400122681123,130.42011501653505,0.21386841914133836,0.3840944766998291,0.04506121575832367,0.3548147976398468,-0.04097311198711395,0.21136336028575897,0.0,0.0,33.24573859900698,30.963088830123258,2.213052704592421,-5.510939609246947,92.5925925925926,100.0,93.75,12
130.89875351839692,126.44826167509953,0.2123055940926196,0.376761794090271,0.047246694564819336,0.34979087114334106,-0.04262027144432068,0.20989388227462769,0.0,0.0,36.69324322583783,32.74716331659108,3.447504626830856,-3.447504626830856,92.5925925925926,100.0,93.75,12
128.190806561548,124.14795403531524,0.20953529701399315,0.3719608187675476,0.050495341420173645,0.3434232324361801,-0.044153496623039246,0.20802122354507446,0.0,0.0,38.999963660856,34.99290784502884,2.306720435018164,-2.306720435018164,92.5925925925926,100.0,93.75,12
123.84747454133583,119.78301067745141,0.20973773872106932,0.3563501834869385,0.058599695563316345,0.3279983103275299,-0.04765501618385315,0.20465914905071259,0.0,0.0,42.40037584150858,40.761220645060135,1.5672330354406583,-3.40041218065258,92.5925925925926,100.0,93.75,12
119.4302363021333,118.50503767622979,0.20621190269386108,0.34347766637802124,0.05791877210140228,0.31683143973350525,-0.05172005295753479,0.20167280733585358,0.0,0.0,45.38009193334156,43.596519461657564,1.4773763624233922,-2.9797160918329837,92.5925925925926,100.0,93.75,12
115.97329668484173,112.94913136410587,0.2002426928178853,0.3268895149230957,0.0559561550617218,0.3036580979824066,-0.05573184788227081,0.19504810869693756,0.0,0.0,47.15045043438975,45.815744150920295,2.2116796384992483,-1.770358501048186,92.5925925925926,100.0,93.75,12
113.81531585242539,112.85219259637184,0.19539890509079613,0.3187248706817627,0.054340824484825134,0.2972707003355026,-0.05702808499336243,0.1918487548828125,0.0,0.0,48.54380864658544,46.60667332923127,1.3933582121956931,-1.3933582121956931,92.5925925925926,100.0,93.75,12
111.32532119454103,109.24201013955158,0.1913654510057721,0.30842292308807373,0.05271628499031067,0.2889365553855896,-0.05813905596733093,0.18817107379436493,0.0,0.0,50.54578880110882,47.794704669493626,2.0019801545233804,-2.0019801545233804,92.5925925925926,100.0,93.75,12
108.77019952123484,106.23165301295104,0.1924930197723698,0.3038768172264099,0.052007466554641724,0.2800384908914566,-0.05943365395069122,0.18557989597320557,0.0,0.0,52.80383939095564,49.76097181825991,2.2580505898468175,-2.2580505898468175,92.5925925925926,100.0,93.75,12
106.86924148933878,104.1858485457947,0.1931128936665679,0.29846394062042236,0.052003949880599976,0.2726450562477112,-0.060350850224494934,0.18341441452503204,0.0,0.0,54.4665074687428,51.58998607684818,1.6626680777871599,-1.6626680777871599,92.5925925925926,100.0,93.75,12
103.97714996026724,98.49584286843918,0.19251999081668233,0.2856786847114563,0.050611674785614014,0.26230305433273315,-0.06198425590991974,0.1823582947254181,0.0,0.0,56.924788826311186,54.66926079200761,2.442881344290356,-2.4582813575683886,92.5925925925926,100.0,93.75,12
101.42315485633196,94.94983373020034,0.18860534719148633,0.2790999412536621,0.04920549690723419,0.25574785470962524,-0.062245577573776245,0.18124276399612427,0.0,0.0,59.42114429487228,56.323587017986775,2.4963554685610916,-2.4963554685610916,92.5925925925926,100.0,93.75,12
98.49289634630179,90.07409590883964,0.18431702915830137,0.2703617811203003,0.04801703989505768,0.24739518761634827,-0.06198924779891968,0.17900575697422028,0.0,0.0,62.254653482003064,58.27062352130184,2.8335091871307867,-2.8335091871307867,92.5925925925926,100.0,93.75,12
95.69025003170532,88.78720183115753,0.1810964273122992,0.26270592212677,0.04717642068862915,0.23712138831615448,-0.06157611310482025,0.17618328332901,0.0,0.0,64.74258476699097,60.83579284254438,2.4879312849879085,-2.4879312849879085,92.5925925925926,100.0,93.75,12
91.27896177780366,84.17424367220485,0.18172766396796178,0.253201961517334,0.04756943881511688,0.22689083218574524,-0.06093323230743408,0.17354989051818848,0.0,0.0,69.30250525704018,63.930221950226624,4.559920490049208,-4.559920490049208,92.5925925925926,100.0,93.75,12
88.8226457871117,81.13964669920982,0.18009518374991487,0.2469126582145691,0.04798370599746704,0.21784386038780212,-0.060674309730529785,0.1713850349187851,0.0,0.0,71.42890445798565,66.93216199100496,2.126399200945471,-2.126399200945471,92.5925925925926,100.0,93.75,12
81.72061544703524,73.07334494816159,0.18052580634391063,0.23318761587142944,0.04845893383026123,0.2082914113998413,-0.060913681983947754,0.17029345035552979,0.0,0.0,78.28307666444076,70.9392677866144,6.854172206455104,-6.854172206455104,92.5925925925926,100.0,93.75,12
78.1613111955404,71.82364792673113,0.18139247214030127,0.22798794507980347,0.04895074665546417,0.19973871111869812,-0.06185159087181091,0.17002755403518677,0.0,0.0,81.0423352124236,75.01420539797255,2.7592585479828386,-2.7592585479828386,92.5925925925926,100.0,93.75,12
76.02038856768905,68.02225259373972,0.18137108686315123,0.22464978694915771,0.04923906922340393,0.19255338609218597,-0.06317925453186035,0.16944050788879395,0.0,0.0,82.73192254224827,78.37155971927457,1.6895873298246755,-1.6895873298246755,92.5925925925926,100.0,93.75,12
75.69207874603654,69.18087968174869,0.1763856119095776,0.22557467222213745,0.05144794285297394,0.1802157610654831,-0.06580165028572083,0.1662137806415558,0.0,0.0,82.51488173101279,83.19007882616698,1.3748695827518702,0.2170408112354778,92.5925925925926,100.0,93.75,12
71.77246028014872,63.80360762182792,0.17623944123663168,0.21810108423233032,0.05443163216114044,0.1768556535243988,-0.06603637337684631,0.16323791444301605,0.0,0.0,86.23789421166828,83.55659484292413,3.6720003363089972,-3.723012480655484,92.5925925925926,100.0,93.75,12
67.02943892315317,57.15734944017605,0.17111249967140413,0.2124621868133545,0.05286067724227905,0.16479036211967468,-0.06513820588588715,0.1607639193534851,0.0,0.0,89.33633190592582,87.74847352618146,1.3214224659944307,-3.098437694257541,92.5925925925926,100.0,93.75,12
69.95953300368768,61.35317987302764,0.1749064618817535,0.22107332944869995,0.03951843082904816,0.1629420518875122,-0.06726624071598053,0.1602768450975418,0.0,0.0,87.32297268453242,88.57042991083529,1.8029497120394637,2.013359221393401,92.5925925925926,100.0,93.75,12
77.0952702965809,66.39210718084958,0.18368088629989676,0.23800402879714966,0.03929653763771057,0.1721048653125763,-0.06719060242176056,0.16507430374622345,0.0,0.0,81.71417736158723,86.208002742272,4.954761164809213,5.608795322945184,92.5925925925926,100.0,93.75,12
79.64114774893955,67.05330710507364,0.18757912487882833,0.24548017978668213,0.03981085121631622,0.18018212914466858,-0.06671389937400818,0.16870945692062378,0.0,0.0,79.83752954793259,83.88590453011217,1.8766478136546425,1.8766478136546425,92.5925925925926,100.0,93.75,12
81.48311986760183,67.82814338994893,0.18946473837367675,0.24963605403900146,0.04063105583190918,0.18859410285949707,-0.06610792875289917,0.172855406999588,0.0,0.0,78.4131933713016,81.65845970180447,1.4243361766309874,1.4243361766309874,92.5925925925926,100.0,93.75,12
89.37087955241083,73.72474953786508,0.1890793989759804,0.2639850974082947,0.042537763714790344,0.19917552173137665,-0.0648767501115799,0.17585061490535736,0.0,0.0,71.41307909111265,77.84449484298352,7.000114280188953,7.000114280188953,92.5925925925926,100.0,93.75,12
95.60808880302375,76.70595774902479,0.18786878701711912,0.2751578688621521,0.04584170877933502,0.2092062085866928,-0.06276769936084747,0.1777115762233734,0.0,0.0,66.42255461321281,74.02158915588991,4.990524477899839,4.990524477899839,92.5925925925926,100.0,93.75,12
99.78590633366906,79.47951448728718,0.19057322700060822,0.2882806658744812,0.049495622515678406,0.22046823799610138,-0.06048610806465149,0.17928381264209747,0.0,0.0,62.92702846851878,69.79396388603645,3.4955261446940327,3.4955261446940327,92.5925925925926,100.0,93.75,12
102.5522603570318,80.25811101494436,0.19851913785407782,0.296661376953125,0.054138705134391785,0.23393437266349792,-0.05789414048194885,0.1825082004070282,0.0,0.0,61.43702587747704,65.54992201258032,1.490002591041737,1.490002591041737,92.5925925925926,100.0,93.75,12
106.99307034483755,87.57240846210476,0.20050067306067565,0.31263959407806396,0.05910034477710724,0.24757786095142365,-0.055760979652404785,0.18616598844528198,0.0,0.0,57.47199896055244,62.064651979940265,3.9650269169246,3.9650269169246,92.5925925925926,100.0,93.75,12
111.83913401613717,92.91900022862949,0.20375865689567335,0.3273845911026001,0.06283648312091827,0.2619647681713104,-0.05405917763710022,0.19079816341400146,0.0,0.0,53.621716730185454,58.86444250918343,3.850282230366986,3.850282230366986,92.5925925925926,100.0,93.75,12
115.00987859703869,93.36909921984997,0.20614740234054377,0.3392854332923889,0.06563591957092285,0.27604421973228455,-0.05247253179550171,0.19528716802597046,0.0,0.0,50.87194464777271,55.85067155399691,2.749772082412747,2.749772082412747,92.5925925925926,100.0,93.75,12
119.20708729086476,96.19620080091265,0.20823710975428805,0.34891217947006226,0.06635746359825134,0.2894999831914902,-0.05113038420677185,0.19815652072429657,0.0,0.0,47.073684879058206,52.2598363043922,3.7982597687145017,3.7982597687145017,92.5925925925926,100.0,93.75,12
121.52084571084083,96.53052088349139,0.21100853247021345,0.3560978174209595,0.06502610445022583,0.30077582597732544,-0.049933433532714844,0.2011779248714447,0.0,0.0,45.07617669184899,49.160880737216345,1.9975081872092133,1.9975081872092133,92.5925925925926,100.0,93.75,12
125.36161203775902,96.11480512672202,0.21355117059224593,0.3705788254737854,0.062776118516922,0.3118506520986557,-0.04930491745471954,0.20385418832302094,0.0,0.0,41.47332591840359,46.12378303427087,3.602850773445404,3.602850773445404,92.5925925925926,100.0,93.75,12
130.66435168688622,102.83250428097872,0.21619381994206155,0.39076364040374756,0.05972234904766083,0.3248773217201233,-0.04843589663505554,0.20664048194885254,0.0,0.0,36.831566181159324,42.613688417617524,4.641759737244264,4.641759737244264,92.5925925925926,100.0,93.75,12
134.13390726785363,103.61936398963338,0.21913304000772632,0.40464091300964355,0.05785591900348663,0.33865849673748016,-0.047161832451820374,0.20971910655498505,0.0,0.0,34.205413325174135,39.39662052914651,2.6261528559851897,2.6261528559851897,92.5925925925926,100.0,93.75,12
137.221720618658,106.36837191625072,0.22230625447930272,0.41612309217453003,0.0561869740486145,0.35353289544582367,-0.04554593563079834,0.21295775473117828,0.0,0.0,31.770446682263362,36.0701880267501,2.434966642910773,2.434966642910773,92.5925925925926,100.0,93.75,12
139.84059833022,109.32041376452217,0.22210467968814154,0.4231851100921631,0.0551118403673172,0.36668889224529266,-0.04331345856189728,0.21560469269752502,0.0,0.0,29.860688934198656,33.16702878069887,1.909757748064706,1.909757748064706,92.5925925925926,100.0,93.75,12
143.06784283000485,113.37072174655344,0.22228066047042988,0.4333704710006714,0.054211705923080444,0.3772364407777786,-0.04075324535369873,0.21765129268169403,0.0,0.0,27.463464876212868,30.825003454462255,2.397224057985788,2.397224057985788,92.5925925925926,100.0,93.75,12
146.86279441319203,119.050400702974,0.2227801307390178,0.44973719120025635,0.05318516492843628,0.38777726888656616,-0.037837907671928406,0.21909309923648834,0.0,0.0,24.71526874519411,28.452467309467245,2.7481961310187586,2.7481961310187586,92.5925925925926,100.0,93.75,12
150.61933496934256,123.5763280715926,0.22259250481678625,0.4612336754798889,0.0525626540184021,0.39781926572322845,-0.034115999937057495,0.2197590172290802,0.0,0.0,22.268351111312867,26.076943416729627,2.4469176338812417,2.4469176338812417,92.5925925925926,100.0,93.75,12
153.11594795357414,126.42571995971444,0.22274663982202972,0.4606401324272156,0.05150088667869568,0.4052477031946182,-0.029950931668281555,0.2205151915550232,0.0,0.0,20.945020110232875,23.848026210738176,1.3233310010799926,1.3233310010799926,92.5925925925926,100.0,93.75,12
155.98191237760548,131.9426867545664,0.22145202443542966,0.46817272901535034,0.04970824718475342,0.4121799170970917,-0.026078462600708008,0.2208138108253479,0.0,0.0,18.55656045372804,21.621300105116973,2.3884596565048355,2.3884596565048355,92.5925925925926,100.0,93.75,12
160.17533788239305,134.7493036186604,0.2207907655291236,0.4674232602119446,0.046263739466667175,0.4153473377227783,-0.02202756702899933,0.22076411545276642,0.0,0.0,15.558340522033717,19.332068049326875,2.9982199316943223,2.9982199316943223,92.5925925925926,100.0,93.75,12
162.82163433133823,140.19120753963185,0.21830796675636038,0.46816539764404297,0.042071253061294556,0.4159770607948303,-0.018494457006454468,0.22001783549785614,0.0,0.0,13.651962674281336,17.17797094006899,1.9063778477523812,1.9063778477523812,92.5925925925926,100.0,93.75,12
164.5300570989485,142.8706353313819,0.21743154919114588,0.4737670421600342,0.037972480058670044,0.41879722476005554,-0.01569545269012451,0.21890714764595032,0.0,0.0,12.345355592123497,15.028054810541647,1.3066070821578393,1.3066070821578393,92.5925925925926,100.0,93.75,12
166.33399029110575,146.60644957274178,0.21699715045414208,0.4767802953720093,0.03415605425834656,0.420465350151062,-0.01298433542251587,0.2179844081401825,0.0,0.0,10.96315992637274,13.129704678702822,1.382195665750757,1.382195665750757,92.5925925925926,100.0,93.75,12
168.71200379947038,152.2658865925998,0.2175463115233502,0.48026156425476074,0.030747786164283752,0.4231530576944351,-0.011026695370674133,0.21728378534317017,0.0,0.0,9.023814677983495,11.496073217690267,1.9393452483892446,1.9393452483892446,92.5925925925926,100.0,93.75,12
171.32670329190333,157.19861147251953,0.22040291019660896,0.48701608180999756,0.0266103595495224,0.42776332795619965,-0.009480953216552734,0.21788108348846436,0.0,0.0,6.789597875727239,9.780482018051742,2.234216802256256,2.234216802256256,92.5925925925926,100.0,93.75,12
173.63614325179813,159.903098455707,0.222537140668235,0.4895612597465515,0.021903693675994873,0.4311869293451309,-0.007736608386039734,0.2192249447107315,0.0,0.0,5.108807327964598,7.971344952012018,1.6807905477626406,1.6807905477626406,92.5925925925926,100.0,93.75,12
175.10775127870264,162.869926467976,0.22274749745776817,0.49075108766555786,0.016761332750320435,0.4341232478618622,-0.006292447447776794,0.22071173787117004,0.0,0.0,3.7459601114521774,6.167044998281877,1.3628472165124208,1.3628472165124208,92.5925925925926,100.0,93.75,12
177.4022203172695,179.89985226569976,0.1931378774953173,0.5614237785339355,,,,,0.0,0.0,-1.0851470067242985,,1.5300333432250142,,96.55172413793103,100.0,75.75757575757575,13
168.17420627359104,169.98853376107508,0.1762231539117753,0.5475379824638367,-0.004361771047115326,0.37556207925081253,-0.016972750425338745,0.17567959427833557,0.0,0.0,5.18506934816692,3.611984968643103,1.7316863821519206,-6.270216354891218,96.55172413793103,100.0,75.75757575757575,13
163.29362804083627,166.31164731847142,0.17857814933780145,0.5412770509719849,-0.0011637136340141296,0.37163829803466797,-0.022832706570625305,0.1763218194246292,0.0,0.0,8.13419328812364,6.344850106676354,1.7189329717958373,-2.9491239399567206,96.55172413793103,100.0,75.75757575757575,13
156.41316287045652,161.62691701421923,0.17780468654090997,0.5315119922161102,0.0013015270233154297,0.3651920557022095,-0.02807663381099701,0.1756468415260315,0.0,0.0,12.145397928554146,8.844680590787359,3.4615270984103006,-4.011204640430506,96.55172413793103,100.0,75.75757575757575,13
151.38297584607972,157.55430030695504,0.17758030652594767,0.5259749591350555,0.005843259394168854,0.3567531853914261,-0.036889828741550446,0.1731264293193817,0.0,0.0,15.234939795061948,13.098602781735362,2.5546775177629826,-3.089541866507801,96.55172413793103,100.0,75.75757575757575,13
144.24001951548715,152.99123685067318,0.16946220388486044,0.5067603290081024,0.009214863181114197,0.34519199281930923,-0.04443538933992386,0.1666175127029419,0.0,0.0,18.921473380223986,16.743540325665215,2.2831082302197103,-3.6865335851620387,96.55172413793103,100.0,75.75757575757575,13
135.06970173095604,146.3449998784345,0.16116166721365663,0.4856048822402954,0.01143818348646164,0.31913816928863525,-0.05448021739721298,0.15424023568630219,0.0,0.0,24.124696163791086,21.8109987725218,2.413336125961436,-5.203222783567099,96.55172413793103,100.0,75.75757575757575,13
131.09676529351373,142.28684497086388,0.15481243005338158,0.47719478607177734,0.016127094626426697,0.2998371869325638,-0.05695692449808121,0.1445549726486206,0.0,0.0,26.920870350692347,25.215983186270613,1.7685354249875402,-2.7961741869012613,96.55172413793103,100.0,75.75757575757575,13
126.65053245200636,137.841197776015,0.1522629781000783,0.46420109272003174,0.019411876797676086,0.2910776138305664,-0.059603095054626465,0.14525611698627472,0.0,0.0,30.0405004655626,28.467009158340073,1.5457381338544423,-3.1196301148702545,96.55172413793103,100.0,75.75757575757575,13
124.71334204409777,134.78077741869103,0.1549704947428186,0.45610177516937256,0.02171195298433304,0.27883924543857574,-0.060348138213157654,0.14058320224285126,0.0,0.0,32.0495144510518,30.701505278240525,1.391058526099556,-2.0090139854891973,96.55172413793103,100.0,75.75757575757575,13
121.48975622308163,132.4286589524012,0.15585415369437738,0.44289571046829224,0.022113293409347534,0.27347058057785034,-0.061635226011276245,0.14197315275669098,0.0,0.0,34.625275985712605,32.53210872218006,1.8300874587090021,-2.5757615346608063,96.55172413793103,100.0,75.75757575757575,13
117.95270129156859,129.3624464648192,0.15800273821474056,0.43084871768951416,0.021812118589878082,0.2636515498161316,-0.06405994296073914,0.14399559795856476,0.0,0.0,37.56438655237992,35.6846574350473,2.2855367882504183,-2.939110566667317,96.55172413793103,100.0,75.75757575757575,13
115.5201171728539,126.19570760056538,0.15843474766350088,0.42173629999160767,0.02204573154449463,0.2575252801179886,-0.06503300368785858,0.14468912780284882,0.0,0.0,40.115923596970504,37.704677603758014,2.256373095418361,-2.5515370445905816,96.55172413793103,100.0,75.75757575757575,13
111.73368761476485,123.03791024485018,0.1572322645754535,0.4118157625198364,0.02280344069004059,0.24589484930038452,-0.06623928248882294,0.1433556079864502,0.0,0.0,42.99630825656524,40.985100002893866,2.7347674292445134,-2.880384659594739,96.55172413793103,100.0,75.75757575757575,13
108.7565222690161,119.27666848969123,0.15643654338999724,0.40632033348083496,0.02452121675014496,0.23594895005226135,-0.0673905685544014,0.14165978133678436,0.0,0.0,45.685327839515786,44.272541415518766,1.3296621389401437,-2.689019582950543,96.55172413793103,100.0,75.75757575757575,13
105.7207858129027,115.19393629196581,0.15488300450933148,0.39908796548843384,0.02683374285697937,0.2311667650938034,-0.06747851520776749,0.1404728889465332,0.0,0.0,48.482335700005535,46.12619860508525,2.5008705197614844,-2.7970078604897495,96.55172413793103,100.0,75.75757575757575,13
102.00021706050484,110.26672481473607,0.1515404806713661,0.3866259455680847,0.03125644475221634,0.22043108940124512,-0.06656624376773834,0.1380104273557663,0.0,0.0,52.25560045272849,49.90866515667765,2.5778895504705375,-3.7732647527229517,96.55172413793103,100.0,75.75757575757575,13
101.33493062858219,108.12199287929985,0.1492770816259726,0.3816604018211365,0.032691553235054016,0.21320658922195435,-0.06541766971349716,0.13554273545742035,0.0,0.0,53.0781537437945,51.65424812681237,1.4726263353259625,-0.8225532910660149,96.55172413793103,100.0,75.75757575757575,13
97.99827652246006,102.83503555510866,0.15032113373295858,0.37416011095046997,0.03585899621248245,0.20695213973522186,-0.0646248385310173,0.13569343090057373,0.0,0.0,56.56818398728438,54.662016230934036,1.5938339226688285,-3.4900302434898762,96.55172413793103,100.0,75.75757575757575,13
95.55721107089028,99.04148989033226,0.14885682932039238,0.36817073822021484,0.03763072192668915,0.20131218433380127,-0.06423972547054291,0.13487541675567627,0.0,0.0,59.05250207381863,56.90680826322779,2.0203051466260433,-2.484318086534252,96.55172413793103,100.0,75.75757575757575,13
92.05636587124769,94.86305380831686,0.1496739347172984,0.3578343987464905,0.03912977874279022,0.1942836493253708,-0.06394007802009583,0.13565927743911743,0.0,0.0,62.66353059953968,60.38301339796211,2.549515785670664,-3.6110285257210535,96.55172413793103,100.0,75.75757575757575,13
87.65254361584618,89.78288437986193,0.15136126914030132,0.3476129174232483,0.04002009332180023,0.18613190948963165,-0.06409899145364761,0.13656874001026154,0.0,0.0,67.29946349074936,64.56161954027678,2.894935839845772,-4.635932891209677,96.55172413793103,100.0,75.75757575757575,13
81.98607795366786,84.19983897136389,0.14991996434239824,0.33620673418045044,0.04061909765005112,0.17872832715511322,-0.06430015712976456,0.13652242720127106,0.0,0.0,72.48846857432878,68.13055661743847,4.158701820556615,-5.189005083579417,96.55172413793103,100.0,75.75757575757575,13
78.4908805906091,80.3786495858071,0.14451638929509586,0.3284916281700134,0.04257863014936447,0.1651228368282318,-0.06366225332021713,0.13343378901481628,0.0,0.0,75.75774056611549,73.39656291720628,3.002186047252934,-3.2692719917867095,96.55172413793103,100.0,75.75757575757575,13
74.66166198445313,76.78159630613627,0.14206265968427859,0.3191734552383423,0.04395546019077301,0.15708193182945251,-0.0628226026892662,0.1302678883075714,0.0,0.0,79.09884207480707,75.91943050375342,3.0332572195784877,-3.3411015086915796,96.55172413793103,100.0,75.75757575757575,13
72.65510261264762,75.90923526086098,0.1400018645296209,0.3149912357330322,0.04426351189613342,0.15110231935977936,-0.06287114322185516,0.12796911597251892,0.0,0.0,80.37085438514951,77.82325547032517,1.272012310342447,-1.272012310342447,96.55172413793103,100.0,75.75757575757575,13
69.5056657262096,73.24052573842445,0.1378632482997816,0.3077177405357361,0.04447648674249649,0.1423664093017578,-0.06348419934511185,0.12436603009700775,0.0,0.0,82.88675581112659,80.53472291328214,3.10431642908118,-2.515901425977077,96.55172413793103,100.0,75.75757575757575,13
64.83914447721742,69.3373967344522,0.13838123132512464,0.29944097995758057,0.044581539928913116,0.134986013174057,-0.064100481569767,0.12251098453998566,0.0,0.0,87.25035810479292,83.46006180581523,3.3296641794969304,-4.363602293666332,96.55172413793103,100.0,75.75757575757575,13
61.28271416475151,66.07794460214123,0.1387658365592469,0.29058825969696045,0.04449791461229324,0.12685883045196533,-0.0651603564620018,0.12236446142196655,0.0,0.0,89.37354025551559,87.3401131560808,3.107131809489047,-2.12318215072267,96.55172413793103,100.0,75.75757575757575,13
57.365374221390475,61.69870889916552,0.14252449731234496,0.28409260511398315,0.04439884424209595,0.12129803001880646,-0.06550545245409012,0.12479214370250702,0.0,0.0,85.20570008128477,88.18464972244672,3.644317655523963,4.167840174230818,96.55172413793103,100.0,75.75757575757575,13
54.70218469079237,59.24281399124386,0.14160655792855245,0.27999359369277954,0.04405856877565384,0.11763235926628113,-0.06594076007604599,0.12626862525939941,0.0,0.0,82.55913943142419,85.51900860594617,2.9020377428427935,2.6465606498605894,96.55172413793103,100.0,75.75757575757575,13
55.54251137115547,61.17967563590077,0.1374093306177742,0.2812848687171936,0.04378790408372879,0.11231949925422668,-0.06623560190200806,0.12403251230716705,0.0,0.0,84.50455621353551,83.92514484873942,1.3288496378044812,-1.945416782111323,96.55172413793103,100.0,75.75757575757575,13
57.74348619292717,65.5680065187732,0.13244498861570814,0.2841551899909973,0.04392334818840027,0.1074051558971405,-0.06813806295394897,0.11350686848163605,0.0,0.0,88.423064678725,86.88356426892467,1.7196253050845058,-3.9185084651894897,96.55172413793103,100.0,75.75757575757575,13
66.08744910667781,72.95204111260063,0.1326527872637275,0.2998400330543518,0.04429328441619873,0.11639317870140076,-0.06731492280960083,0.11425405740737915,0.0,0.0,83.72724273418744,87.88358316676965,6.1136874824838685,4.695821944537556,96.55172413793103,100.0,75.75757575757575,13
73.39383138770972,78.3925569130903,0.13604180343702227,0.3155648708343506,0.044647566974163055,0.13284853100776672,-0.0657026618719101,0.11677102744579315,0.0,0.0,78.17761233963282,81.71695513899965,4.246211043566021,5.549630394554626,96.55172413793103,100.0,75.75757575757575,13
82.04051046192711,85.78367019523459,0.13968409701474854,0.33224260807037354,0.04522065818309784,0.14577989280223846,-0.06466620415449142,0.12043000757694244,0.0,0.0,70.75214122127066,77.07474974775826,6.193280825660096,7.425471118362154,96.55172413793103,100.0,75.75757575757575,13
83.77870347393224,86.0917153195474,0.14058136094791812,0.33582907915115356,0.04557700455188751,0.15438754856586456,-0.0640835240483284,0.12247958779335022,0.0,0.0,69.46261580408148,73.83444785297893,1.2895254171891821,1.2895254171891821,96.55172413793103,100.0,75.75757575757575,13
89.73966457608202,92.43249637768852,0.1438461545941531,0.3502082824707031,0.04565858840942383,0.16879647970199585,-0.0629773661494255,0.1266254186630249,0.0,0.0,64.69036812150505,68.81108711165076,5.6488551782408365,4.772247682576435,96.55172413793103,100.0,75.75757575757575,13
97.33008896229717,98.77893212489207,0.14986829074720043,0.3706250786781311,0.044943347573280334,0.18276435136795044,-0.06218302994966507,0.13116315007209778,0.0,0.0,58.415218949940495,64.37912719277944,5.656479449985824,6.27514917156455,96.55172413793103,100.0,75.75757575757575,13
101.2904838836846,102.5020542929854,0.15830255073389254,0.3856700658798218,0.04172088950872421,0.20581673085689545,-0.06196413189172745,0.14028587937355042,0.0,0.0,55.534250068238364,57.70588271168792,3.3077419256558898,2.880968881702131,96.55172413793103,100.0,75.75757575757575,13
108.43025260529268,109.06550875686379,0.16428754219370775,0.4078996181488037,0.03783313184976578,0.2218717485666275,-0.06246652454137802,0.14905662834644318,0.0,0.0,49.419005902387156,54.087979835656036,6.580520759505944,6.115244165851209,96.55172413793103,100.0,75.75757575757575,13
110.24395199293164,110.8994045216356,0.1644513109349551,0.4120396375656128,0.03713003545999527,0.22839954495429993,-0.06228820979595184,0.1507955640554428,0.0,0.0,47.76304177391652,52.14517776207557,1.655964128470636,1.655964128470636,96.55172413793103,100.0,75.75757575757575,13
113.47096542930032,113.89845380055324,0.1672790472174406,0.4267690181732178,0.036633625626564026,0.2366398572921753,-0.061663150787353516,0.15269897878170013,0.0,0.0,45.43462892858149,49.654050816694564,2.3284128453350306,2.3284128453350306,96.55172413793103,100.0,75.75757575757575,13
114.8363213087824,115.54935613334456,0.16546199615217322,0.4285547137260437,0.035497501492500305,0.24528998136520386,-0.06111380457878113,0.15365839004516602,0.0,0.0,43.63433484485585,46.56275286243526,1.800294083725639,1.800294083725639,96.55172413793103,100.0,75.75757575757575,13
116.9834159287945,117.03082934711023,0.1651327855017248,0.43462955951690674,0.03453577309846878,0.2508804649114609,-0.06075599789619446,0.15402929484844208,0.0,0.0,41.519886408057566,44.587972988852854,2.114448436798284,2.114448436798284,96.55172413793103,100.0,75.75757575757575,13
120.63088524969811,119.72124153148472,0.16453214060451624,0.4521731734275818,0.033800624310970306,0.2568122297525406,-0.059578217566013336,0.15450561046600342,0.0,0.0,39.14604819354848,42.43372459376085,2.3738382145090853,2.3738382145090853,96.55172413793103,100.0,75.75757575757575,13
127.54749368866561,124.49392983803484,0.17339146191659086,0.47515618801116943,0.03261882811784744,0.2691728323698044,-0.05696798861026764,0.1566033512353897,0.0,0.0,34.49505857380777,38.5915788474274,4.71026364048803,4.650989619740713,96.55172413793103,100.0,75.75757575757575,13
129.10959075266138,125.78876931395128,0.1700262845794605,0.475443959236145,0.03258439153432846,0.27735331654548645,-0.054842621088027954,0.15866082906723022,0.0,0.0,33.078090156145535,36.481129784449394,1.4169684176622326,1.4169684176622326,96.55172413793103,100.0,75.75757575757575,13
95.34304766624143,81.0901140569181,0.10995982253245752,0.47826749086380005,0.037000179290771484,0.24211928248405457,-0.044174641370773315,0.14732316136360168,0.0,0.0,77.23564436966925,46.00352882847959,44.15755421352371,-44.15755421352371,96.55172413793103,100.0,75.75757575757575,13
124.21170043167359,113.31638811835535,0.22517153847330873,0.5007235705852509,0.03843912482261658,0.24859794229269028,-0.03830753266811371,0.16462907195091248,0.0,0.0,47.21746381234997,48.00656422799313,30.018180557319276,30.018180557319276,96.55172413793103,100.0,75.75757575757575,13
135.2655339253627,128.8819580073776,0.20479046554024308,0.4961928129196167,0.03800446540117264,0.25400326400995255,-0.035320498049259186,0.17352770268917084,0.0,0.0,33.039786209187824,47.64274613683815,14.177677603162145,14.177677603162145,96.55172413793103,100.0,75.75757575757575,13
142.46316974748353,137.0753276676934,0.2015619768251425,0.5269294381141663,0.037133172154426575,0.2679911032319069,-0.03292681276798248,0.182319775223732,0.0,0.0,25.38299269126594,45.718971770618246,7.656793517921884,7.656793517921884,96.55172413793103,100.0,75.75757575757575,13
145.4449440989939,141.58605645144624,0.1992301579997761,0.5265847444534302,0.027395151555538177,0.33943116664886475,-0.041927188634872437,0.19657492637634277,0.0,0.0,22.436486294979076,26.275230174315382,1.8051692068496124,2.946506396286864,96.55172413793103,100.0,75.75757575757575,13
151.00586613661937,148.62889867830393,0.19384557233790892,0.5453962683677673,0.02415855973958969,0.3535248190164566,-0.041168421506881714,0.1939373016357422,0.0,0.0,17.54582118643232,22.401738918626506,4.890665108546756,4.890665108546756,96.55172413793103,100.0,75.75757575757575,13
156.0252578759611,154.88861778479585,0.1977858933914828,0.5619901418685913,0.015504039824008942,0.37474819272756577,-0.03803160786628723,0.18980050086975098,0.0,0.0,13.855402295593649,16.18095906511576,2.644411535039495,3.6904188908386715,96.55172413793103,100.0,75.75757575757575,13
158.22349621104863,157.48691945868237,0.19799549132397107,0.5649063885211945,0.013478398323059082,0.3809976279735565,-0.036661021411418915,0.19111010432243347,0.0,0.0,12.184307673852004,14.840580686970682,1.671094621741645,1.671094621741645,96.55172413793103,100.0,75.75757575757575,13
162.66876712107867,160.98092103615136,0.19621955308800207,0.5695115029811859,0.011537209153175354,0.38769781589508057,-0.03335580974817276,0.19300252199172974,0.0,0.0,9.660077257504113,13.049900264395728,2.5242304163478906,2.5242304163478906,96.55172413793103,100.0,75.75757575757575,13
166.24321854685456,166.5524096319662,0.19289320359766413,0.5568516552448273,0.004781082272529602,0.3923812583088875,-0.02554316818714142,0.19476144015789032,0.0,0.0,7.159737589639221,8.716720298437203,1.7986680025212678,2.5003396678648926,96.55172413793103,100.0,75.75757575757575,13
169.80211317602806,169.70164005843554,0.19301615697740312,0.5674916505813599,0.0027732253074645996,0.3920556530356407,-0.022092320024967194,0.19273751974105835,0.0,0.0,5.159835742686141,7.1333891673755545,2.0957420023302262,1.9999018469530796,96.55172413793103,100.0,75.75757575757575,13
172.72289120441482,171.83151492100595,0.1927726517731767,0.5735988616943359,0.001517362892627716,0.3952402025461197,-0.018735401332378387,0.19169758260250092,0.0,0.0,3.331548372106397,5.726674862362032,1.8282873705797442,1.8282873705797442,96.55172413793103,100.0,75.75757575757575,13
177.20871035534145,175.2708355374661,0.1910811050765698,0.5736929178237915,-0.0016563162207603455,0.4031168296933174,-0.012152448296546936,0.19169169664382935,0.0,0.0,0.5741189951515793,2.8598004140377817,1.7995795510554302,2.7574293769548177,96.55172413793103,100.0,75.75757575757575,13
158.97376624906158,165.89829754480593,0.17249256536029117,0.5268242359161377,-0.0015464350581169128,0.35986626148223877,-0.027984216809272766,0.175147145986557,0.0,0.0,10.12240928817667,8.16087037188204,1.9908745601017444,,97.14285714285714,100.0,73.91304347826086,14
155.07585966271438,163.01790430171073,0.1703424388369715,0.5219067931175232,-4.45246696472168e-05,0.3504599258303642,-0.0325700044631958,0.16913609206676483,0.0,0.0,12.28155983151943,10.178993622369436,2.1010891898127113,-2.1591505433427614,97.14285714285714,100.0,73.91304347826086,14
150.56776726017478,159.5274414536267,0.166838776027329,0.5122431516647339,0.0015859007835388184,0.34459388256073,-0.03600107133388519,0.16601808369159698,0.0,0.0,15.013263075211782,11.89942570915365,2.731703243692351,-2.731703243692351,97.14285714285714,100.0,73.91304347826086,14
147.69969714163943,156.59200748313452,0.16545520945293868,0.5054425001144409,0.005898989737033844,0.33613839745521545,-0.040574803948402405,0.16203971207141876,0.0,0.0,17.084263110117874,14.96718029820158,1.5946279341606413,-2.071000034906092,97.14285714285714,100.0,73.91304347826086,14
142.3830286381631,151.67270260651395,0.17019361705237912,0.5001469850540161,0.009570181369781494,0.3299657702445984,-0.0448504239320755,0.1608966737985611,0.0,0.0,20.597369861254293,17.85785511331245,2.3372175553338934,-3.5131067511364193,97.14285714285714,100.0,73.91304347826086,14
136.07538408789503,144.50862218634302,0.16574682740068464,0.4846237897872925,0.014429092407226562,0.3188176900148392,-0.051220521330833435,0.1590101569890976,0.0,0.0,25.038291010836446,22.357594866610086,2.869740446627162,-4.440921149582152,97.14285714285714,100.0,73.91304347826086,14
133.18325107639617,140.58782801018415,0.1643824777896812,0.4773099422454834,0.018428809940814972,0.3097308278083801,-0.05333179235458374,0.1566011756658554,0.0,0.0,27.561233063161644,25.146200778728996,1.7445045864530258,-2.522942052325199,97.14285714285714,100.0,73.91304347826086,14
125.47977201263473,132.63458682523625,0.16474608417868244,0.45421087741851807,0.02381116896867752,0.28821511566638947,-0.057101860642433167,0.1542968451976776,0.0,0.0,33.4802233366003,31.17779741585182,2.179173542013693,-5.918990273438652,97.14285714285714,100.0,73.91304347826086,14
123.52131951818538,130.13054204359787,0.17079858634889797,0.4465996026992798,0.023860380053520203,0.28066712617874146,-0.059172943234443665,0.15569618344306946,0.0,0.0,35.65509310454847,33.641131481199345,1.526933415486468,-2.1748697679481737,97.14285714285714,100.0,73.91304347826086,14
121.01912001578978,128.10445633826131,0.16761081056673843,0.43855684995651245,0.02435484528541565,0.2744997441768646,-0.06048309803009033,0.15746383368968964,0.0,0.0,37.67736991199356,35.962624899438616,1.28749301984314,-2.0222768074450883,97.14285714285714,100.0,73.91304347826086,14
119.18751325887709,126.27048108759794,0.1665102179520467,0.4319157600402832,0.024744421243667603,0.27019183337688446,-0.060925453901290894,0.15736337006092072,0.0,0.0,39.24404099247074,37.241595225290794,1.5666710804771782,-1.5666710804771782,97.14285714285714,100.0,73.91304347826086,14
115.11875350154517,122.64524003039465,0.16427984037172796,0.4225373864173889,0.024997614324092865,0.2574799209833145,-0.06292717158794403,0.15316274762153625,0.0,0.0,42.08683492362415,40.14772147458992,1.7275546887693594,-2.842793931153416,97.14285714285714,100.0,73.91304347826086,14
112.74690985968883,120.47897962177692,0.1607276971964187,0.4175148606300354,0.025442048907279968,0.2521025985479355,-0.06337658315896988,0.15154629945755005,0.0,0.0,43.97024279644722,41.485040986828196,1.8834078728230637,-1.8834078728230637,97.14285714285714,100.0,73.91304347826086,14
109.43449772583205,117.7310054304266,0.158164155973827,0.40906578302383423,0.027093693614006042,0.24030104279518127,-0.06376346945762634,0.14741164445877075,0.0,0.0,46.670382965736934,44.39675314239346,1.8108310819714077,-2.7001401692897176,97.14285714285714,100.0,73.91304347826086,14
106.76530166084032,115.29336481274912,0.15574369060695384,0.4022725820541382,0.0281301811337471,0.23006105422973633,-0.06402759999036789,0.1436745822429657,0.0,0.0,48.90971294746527,46.87696125043852,1.8415157426789293,-2.239329981728339,97.14285714285714,100.0,73.91304347826086,14
103.96754757230195,112.13790608810581,0.1538191609835958,0.3946574926376343,0.028936870396137238,0.22447612881660461,-0.06408222764730453,0.1421518474817276,0.0,0.0,51.433796910216344,48.520522507051226,2.524083962751071,-2.524083962751071,97.14285714285714,100.0,73.91304347826086,14
101.18172367142444,107.5870725025582,0.1505701798510857,0.38367748260498047,0.031819917261600494,0.21240568161010742,-0.0640399232506752,0.13780958950519562,0.0,0.0,53.74758206439277,52.11712086151288,1.7125268804248748,-2.313785154176429,97.14285714285714,100.0,73.91304347826086,14
98.80411569412809,103.17904254736897,0.1553712190254291,0.376961350440979,0.03260854631662369,0.20984765887260437,-0.06409914791584015,0.1383192092180252,0.0,0.0,56.73631167236403,53.53746826199513,2.9887296079712584,-2.9887296079712584,97.14285714285714,100.0,73.91304347826086,14
97.08034422425595,99.86317721355333,0.1527831623373895,0.37090104818344116,0.03488142043352127,0.20445072650909424,-0.06376693397760391,0.13923725485801697,0.0,0.0,58.65763818916358,56.55065724088194,1.5965411515561883,-1.921326516799546,97.14285714285714,100.0,73.91304347826086,14
94.00601721669358,96.84124322997475,0.15126221944311474,0.3640711307525635,0.03721702843904495,0.19891969859600067,-0.06313556432723999,0.13895797729492188,0.0,0.0,61.48743191155843,59.15371551676772,2.07873698281697,-2.8297937223948537,97.14285714285714,100.0,73.91304347826086,14
92.01511247123938,94.7970026498586,0.14947319165674966,0.3574293255805969,0.038359738886356354,0.19472970068454742,-0.06276004761457443,0.13792307674884796,0.0,0.0,63.2038746317635,60.68940991530674,1.716442720205066,-1.716442720205066,97.14285714285714,100.0,73.91304347826086,14
87.92364823282179,90.84253927782142,0.1492942658100755,0.348930299282074,0.039543554186820984,0.1868089735507965,-0.06324300169944763,0.13595907390117645,0.0,0.0,66.53199926402053,63.68793191471643,3.0035774124972647,-3.3281246322570297,97.14285714285714,100.0,73.91304347826086,14
85.10957168360096,86.21850372769075,0.15239479560816585,0.3422616124153137,0.04037997126579285,0.1817958503961563,-0.06405089050531387,0.13669882714748383,0.0,0.0,69.91712071546522,66.66574453722785,3.2316843975628444,-3.3851214514446895,97.14285714285714,100.0,73.91304347826086,14
82.98644767256906,83.35675565833365,0.1541574867071989,0.3374584913253784,0.04063387215137482,0.17845432460308075,-0.06439495831727982,0.13774624466896057,0.0,0.0,72.24857798100786,68.84578356959899,2.331457265542639,-2.331457265542639,97.14285714285714,100.0,73.91304347826086,14
80.18504992568887,80.173037475989,0.1518840650801796,0.3307861089706421,0.04123610258102417,0.1724848747253418,-0.0646374449133873,0.13859255611896515,0.0,0.0,74.54007374278052,72.25625526793989,2.220825110274518,-2.2914957617726657,97.14285714285714,100.0,73.91304347826086,14
77.82543801134045,78.14667451451464,0.15011420594430466,0.32434701919555664,0.04200027883052826,0.16672283411026,-0.06489517539739609,0.13707463443279266,0.0,0.0,76.53600460373801,74.50422104502944,1.9144474026447824,-1.9959308609574862,97.14285714285714,100.0,73.91304347826086,14
75.81512273040926,75.97866377363785,0.14825201681257116,0.3187384605407715,0.042674265801906586,0.16234830021858215,-0.0645977035164833,0.1358296424150467,0.0,0.0,78.78309298615851,76.12018213344257,2.2470883824205004,-2.2470883824205004,97.14285714285714,100.0,73.91304347826086,14
73.61277645106236,73.73972773489602,0.14838002708336656,0.3148564100265503,0.04353118687868118,0.15849106013774872,-0.06434179842472076,0.13498146831989288,0.0,0.0,80.91042484658897,77.71276990939468,2.127331860430459,-2.127331860430459,97.14285714285714,100.0,73.91304347826086,14
69.544396831641,69.60791181178635,0.14784516288383598,0.3069172501564026,0.04433874785900116,0.15275157988071442,-0.06411220133304596,0.13411085307598114,0.0,0.0,84.77219053612848,80.2504282431535,3.86176568953951,-3.86176568953951,97.14285714285714,100.0,73.91304347826086,14
66.17998031064565,68.50957541250224,0.14537737155704125,0.29902106523513794,0.045616135001182556,0.14304862916469574,-0.06396621465682983,0.13278363645076752,0.0,0.0,87.70325760639722,84.65100504940422,2.485110397894985,-2.931067070268739,97.14285714285714,100.0,73.91304347826086,14
58.82438781921783,61.69327294791229,0.14705079899618181,0.287105917930603,0.045257389545440674,0.12755636870861053,-0.06490156799554825,0.13103121519088745,0.0,0.0,85.38133787844946,87.0504750987233,2.3254694994955543,2.3219197279477584,97.14285714285714,100.0,73.91304347826086,14
57.13789234216142,59.63415341459067,0.14701811685090246,0.2842034101486206,0.0443277582526207,0.12322266399860382,-0.06574318557977676,0.13145530223846436,0.0,0.0,83.97016420298038,85.72387264044374,1.8670168994197383,1.4111736754690725,97.14285714285714,100.0,73.91304347826086,14
54.2794974202254,56.62338823292266,0.14510955161592423,0.27821147441864014,0.04392129182815552,0.11961857974529266,-0.06613516807556152,0.1307779848575592,0.0,0.0,81.67852570950436,84.21680222333359,2.2916384934760288,2.2916384934760288,97.14285714285714,100.0,73.91304347826086,14
55.40950015686925,58.66784150319183,0.1442877712222254,0.280667781829834,0.04364918917417526,0.1175689846277237,-0.06649480760097504,0.12981724739074707,0.0,0.0,83.1597675593854,83.66140964356757,1.4812418498810445,-1.4812418498810445,97.14285714285714,100.0,73.91304347826086,14
61.13055629652161,65.47151134020972,0.13773214570681241,0.29214149713516235,0.042973004281520844,0.1151544600725174,-0.06751462072134018,0.12142525613307953,0.0,0.0,89.98070549491,86.75860175048075,3.774454688855954,-6.820937935524597,97.14285714285714,100.0,73.91304347826086,14
63.39552108166333,67.61623365557878,0.1372008406443662,0.29646438360214233,0.04339689761400223,0.1179441511631012,-0.06700187921524048,0.12078024446964264,0.0,0.0,87.76694384518412,87.41771672114038,2.213761649725882,2.213761649725882,97.14285714285714,100.0,73.91304347826086,14
68.79070211522037,74.39851845521937,0.13652024306922225,0.3064234256744385,0.04384976625442505,0.12317542731761932,-0.06636360287666321,0.12038852274417877,0.0,0.0,82.631661660022,86.64639045154254,5.1352821851621115,5.1352821851621115,97.14285714285714,100.0,73.91304347826086,14
75.2973205515114,80.72855682596858,0.13583215243591892,0.3195149898529053,0.0443216934800148,0.13143567740917206,-0.06577876210212708,0.11997149884700775,0.0,0.0,76.02836728500577,84.10191957128046,6.603294375016233,6.603294375016233,97.14285714285714,100.0,73.91304347826086,14
83.5413797683924,88.37287757970726,0.14020706817468453,0.3351706862449646,0.045163221657276154,0.14960426092147827,-0.06472116708755493,0.12148870527744293,0.0,0.0,69.40717950825908,75.74133993356355,5.490971772708306,6.6211877767466945,97.14285714285714,100.0,73.91304347826086,14
92.71436348424908,95.82401032824315,0.14637531987663643,0.3549770712852478,0.04601422697305679,0.16926544904708862,-0.06318560242652893,0.12715613842010498,0.0,0.0,62.5397000881881,69.0123829792143,6.6648009512544775,6.867479420070978,97.14285714285714,100.0,73.91304347826086,14
99.45593276852247,101.38531320763045,0.15135068520292289,0.37275052070617676,0.04586268216371536,0.1830287128686905,-0.06208138167858124,0.13136333227157593,0.0,0.0,57.09717437333197,64.56213875230543,5.4425257148561315,5.4425257148561315,97.14285714285714,100.0,73.91304347826086,14
101.80845167424019,102.53785643873607,0.16111731698127335,0.38324040174484253,0.043573737144470215,0.20463691651821136,-0.06080237776041031,0.14039817452430725,0.0,0.0,55.896552998490556,58.402255923906665,2.1790432371254695,1.2006213748414112,97.14285714285714,100.0,73.91304347826086,14
106.41398198147758,107.0978129823305,0.16782144650609854,0.3995417356491089,0.039325714111328125,0.21870490908622742,-0.06127103418111801,0.14922615885734558,0.0,0.0,51.97341953598796,55.382678264669686,3.6117247525962384,3.923133462502598,97.14285714285714,100.0,73.91304347826086,14
111.88533693381169,113.03601882037,0.16847752918646822,0.4170127511024475,0.03735028952360153,0.229162335395813,-0.061376169323921204,0.1533035933971405,0.0,0.0,46.88321437929788,52.58458280059015,5.090205156690075,5.090205156690075,97.14285714285714,100.0,73.91304347826086,14
113.45499851241337,113.50072693451331,0.16729219319483948,0.4231142997741699,0.0361185222864151,0.23735643923282623,-0.061217300593853,0.15502887964248657,0.0,0.0,45.348125765135734,49.94747599225144,1.5350886141621487,1.5350886141621487,97.14285714285714,100.0,73.91304347826086,14
118.51302843729388,117.4720658602459,0.1707038943496866,0.43814122676849365,0.03489982336759567,0.24842406809329987,-0.060372620820999146,0.1573808342218399,0.0,0.0,41.56106081849393,46.441455124728876,3.787064946641806,3.787064946641806,97.14285714285714,100.0,73.91304347826086,14
135.3178870492052,130.04476393374125,0.15905637615574,0.4901145100593567,0.03932086378335953,0.26153528690338135,-0.04560175538063049,0.15200552344322205,0.0,0.0,30.348255741783674,38.06853280661237,9.606929902535398,11.212805076710254,97.14285714285714,100.0,73.91304347826086,14
139.14211472114854,135.4884370214532,0.16893571695158252,0.5137139558792114,0.03986845910549164,0.285853773355484,-0.03903468698263168,0.1529236137866974,0.0,0.0,25.36917095090847,31.368858470348183,4.433650593473054,4.979084790875206,97.14285714285714,100.0,73.91304347826086,14
144.7553503432037,140.93891594695796,0.187489355194539,0.520356148481369,0.02997230738401413,0.3229449614882469,-0.04379017651081085,0.16921930015087128,0.0,0.0,22.579901189226902,25.710706880582077,2.511032648584518,2.7892697616815667,97.14285714285714,100.0,73.91304347826086,14
152.06593452585128,148.52134723227724,0.18958254410904885,0.549412190914154,0.025373972952365875,0.33994220942258835,-0.04207063466310501,0.17520534992218018,0.0,0.0,16.503260296768488,22.38581656867882,6.076640892458414,6.076640892458414,97.14285714285714,100.0,73.91304347826086,14
155.8387373009685,152.02452830654246,0.1915105893863279,0.5625174343585968,0.01801323890686035,0.3667947053909302,-0.03760498762130737,0.18564467132091522,0.0,0.0,13.950515241642705,17.25833282823978,2.04913934367832,2.552745055125783,97.14285714285714,100.0,73.91304347826086,14
161.63387100264407,158.32281969774124,0.19896646122393385,0.5764944851398468,0.012920662760734558,0.38852083683013916,-0.03377009928226471,0.19043384492397308,0.0,0.0,10.064904559463713,13.324302039973468,3.217229214002714,3.885610682178992,97.14285714285714,100.0,73.91304347826086,14
164.39942384803857,162.6119939894261,0.19740441186916996,0.5780344605445862,0.009843401610851288,0.39704425632953644,-0.030871540307998657,0.19301056861877441,0.0,0.0,7.974167964794432,11.31793038484182,2.0907365946692806,2.0907365946692806,97.14285714285714,100.0,73.91304347826086,14
169.08926943289057,167.71384767143903,0.19607876031406657,0.5726430118083954,0.002456940710544586,0.4027526453137398,-0.024865485727787018,0.19560740888118744,0.0,0.0,4.92263318802803,7.500298479914239,2.1168550193427507,3.0515347767664025,97.14285714285714,100.0,73.91304347826086,14
171.11922556004947,169.60046991166757,0.1956719725604027,0.5744410157203674,-0.0009365677833557129,0.4025358557701111,-0.022263430058956146,0.19509011507034302,0.0,0.0,3.509107034950091,5.861349098785833,1.4135261530779388,1.4135261530779388,97.14285714285714,100.0,73.91304347826086,14
173.7599586997821,171.55356215925033,0.1968881239713347,0.5809530019760132,-0.003621302545070648,0.40360619127750397,-0.019410118460655212,0.19525860249996185,0.0,0.0,1.9334718464251637,4.351175069193516,1.5756351885249273,1.5756351885249273,97.14285714285714,100.0,73.91304347826086,14
177.47282640341905,174.94503291014408,0.19165801372336502,0.5737262666225433,-0.006920196115970612,0.40309982001781464,-0.01590549945831299,0.19438683986663818,0.0,0.0,-0.4827448494359601,2.470616804991831,2.4162166958611238,2.4162166958611238,97.14285714285714,100.0,73.91304347826086,14
170.25932693658493,170.26596234651709,0.18633334727718054,0.5536589026451111,-0.006896212697029114,0.3863775059580803,-0.01669418066740036,0.18643371760845184,0.0,0.0,4.065683864739597,2.8051261572501467,1.4337694586125878,,96.875,100.0,89.65517241379311,15
165.58987783426838,165.87647515467324,0.1879995867424182,0.5471663177013397,-0.0018353834748268127,0.3827546164393425,-0.02028176188468933,0.18615348637104034,0.0,0.0,7.156897246516124,5.371688668747531,1.865426120225706,-3.0912133817765266,96.875,100.0,89.65517241379311,15
160.90995241950054,161.4705175932725,0.186381331776846,0.5409178733825684,0.0032123997807502747,0.37395866215229034,-0.02559167891740799,0.18352743983268738,0.0,0.0,10.328038291793845,8.611121561122705,1.5364562423537507,-3.1711410452777216,96.875,100.0,89.65517241379311,15
156.7631290898148,157.42152473278415,0.18528575596045668,0.534927487373352,0.007362276315689087,0.37004292756319046,-0.028276175260543823,0.1831771284341812,0.0,0.0,13.301202198401398,10.814414091973916,2.4643683701410737,-2.973163906607553,96.875,100.0,89.65517241379311,15
153.71852355677106,155.33732606005972,0.189170182163392,0.5308862328529358,0.011103667318820953,0.3665067031979561,-0.033469997346401215,0.18365631997585297,0.0,0.0,14.85650805887235,13.701090894636241,1.588459482890542,-1.555305860470952,96.875,100.0,89.65517241379311,15
150.28716383407527,151.9680952786208,0.18740330878568018,0.5229473412036896,0.01252254843711853,0.3643103241920471,-0.03679504990577698,0.18439380824565887,0.0,0.0,17.49396776485044,15.350426417580081,1.7107864942347106,-2.637459705978088,96.875,100.0,89.65517241379311,15
143.79070721044278,147.52142072662775,0.17750072263039782,0.5069598257541656,0.015114180743694305,0.34395432472229004,-0.043524086475372314,0.17583134770393372,0.0,0.0,20.995634738672578,19.24111154770629,1.4530309644141255,-3.5016669738221395,96.875,100.0,89.65517241379311,15
137.0997468026936,140.4049234069551,0.1713908480173009,0.48514580726623535,0.01828915625810623,0.31590586155653,-0.049377456307411194,0.16476938128471375,0.0,0.0,25.920963574371612,24.14493841931421,1.5896263038424365,-4.925328835699034,96.875,100.0,89.65517241379311,15
135.28365361176435,138.33947365894917,0.16985728186177257,0.47593986988067627,0.019990921020507812,0.30669425427913666,-0.050389036536216736,0.1632298231124878,0.0,0.0,27.242306925030505,26.138911096742557,1.7336142718994978,-1.3213433506588927,96.875,100.0,89.65517241379311,15
131.0641804351049,134.44285692321898,0.16536253495052644,0.4663746953010559,0.020900942385196686,0.2984435111284256,-0.05156957358121872,0.16011716425418854,0.0,0.0,30.158596614967507,27.6844265945694,2.330486429818933,-2.9162896899370025,96.875,100.0,89.65517241379311,15
127.86552042347702,130.54782180227448,0.16479392614032282,0.46003180742263794,0.025314494967460632,0.2865849435329437,-0.05356047302484512,0.15607696771621704,0.0,0.0,32.92956428069554,31.15782454252176,1.7439516772034551,-2.7709676657280298,96.875,100.0,89.65517241379311,15
125.17683739517494,127.40160478538252,0.16783388947270708,0.4497791528701782,0.027115516364574432,0.2807934880256653,-0.054262399673461914,0.15664874017238617,0.0,0.0,35.569824222409665,33.29000846930777,2.094791451775862,-2.6402599417141275,96.875,100.0,89.65517241379311,15
122.82192130387145,125.11554743990074,0.1651329156071424,0.44332462549209595,0.027989596128463745,0.2703690826892853,-0.055554091930389404,0.1570269614458084,0.0,0.0,37.50506237692271,36.40165812548979,1.359600492673394,-1.9352381545130442,96.875,100.0,89.65517241379311,15
119.0181313133468,121.3424793631343,0.1677927033845884,0.432719886302948,0.028910882771015167,0.2647956758737564,-0.05623696744441986,0.15621517598628998,0.0,0.0,40.858665754622145,38.14202941640411,2.7997381047998786,-3.353603377699436,96.875,100.0,89.65517241379311,15
115.3192306965515,119.04159944096695,0.16274846610628005,0.42491793632507324,0.029484547674655914,0.2564672827720642,-0.05882579833269119,0.15529780089855194,0.0,0.0,42.77730952075218,41.124612843358584,2.55147431936296,-1.9186437661300388,96.875,100.0,89.65517241379311,15
111.16818071646253,116.0254555445116,0.15730196279031,0.4157625436782837,0.02979409694671631,0.24836884438991547,-0.06083306670188904,0.15028738975524902,0.0,0.0,45.21144807389524,42.76037551493405,2.3845388101957,-2.4341385531430575,96.875,100.0,89.65517241379311,15
107.87550234948839,113.38748497166372,0.1530052113303937,0.40421009063720703,0.030343614518642426,0.23211027681827545,-0.06378916651010513,0.14100518822669983,0.0,0.0,47.29784462588056,45.94346331898627,1.7505436899727016,-2.0863965519853167,96.875,100.0,89.65517241379311,15
105.54086490407019,111.18470289782832,0.1535182784390496,0.39322715997695923,0.030596628785133362,0.22661712765693665,-0.0641714483499527,0.13934969902038574,0.0,0.0,49.5614591852847,47.38566855409195,2.4253897159900077,-2.2636145594041395,96.875,100.0,89.65517241379311,15
102.02694980476781,108.4212402690245,0.14862475469292633,0.3831375241279602,0.03147261589765549,0.2163015604019165,-0.06480712443590164,0.13561326265335083,0.0,0.0,51.81401977823798,50.04191638201013,2.44593866988658,-2.25256059295328,96.875,100.0,89.65517241379311,15
100.18605969739372,106.84129546053143,0.14796083967439205,0.37980741262435913,0.031850263476371765,0.21260321140289307,-0.06517495214939117,0.1338941603899002,0.0,0.0,53.278214407705555,50.97110518761535,1.4641946294675776,-1.4641946294675776,96.875,100.0,89.65517241379311,15
96.03891441281701,103.67260646731074,0.14617341641149642,0.3715136647224426,0.03206063061952591,0.20704242587089539,-0.0659492015838623,0.13226906955242157,0.0,0.0,56.380376903366326,52.71017304941531,3.102162495660771,-3.102162495660771,96.875,100.0,89.65517241379311,15
92.26886234047208,99.88660948288856,0.14408246226766913,0.36428898572921753,0.03231096267700195,0.19247867166996002,-0.06832613795995712,0.12835533916950226,0.0,0.0,59.19524986746245,57.50093153292329,1.5668905533844821,-2.814872964096125,96.875,100.0,89.65517241379311,15
88.18015892370772,96.20178864079007,0.1442836610862812,0.3549385666847229,0.03311096876859665,0.1858254224061966,-0.06890437006950378,0.12697282433509827,0.0,0.0,63.235905092269924,60.04495160890607,3.1156129304559883,-4.040655224807473,96.875,100.0,89.65517241379311,15
85.24975436143887,92.94417451590786,0.14468753478856308,0.3459423780441284,0.03428994119167328,0.17561067640781403,-0.06876824796199799,0.12646692991256714,0.0,0.0,66.43500004309396,64.51560245401546,2.2925203450112406,-3.1990949508240405,96.875,100.0,89.65517241379311,15
81.9056528449172,87.89015677550522,0.14397975872845206,0.33928072452545166,0.03556716442108154,0.16952268779277802,-0.06833670288324356,0.127147376537323,0.0,0.0,69.83875412941981,67.8199509160956,2.2102837255018954,-3.403754086325847,96.875,100.0,89.65517241379311,15
79.8936611283172,84.37596693265992,0.14729801110947197,0.3321724534034729,0.03626514971256256,0.16684773564338684,-0.06817319244146347,0.12909923493862152,0.0,0.0,72.49847900304347,70.1453226519339,1.8828919316891017,-2.6597248736236594,96.875,100.0,89.65517241379311,15
78.14220877748,83.32269995047601,0.1469054569201221,0.3288300633430481,0.03629749268293381,0.1643487811088562,-0.06823968887329102,0.12987130880355835,0.0,0.0,74.08933944392088,71.76053991193464,1.5908604408774067,-1.5908604408774067,96.875,100.0,89.65517241379311,15
75.02868657316344,80.29496940957964,0.1453770965928943,0.3223208785057068,0.03620883822441101,0.1587446928024292,-0.06866186112165451,0.1293794959783554,0.0,0.0,76.56656944285618,74.363824823542,2.2656580385086897,-2.4772299989353,96.875,100.0,89.65517241379311,15
70.52887134079418,76.46883442051113,0.142570138058911,0.3130601644515991,0.03637417405843735,0.15139435231685638,-0.06899456679821014,0.12737007439136505,0.0,0.0,80.57366314380194,77.16903649091071,3.3386611711646594,-4.0070937009457595,96.875,100.0,89.65517241379311,15
67.62435085827002,72.02499595731697,0.14053411567259141,0.3059725761413574,0.039137594401836395,0.1392400711774826,-0.06712381541728973,0.12421666085720062,0.0,0.0,84.74737568316357,81.95753259570813,3.3156664007815806,-4.173712539361631,96.875,100.0,89.65517241379311,15
65.77612143427831,70.54878806559454,0.13992978219855506,0.3016773462295532,0.04147077351808548,0.13428880274295807,-0.06513529270887375,0.12428870797157288,0.0,0.0,87.05125514009056,84.65119606882644,1.6768109704209166,-2.3038794569269925,96.875,100.0,89.65517241379311,15
62.92447482661993,67.68327511382849,0.13912631449681015,0.2963162064552307,0.042906321585178375,0.12828423082828522,-0.06408520042896271,0.12419764697551727,0.0,0.0,89.58656788192434,87.8117381278819,2.098180399743839,-2.5353127418337777,96.875,100.0,89.65517241379311,15
59.35114357290478,64.33429877331871,0.13937076776890522,0.28867822885513306,0.042805612087249756,0.12393338978290558,-0.06448747962713242,0.12365207076072693,0.0,0.0,87.14439356623818,88.42051605665765,2.3183217300493624,2.4421743156861595,96.875,100.0,89.65517241379311,15
56.10731564033658,60.39029934598797,0.13844032132779818,0.28478848934173584,0.043332673609256744,0.11574283242225647,-0.06453634798526764,0.12299725413322449,0.0,0.0,83.99609559260209,86.15963808657885,2.5185567760700565,3.1482979736360903,96.875,100.0,89.65517241379311,15
54.20224717063138,58.21588718345728,0.13940514351269745,0.2817258834838867,0.04387374967336655,0.11175449192523956,-0.0649220272898674,0.12278513610363007,0.0,0.0,82.30479341123022,84.22215028764836,1.7682663668587821,1.6913021813718672,96.875,100.0,89.65517241379311,15
59.88078330331414,66.79227617431437,0.13579431681887372,0.2888663411140442,0.04298131912946701,0.10828553140163422,-0.06693334877490997,0.11765561997890472,0.0,0.0,89.27224595222398,85.13013690808049,4.674907313151948,-6.9674525409937615,96.875,100.0,89.65517241379311,15
64.68941157485676,70.64549691366025,0.13283061752943792,0.2970079779624939,0.043738387525081635,0.11915881931781769,-0.06665394455194473,0.1162375658750534,0.0,0.0,85.22011839666877,88.12548207460985,3.56554787280227,4.0521275555552165,96.875,100.0,89.65517241379311,15
65.8479870567665,72.0786355077681,0.13088732882564816,0.2999388575553894,0.04387877136468887,0.1212078183889389,-0.06661231070756912,0.11484570801258087,0.0,0.0,83.62791072104638,86.71439826681544,1.5922076756223902,1.5922076756223902,96.875,100.0,89.65517241379311,15
70.63614931908097,77.22713325441623,0.13013717636764777,0.3085380792617798,0.04367532581090927,0.1252627670764923,-0.06655643880367279,0.11380179226398468,0.0,0.0,78.66850565050798,84.07555025942354,4.959405070538395,4.959405070538395,96.875,100.0,89.65517241379311,15
72.25738709788101,78.74026848616516,0.13087517520953074,0.3113359212875366,0.04341891407966614,0.13012218475341797,-0.06646512448787689,0.11309729516506195,0.0,0.0,77.27809068712791,81.19865636383776,1.390414963380067,1.390414963380067,96.875,100.0,89.65517241379311,15
77.52978237667361,83.48984451298779,0.13337727391641183,0.32143938541412354,0.042515501379966736,0.1398226022720337,-0.06639507412910461,0.11338986456394196,0.0,0.0,72.49657700997568,76.37906358397325,4.576503978305723,4.781513677152233,96.875,100.0,89.65517241379311,15
85.59586901505162,89.82123784577647,0.14021549854150092,0.3405044674873352,0.04223159700632095,0.15348485112190247,-0.06616254150867462,0.11801433563232422,0.0,0.0,66.6832464978007,71.9405662821358,4.826114134684758,5.813330512174986,96.875,100.0,89.65517241379311,15
92.2260786853409,95.41884363220296,0.14498480651095755,0.3565713167190552,0.041499316692352295,0.1752953678369522,-0.06475412845611572,0.12675383687019348,0.0,0.0,61.75142378915908,65.4635426091912,5.167682919707545,4.931822708641619,96.875,100.0,89.65517241379311,15
96.54926424645777,100.38686924458283,0.15238390846184857,0.3706698417663574,0.04010315239429474,0.18738828599452972,-0.06429654359817505,0.13246886432170868,0.0,0.0,58.47172658443375,62.299963408939156,3.5858699688634417,3.2796972047253234,96.875,100.0,89.65517241379311,15
103.3658273564917,107.30875841661697,0.1590672585014362,0.3899497389793396,0.03641956299543381,0.2082567811012268,-0.0643700584769249,0.14179132878780365,0.0,0.0,52.99112096365528,56.619596596770364,4.155966116954382,5.480605620778476,96.875,100.0,89.65517241379311,15
111.31916391072639,114.18220393684241,0.1650984314551195,0.41593122482299805,0.03448305279016495,0.223878875374794,-0.06388616561889648,0.1470736563205719,0.0,0.0,46.13317843083671,52.17993706441247,6.315183351711546,6.857942532818569,96.875,100.0,89.65517241379311,15
113.1864603039424,115.54737698188453,0.16409289875609204,0.420815646648407,0.032239846885204315,0.2400454729795456,-0.06335380673408508,0.15105868875980377,0.0,0.0,44.25945175749437,47.151796675926775,1.5067429753334096,1.8737266733423397,96.875,100.0,89.65517241379311,15
116.97816361430245,119.20230345950205,0.16532579709297532,0.4344446063041687,0.031232982873916626,0.24843880534172058,-0.06258651614189148,0.15252353250980377,0.0,0.0,41.41509349626106,44.39347960435497,2.8443582612333103,2.8443582612333103,96.875,100.0,89.65517241379311,15
123.20536876818744,124.37206834246565,0.16855154901005415,0.451678991317749,0.029611721634864807,0.26160670816898346,-0.05969224125146866,0.15498001873493195,0.0,0.0,37.05250148007557,39.974677058335004,3.760460337388963,4.362592016185488,96.875,100.0,89.65517241379311,15
130.80719300208804,131.60649591277448,0.17004349489033918,0.4732879400253296,0.02851954847574234,0.2749622166156769,-0.056730158627033234,0.157733753323555,0.0,0.0,30.953695087964412,36.18125317869547,4.952159241312941,6.0988063921111575,96.875,100.0,89.65517241379311,15
132.53472274786188,132.9385197131974,0.1690960226034634,0.4760504364967346,0.02756589651107788,0.28475381433963776,-0.05462275445461273,0.15945221483707428,0.0,0.0,29.64114751268201,33.38829960249984,1.3125475752824016,1.3125475752824016,96.875,100.0,89.65517241379311,15
138.19215888411148,138.59366214087004,0.17290908487441362,0.49929410219192505,0.025338761508464813,0.3031467795372009,-0.05157790333032608,0.16277927160263062,0.0,0.0,25.188381029457474,28.8054726199126,4.250285820089033,4.452766483224536,96.875,100.0,89.65517241379311,15
143.5985805176048,142.79660806742575,0.1843726305389794,0.5193367004394531,0.023136429488658905,0.32109305262565613,-0.04890108108520508,0.16933108866214752,0.0,0.0,22.15001481615893,25.490820504055126,3.036204504898663,3.038366213298545,96.875,100.0,89.65517241379311,15
150.15957567640913,150.6205508014225,0.18425287766572432,0.5375916659832001,0.017274819314479828,0.3449443504214287,-0.04399929940700531,0.1788535863161087,0.0,0.0,16.95929562356025,20.298041916083655,3.5133615089062005,5.190719192598678,96.875,100.0,89.65517241379311,15
156.81248653492517,155.86509284346957,0.19071424043083696,0.5551165342330933,0.013325564563274384,0.3616390898823738,-0.03987860679626465,0.18305464088916779,0.0,0.0,12.962020220824314,16.6990103324584,3.4400481321582674,3.997275402735937,96.875,100.0,89.65517241379311,15
161.3770444826438,160.51163057289156,0.19226224577356413,0.5522034168243408,0.009257473051548004,0.37957704067230225,-0.03176800161600113,0.19013190269470215,0.0,0.0,10.467638725025267,12.218772311201409,2.4106913511555206,2.494381495799047,96.875,100.0,89.65517241379311,15
164.78437209595248,164.23600586305267,0.19299577519975974,0.5578686892986298,0.007396414875984192,0.38044601678848267,-0.027625933289527893,0.1912429928779602,0.0,0.0,8.222636480938576,10.50639323444165,2.2343311746833905,2.2450022440866917,96.875,100.0,89.65517241379311,15
166.38152482817966,166.65145440382807,0.1899204389355629,0.5565101206302643,0.005217947065830231,0.38243968039751053,-0.02506101131439209,0.19048917293548584,0.0,0.0,6.768244299966042,8.978871790387963,1.4543921809725333,1.4543921809725333,96.875,100.0,89.65517241379311,15
168.3615449278636,168.48733961838735,0.19245000427973225,0.5588308572769165,0.001464739441871643,0.38700179010629654,-0.022335894405841827,0.19067011773586273,0.0,0.0,5.694959832383205,6.9162600099201335,1.284239594009506,1.0732844675828375,96.875,100.0,89.65517241379311,15
173.84119820969275,172.1633749675004,0.18649408815998184,0.5642964541912079,-0.00067891925573349,0.38854658603668213,-0.018380023539066315,0.18919000029563904,0.0,0.0,2.5446774910101198,5.088143558984662,2.5890599951424917,3.150282341373085,96.875,100.0,89.65517241379311,15
155.31513104813226,150.6303333533125,0.22563375727180673,0.45572829246520996,0.02512095868587494,0.42308028042316437,-0.028615549206733704,0.22512800991535187,0.0,0.0,16.891990255084593,15.190214280679513,1.4599014523003717,,83.33333333333334,0.0,95.83333333333334,16
121.92119001799281,117.10772258939471,0.19148221522791287,0.33647382259368896,0.032825812697410583,0.3055579215288162,-0.059461161494255066,0.18495997786521912,0.0,0.0,39.202300439258714,37.42891545814926,1.4494195703564827,-22.31031018417412,83.33333333333334,0.0,95.83333333333334,16
117.59440006593306,113.8559029023108,0.18605531026722574,0.3243836760520935,0.03331081569194794,0.2951330095529556,-0.06290672719478607,0.17916083335876465,0.0,0.0,41.79670170610239,39.698538855296476,1.7544292991798116,-2.5944012668436756,83.33333333333334,0.0,95.83333333333334,16
113.44824521224854,112.04859061646299,0.18202100187947895,0.31345754861831665,0.033033549785614014,0.2822764068841934,-0.06654772162437439,0.17271694540977478,0.0,0.0,44.30319999083476,42.28760358197269,1.2949597668037214,-2.5064982847323733,83.33333333333334,0.0,95.83333333333334,16
111.00416427027548,109.7964584056298,0.18121684716338085,0.3065994381904602,0.03300744295120239,0.2754974365234375,-0.06808079779148102,0.1701114922761917,0.0,0.0,46.208696334126735,43.82920956377374,1.905496343291972,-1.905496343291972,83.33333333333334,0.0,95.83333333333334,16
108.3100417745984,107.4983705455935,0.18021767569917968,0.30047452449798584,0.03297606110572815,0.265259250998497,-0.07046626508235931,0.16666708886623383,0.0,0.0,48.25592280996075,46.395117039046205,1.4432737886981641,-2.047226475834016,83.33333333333334,0.0,95.83333333333334,16
106.32913741527122,104.89894890231801,0.17923117024058272,0.2949596643447876,0.033124372363090515,0.2602478414773941,-0.07124686241149902,0.1655786782503128,0.0,0.0,49.971361739204625,47.81215747613867,1.7154389292438736,-1.7154389292438736,83.33333333333334,0.0,95.83333333333334,16
103.92995361425483,100.30583003516085,0.17671603309001302,0.28635305166244507,0.0339762419462204,0.25043389201164246,-0.07113873958587646,0.16366970539093018,0.0,0.0,52.65415316886121,50.49810151141031,1.5431848412465357,-2.6827914296565822,83.33333333333334,0.0,95.83333333333334,16
98.79820040782766,97.26100530911145,0.1720522041965145,0.2719995379447937,0.03442387282848358,0.23475736379623413,-0.0709896981716156,0.15910078585147858,0.0,0.0,56.54184343515273,54.351256988765094,1.878733428936414,-3.8876902662915214,83.33333333333334,0.0,95.83333333333334,16
96.11183700614151,94.72443764866256,0.1706968011442218,0.2653987407684326,0.03441794216632843,0.22921796143054962,-0.07167606055736542,0.15713830292224884,0.0,0.0,58.57917278525774,55.83251189286423,2.0373293501050114,-2.0373293501050114,83.33333333333334,0.0,95.83333333333334,16
94.34209708909884,93.1315142033975,0.1697009317100934,0.26003849506378174,0.034549444913864136,0.2236223667860031,-0.07229606807231903,0.15547171235084534,0.0,0.0,60.2235716919685,57.50192447964882,1.6443989067107623,-1.6443989067107623,83.33333333333334,0.0,95.83333333333334,16
92.4715903651337,84.94201884867512,0.16551368449354842,0.2579842209815979,0.04045833647251129,0.20673945546150208,-0.07296645641326904,0.14883500337600708,0.0,0.0,61.27715022803683,62.96408297493258,1.7199146022470586,-1.0535785360683292,83.33333333333334,0.0,95.83333333333334,16
98.52188177136964,92.80615414745407,0.16763829920063394,0.27487409114837646,0.04036031663417816,0.21798069775104523,-0.07296688854694366,0.14960914850234985,0.0,0.0,55.86338630568991,58.938610085824756,3.4772030881270055,5.413763922346924,83.33333333333334,0.0,95.83333333333334,16
103.812611819626,102.03159471572195,0.1729510268132228,0.28766024112701416,0.038811564445495605,0.23485665023326874,-0.07092247903347015,0.1555314064025879,0.0,0.0,52.08883020864924,54.140206688780786,1.8763417982893031,3.7745560970406657,83.33333333333334,0.0,95.83333333333334,16
107.46190915241547,105.76670888493842,0.1783026277685913,0.29758596420288086,0.03643059730529785,0.24382798373699188,-0.07020804286003113,0.15989339351654053,0.0,0.0,49.665571623327814,51.80222462839201,1.8237530513246085,2.4232585853214275,83.33333333333334,0.0,95.83333333333334,16
109.24749288510205,105.95274685898272,0.1784908311497997,0.30082404613494873,0.03514237701892853,0.2489212304353714,-0.06970399618148804,0.16196270287036896,0.0,0.0,48.08587776199756,50.33240106715676,1.5796938613302558,1.5796938613302558,83.33333333333334,0.0,95.83333333333334,16
111.1779193944154,107.1169287791271,0.18009672953581926,0.3060835599899292,0.03393733501434326,0.2539466768503189,-0.0691123753786087,0.16415919363498688,0.0,0.0,46.552370212908535,48.948286068221584,1.5335075490890233,1.5335075490890233,83.33333333333334,0.0,95.83333333333334,16
113.05895821194397,109.07085692688784,0.18262193237817545,0.3116788864135742,0.03277413547039032,0.2598475217819214,-0.06866112351417542,0.1662544310092926,0.0,0.0,44.976706119907945,47.320131429535465,1.57566409300059,1.57566409300059,83.33333333333334,0.0,95.83333333333334,16
115.18945393312157,112.6899679596793,0.18432408061627512,0.3167921304702759,0.031458452343940735,0.2651822715997696,-0.06815339624881744,0.16808605194091797,0.0,0.0,43.40502095321498,45.75499376200725,1.5716851666929657,1.5716851666929657,83.33333333333334,0.0,95.83333333333334,16
118.34956990349107,112.96058384885548,0.1862753061809815,0.32472288608551025,0.030704185366630554,0.27194713056087494,-0.06723164021968842,0.1705424189567566,0.0,0.0,41.1954899840608,44.032396817523065,2.20953096915418,2.20953096915418,83.33333333333334,0.0,95.83333333333334,16
120.83982124545861,111.98133010611369,0.18697685622737797,0.3296893239021301,0.03010101616382599,0.2784992456436157,-0.06583854556083679,0.17291617393493652,0.0,0.0,39.574276694144054,42.28787343783195,1.6212132899167457,1.6212132899167457,83.33333333333334,0.0,95.83333333333334,16
123.35389352797034,115.67747309584546,0.1879539333424866,0.33705878257751465,0.029899880290031433,0.285144567489624,-0.06396900117397308,0.17503422498703003,0.0,0.0,37.76342802688551,40.48455391457634,1.810848667258547,1.810848667258547,83.33333333333334,0.0,95.83333333333334,16
125.53472703457106,118.5614931378841,0.18907711438479033,0.3442612290382385,0.029974162578582764,0.29221123456954956,-0.06205429136753082,0.17699024081230164,0.0,0.0,36.08721818362259,38.65510322217824,1.6762098432629173,1.6762098432629173,83.33333333333334,0.0,95.83333333333334,16
127.88991840583083,120.87126466138685,0.1902193923872118,0.35362279415130615,0.02986961603164673,0.29924504458904266,-0.06047286093235016,0.17858578264713287,0.0,0.0,34.11293114068582,36.884463511334495,1.9742870429367656,1.9742870429367656,83.33333333333334,0.0,95.83333333333334,16
129.62359329497056,124.12158841958879,0.19219677173469532,0.36244499683380127,0.029989629983901978,0.3073471039533615,-0.059330910444259644,0.1803465485572815,0.0,0.0,32.77765198432378,35.18530733387942,1.3352791563620414,1.3352791563620414,83.33333333333334,0.0,95.83333333333334,16
134.87312032658426,132.6635750266962,0.19602384572170176,0.38565224409103394,0.02914184331893921,0.33788566291332245,-0.056601911783218384,0.1880856603384018,0.0,0.0,28.40726050332146,29.801517095016038,1.3019477949373552,4.370391481002322,83.33333333333334,0.0,95.83333333333334,16
136.66651418990597,134.48544462599986,0.19425343599692643,0.3904465436935425,0.02816919982433319,0.34139300882816315,-0.05621027946472168,0.1876893788576126,0.0,0.0,26.882143613746557,28.789113807671235,1.5251168895749032,1.5251168895749032,83.33333333333334,0.0,95.83333333333334,16
139.06024035039806,136.6515740417677,0.19364102582047624,0.3966279625892639,0.026808053255081177,0.34549134969711304,-0.055539026856422424,0.18710310757160187,0.0,0.0,25.032608079672116,27.507805123749737,1.849535534074441,1.849535534074441,83.33333333333334,0.0,95.83333333333334,16
148.81870006002933,143.9606597368049,0.20663580732910825,0.4346619248390198,0.02068990468978882,0.3798772841691971,-0.04809333384037018,0.19761304557323456,0.0,0.0,18.681437630852272,20.689474443672843,1.6917445286774182,6.351170448819843,83.33333333333334,0.0,95.83333333333334,16
151.44033770696666,145.97076115322167,0.20924617306966356,0.443075954914093,0.019763827323913574,0.3867531269788742,-0.04565347731113434,0.2006923407316208,0.0,0.0,17.170826873228933,19.399426619688406,1.5106107576233399,1.5106107576233399,83.33333333333334,0.0,95.83333333333334,16
153.6299960810558,147.74806121671762,0.21197384059379368,0.45480579137802124,0.01883193850517273,0.39555831253528595,-0.04320962727069855,0.2036597728729248,0.0,0.0,15.641816616039947,17.96681581991271,1.529010257188986,1.529010257188986,83.33333333333334,0.0,95.83333333333334,16
156.67462188970944,150.328930616806,0.21374503781498197,0.4639078974723816,0.017204448580741882,0.4051377922296524,-0.040478259325027466,0.20643839240074158,0.0,0.0,13.517241936224963,16.25283076408653,2.124574679814984,2.124574679814984,83.33333333333334,0.0,95.83333333333334,16
160.55687101800308,153.4421096393182,0.21710835561317357,0.4734845757484436,0.015339985489845276,0.4152835011482239,-0.037104710936546326,0.2097165733575821,0.0,0.0,11.17284900909182,14.375683608646415,2.3443929271331427,2.3443929271331427,83.33333333333334,0.0,95.83333333333334,16
164.72331632497148,156.8908051342859,0.21922539810778532,0.48329728841781616,0.012451171875,0.424980953335762,-0.03324684500694275,0.2128579467535019,0.0,0.0,8.494989001885173,12.206724140810476,2.6778600072066467,2.6778600072066467,83.33333333333334,0.0,95.83333333333334,16
167.92140215516773,159.82548964675988,0.2209791419196128,0.49267578125,0.008744493126869202,0.43365783989429474,-0.02895723283290863,0.2157534956932068,0.0,0.0,6.286638309407664,9.867929564152405,2.2083506924775094,2.2083506924775094,83.33333333333334,0.0,95.83333333333334,16
168.33599466928393,167.10994222917554,0.23076046550456877,0.4815598130226135,0.007781803607940674,0.4498692452907562,-0.013974756002426147,0.23062333464622498,0.0,0.0,7.7479764322505105,5.688301006481872,1.6306166975701757,,97.14285714285714,60.0,84.84848484848484,17
166.53941446348182,165.2330975784514,0.22965798256862666,0.47859400510787964,0.011135086417198181,0.4464898854494095,-0.015184670686721802,0.23021560907363892,0.0,0.0,9.065478470961963,6.9611301570821595,1.3175020387114529,-1.3175020387114529,97.14285714285714,60.0,84.84848484848484,17
164.3278972320815,162.7669692724064,0.22945493681806783,0.4748021364212036,0.014779016375541687,0.442941814661026,-0.016761019825935364,0.22967684268951416,0.0,0.0,10.793960915364593,8.43119388831435,1.7284824444026299,-1.7284824444026299,97.14285714285714,60.0,84.84848484848484,17
162.09179918232036,160.70982636634236,0.23233404134209143,0.47119295597076416,0.018329769372940063,0.4404326528310776,-0.018793731927871704,0.22977228462696075,0.0,0.0,12.399442735922378,10.001714638624861,1.6054818205577845,-1.6054818205577845,97.14285714285714,60.0,84.84848484848484,17
159.92900938267854,159.25164685238545,0.22931011811081078,0.46396589279174805,0.021199852228164673,0.4376828819513321,-0.021176666021347046,0.22919464111328125,0.0,0.0,13.73876389493401,11.499411504295736,1.3393211590116323,-1.3393211590116323,97.14285714285714,60.0,84.84848484848484,17
157.96876297471144,157.31815549896385,0.22856334968578731,0.4582425355911255,0.024129927158355713,0.43418748676776886,-0.023468688130378723,0.22869661450386047,0.0,0.0,15.305739596303638,13.059476785631155,1.5669757013696284,-1.5669757013696284,97.14285714285714,60.0,84.84848484848484,17
153.98750725741618,154.3131390214408,0.22606012802379297,0.4487990140914917,0.02850857377052307,0.42537379264831543,-0.028151899576187134,0.22602751851081848,0.0,0.0,17.93474636379483,15.883223732483291,1.3811012888941434,-2.629006767491191,97.14285714285714,60.0,84.84848484848484,17
151.55269478025892,152.26477685662275,0.22369161817226207,0.4406231641769409,0.030745074152946472,0.41969138383865356,-0.030317261815071106,0.22432470321655273,0.0,0.0,19.716972948091367,17.37777599577263,1.782226584296538,-1.782226584296538,97.14285714285714,60.0,84.84848484848484,17
147.71407904684685,148.35662163263757,0.21992484511759716,0.4273234009742737,0.03382611274719238,0.40709470212459564,-0.034721314907073975,0.22058725357055664,0.0,0.0,22.339863674002714,20.210749166351064,1.4884499944873681,-2.622890725911347,97.14285714285714,60.0,84.84848484848484,17
145.8098850216518,144.47172939992282,0.21903019248559358,0.4189034104347229,0.03487209975719452,0.39934858679771423,-0.03677816689014435,0.21846997737884521,0.0,0.0,23.669483086189445,21.644433346949718,1.3296194121867302,-1.3296194121867302,97.14285714285714,60.0,84.84848484848484,17
142.75606845358834,140.3558858272997,0.21755930502245235,0.40838009119033813,0.03530415892601013,0.3909144848585129,-0.03910228610038757,0.21649929881095886,0.0,0.0,25.777534388603073,23.159573707077644,2.108051302413628,-2.108051302413628,97.14285714285714,60.0,84.84848484848484,17
139.61337859152255,137.13219675257525,0.21534952405359392,0.39854055643081665,0.036221861839294434,0.37645454704761505,-0.043490439653396606,0.21292299032211304,0.0,0.0,27.933249673129353,26.01184947949821,1.2661189030583913,-2.1557152845262806,97.14285714285714,60.0,84.84848484848484,17
137.6573853604817,135.2643097158792,0.21238365271910178,0.38742363452911377,0.03716506063938141,0.3700176179409027,-0.04543165862560272,0.21082209050655365,0.0,0.0,29.347714617432608,27.431407362309,1.4144649443032549,-1.4144649443032549,97.14285714285714,60.0,84.84848484848484,17
130.20421545672872,130.57398424560253,0.20186317459043754,0.361979603767395,0.039061471819877625,0.3524008244276047,-0.05194731056690216,0.2005222886800766,0.0,0.0,33.236037462994226,30.953883393542974,2.2884427684642503,-3.8883228455616177,97.14285714285714,60.0,84.84848484848484,17
126.80223736329734,128.19625695512565,0.1999195337442208,0.3500112295150757,0.037546247243881226,0.3429841995239258,-0.05537407100200653,0.1963452845811844,0.0,0.0,35.29235458162702,32.440043384591576,2.0563171186327978,-2.0563171186327978,97.14285714285714,60.0,84.84848484848484,17
124.23388730359156,126.5725298016364,0.19817212126435582,0.34319007396698,0.03585609793663025,0.33279119431972504,-0.05880916118621826,0.19243943691253662,0.0,0.0,36.901664925088895,34.09441291606003,1.6093103434618712,-1.6093103434618712,97.14285714285714,60.0,84.84848484848484,17
120.31753074461307,123.83115236361186,0.19839200383942124,0.3323678970336914,0.034034669399261475,0.32138094305992126,-0.06265856325626373,0.18944714963436127,0.0,0.0,39.77263057766359,36.30067188684343,2.8709656525746965,-2.8709656525746965,97.14285714285714,60.0,84.84848484848484,17
117.7170599718986,122.1626006567456,0.19566089883190083,0.3229595422744751,0.03337956964969635,0.3119727522134781,-0.06556858122348785,0.18683075904846191,0.0,0.0,41.57890010880689,38.3863875482966,1.8062695311433004,-1.8062695311433004,97.14285714285714,60.0,84.84848484848484,17
115.20899263046346,120.05288147747419,0.19181538902647471,0.31156909465789795,0.033016398549079895,0.3028464913368225,-0.06785859167575836,0.18385674059391022,0.0,0.0,43.18694795084683,40.36003589060155,1.6080478420399373,-1.6080478420399373,97.14285714285714,60.0,84.84848484848484,17
109.66300413267786,116.89816546165912,0.18480780273768982,0.29494136571884155,0.030729547142982483,0.2834368944168091,-0.07235147058963776,0.17567212879657745,0.0,0.0,45.838203287000816,43.759077850263765,1.4059432326003076,-2.6512553361539872,97.14285714285714,60.0,84.84848484848484,17
107.65351597912817,115.39951604414652,0.1832333928898022,0.28819358348846436,0.029762625694274902,0.2746523469686508,-0.07424890995025635,0.1715105026960373,0.0,0.0,47.578776334959755,45.25904690680198,1.7405730479589394,-1.7405730479589394,97.14285714285714,60.0,84.84848484848484,17
105.47265397103422,113.24870543421525,0.17952611947950256,0.28123921155929565,0.02979138493537903,0.266496866941452,-0.0755792111158371,0.16759315133094788,0.0,0.0,49.501010632438465,46.83756257719988,1.9222342974787097,-1.9222342974787097,97.14285714285714,60.0,84.84848484848484,17
103.00560985214759,111.36113035917131,0.17733185202893048,0.27398717403411865,0.030733346939086914,0.2589791715145111,-0.07646900415420532,0.16429658234119415,0.0,0.0,51.42706541328686,48.586263916921475,1.9260547808483963,-1.9260547808483963,97.14285714285714,60.0,84.84848484848484,17
100.82908837460252,110.08785625697016,0.17399568050802175,0.26599961519241333,0.031919926404953,0.2511751502752304,-0.07650817930698395,0.16128745675086975,0.0,0.0,52.98133676333874,50.37204728600595,1.5542713500518772,-1.5542713500518772,97.14285714285714,60.0,84.84848484848484,17
96.1130040588277,105.99767307511037,0.168457405236105,0.25078266859054565,0.03401762247085571,0.23642097413539886,-0.07695269584655762,0.15437859296798706,0.0,0.0,56.5117668495022,53.547095568596795,3.243553601242823,-3.530430086163463,97.14285714285714,60.0,84.84848484848484,17
92.78079107105754,101.07179354814733,0.167744870724046,0.2430795431137085,0.03489159047603607,0.22856265306472778,-0.07730863988399506,0.15151941776275635,0.0,0.0,59.526824724775224,55.572035396468884,3.0150578752730226,-3.0150578752730226,97.14285714285714,60.0,84.84848484848484,17
88.36761253718373,97.17166610640932,0.1624531294090556,0.23187440633773804,0.03584448993206024,0.21906869113445282,-0.0775870531797409,0.14812476933002472,0.0,0.0,62.97598621957072,58.07069776052688,3.449161494795497,-3.449161494795497,97.14285714285714,60.0,84.84848484848484,17
85.79409946248609,95.17112686404452,0.15998676599254313,0.2246585488319397,0.03682389855384827,0.20881414413452148,-0.07784843444824219,0.14508022367954254,0.0,0.0,64.99655836998652,61.00278404095867,2.020572150415795,-2.020572150415795,97.14285714285714,60.0,84.84848484848484,17
82.79962415893795,90.18466096306828,0.15838337520763324,0.2179587483406067,0.037875980138778687,0.1991366297006607,-0.07781834900379181,0.1422363519668579,0.0,0.0,67.97128224416171,63.867662889623546,2.974723874175197,-2.974723874175197,97.14285714285714,60.0,84.84848484848484,17
78.54770833446759,82.8440607673935,0.15852212278833303,0.20814037322998047,0.03851814568042755,0.1890735775232315,-0.07765470445156097,0.13970309495925903,0.0,0.0,72.26719663390466,67.0527558669059,4.295914389742947,-4.295914389742947,97.14285714285714,60.0,84.84848484848484,17
75.45841172485905,75.61121511076195,0.15705679776189385,0.20156311988830566,0.03906291723251343,0.18077251315116882,-0.07759587466716766,0.13819126784801483,0.0,0.0,74.90251508533306,70.03438808334649,2.635318451428404,-2.635318451428404,97.14285714285714,60.0,84.84848484848484,17
69.19686916616752,67.31992917412002,0.1523024974372957,0.18831157684326172,0.04176771640777588,0.16287213563919067,-0.07774914801120758,0.1355128288269043,0.0,0.0,80.59964259697904,77.09295075754599,3.879743390762627,-5.697127511645974,97.14285714285714,60.0,84.84848484848484,17
67.74317011474267,63.72745864478617,0.1522994607261987,0.18927407264709473,0.04395240545272827,0.1579778492450714,-0.07723720371723175,0.13443562388420105,0.0,0.0,82.48570146795156,78.98874735320061,1.8860588709725192,-1.8860588709725192,97.14285714285714,60.0,84.84848484848484,17
63.10295438198432,60.97294894629063,0.15038427406937785,0.18105298280715942,0.04572722315788269,0.15082968771457672,-0.07648231089115143,0.13275735080242157,0.0,0.0,86.72749768420503,81.63318523883801,4.241796216253476,-4.241796216253476,97.14285714285714,60.0,84.84848484848484,17
60.95755909650251,55.80760981024797,0.1470052420066762,0.1772822141647339,0.04562884569168091,0.14165110886096954,-0.07539127767086029,0.1302518993616104,0.0,0.0,88.9326485060666,84.68637256380056,2.205150821861565,-2.205150821861565,97.14285714285714,60.0,84.84848484848484,17
53.40153643228247,45.11156283650603,0.14355066992831875,0.15998291969299316,0.04739220440387726,0.1204044371843338,-0.06759119033813477,0.12952612340450287,0.0,0.0,79.42709332852907,84.84604139084448,9.50555517753753,9.50555517753753,97.14285714285714,60.0,84.84848484848484,17
61.67700598022641,21.603920137245964,0.1618211862663994,0.20229536294937134,0.0651346892118454,0.11350835859775543,-0.03538256883621216,0.15153245627880096,0.0,0.0,75.49320449716556,69.33007056444087,3.08508066998111,3.933888831363504,97.14285714285714,60.0,84.84848484848484,17
72.36008549173494,38.909644224424284,0.14549156365947752,0.20911473035812378,0.06394118070602417,0.125871941447258,-0.039031848311424255,0.14990991353988647,0.0,0.0,87.9926730989996,75.75326244023836,12.499468601834039,-12.499468601834039,97.14285714285714,60.0,84.84848484848484,17
78.67238308848317,48.04198436702039,0.14781599749508578,0.23202186822891235,0.06210000813007355,0.13921408355236053,-0.04714074730873108,0.1454681158065796,0.0,0.0,75.37566411509117,77.7354114039195,12.617008983908434,12.617008983908434,97.14285714285714,60.0,84.84848484848484,17
79.77940086107571,44.772335711294495,0.1447961330830194,0.23500889539718628,0.05836161971092224,0.15081515908241272,-0.05549734830856323,0.13849134743213654,0.0,0.0,71.42785613396929,77.5723494613064,3.9478079811218834,3.9478079811218834,97.14285714285714,60.0,84.84848484848484,17
76.68039838525982,48.44098122308093,0.1412984704316405,0.2220814824104309,0.054875582456588745,0.15804457664489746,-0.06356409192085266,0.12976066768169403,0.0,0.0,73.19688168869052,76.99826875918765,1.7690255547212388,-1.7690255547212388,97.14285714285714,60.0,84.84848484848484,17
87.10557299178788,45.11588522573636,0.15187293499257457,0.2471768856048584,0.05197824537754059,0.171196848154068,-0.0699109435081482,0.12861886620521545,0.0,0.0,63.60228994513681,70.90067297072196,9.594591743553714,9.594591743553714,97.14285714285714,60.0,84.84848484848484,17
98.24751587123569,48.9948111765456,0.16081669977905771,0.2794077396392822,0.05054813623428345,0.18815641105175018,-0.0723022073507309,0.13105344772338867,0.0,0.0,54.254491595614645,65.62037984085282,9.347798349522165,9.347798349522165,97.14285714285714,60.0,84.84848484848484,17
102.37015317696262,65.24125999162408,0.1756141734260969,0.30240094661712646,0.04990792274475098,0.20972813665866852,-0.07349929213523865,0.1390836089849472,0.0,0.0,52.517991003441985,60.892913558221,1.7365005921726606,1.7365005921726606,97.14285714285714,60.0,84.84848484848484,17
107.07862484937493,72.59695896384797,0.18490312149863392,0.3196942210197449,0.05042828619480133,0.2542250454425812,-0.07304359972476959,0.15918175876140594,0.0,0.0,50.6623838332413,52.42140091382912,1.5883533897772182,1.8556071702006847,97.14285714285714,60.0,84.84848484848484,17
108.3576859845511,65.53291866731709,0.18286556312929053,0.32311975955963135,0.04937973618507385,0.2635817378759384,-0.07203446328639984,0.1657315492630005,0.0,0.0,49.062348426784375,51.123365121621546,1.600035406456925,1.600035406456925,97.14285714285714,60.0,84.84848484848484,17
112.65938668862185,76.83919916666852,0.18356716659193154,0.33910250663757324,0.0483490526676178,0.2710341662168503,-0.07071736454963684,0.16847769916057587,0.0,0.0,45.174058187905544,49.287381917737434,3.888290238878831,3.888290238878831,97.14285714285714,60.0,84.84848484848484,17
116.4335147666381,78.19702307477503,0.18095445063247048,0.3553342819213867,0.047691717743873596,0.2800471931695938,-0.06904064118862152,0.1695515364408493,0.0,0.0,41.95513231278523,46.71348069017911,3.2189258751203127,3.2189258751203127,97.14285714285714,60.0,84.84848484848484,17
123.68353718002709,103.0286208351327,0.20150402293921904,0.3749592900276184,0.05230915546417236,0.3245566189289093,-0.06338053941726685,0.19260741770267487,0.0,0.0,39.160354592193656,41.26879585118223,2.8562733613710236,2.7947777205915756,97.14285714285714,60.0,84.84848484848484,17
127.86362042078738,110.81957700603351,0.20105697620535198,0.3795918822288513,0.05374470353126526,0.3301950544118881,-0.05999179184436798,0.19483591616153717,0.0,0.0,36.70527405235846,40.08482064255731,2.455080539835194,2.455080539835194,97.14285714285714,60.0,84.84848484848484,17
132.21645261377716,118.04227756322335,0.2051554839641585,0.386293888092041,0.05391968786716461,0.33601608872413635,-0.056156158447265625,0.19497482478618622,0.0,0.0,34.065165195772266,37.98685544847227,2.6401088565861954,2.6401088565861954,97.14285714285714,60.0,84.84848484848484,17
135.06122843440053,121.82354606975794,0.20958389476994668,0.3944384455680847,0.05298779904842377,0.3443138599395752,-0.05189615488052368,0.19753113389015198,0.0,0.0,32.2612491745004,35.548010753706194,1.803916021271867,1.803916021271867,97.14285714285714,60.0,84.84848484848484,17
138.23609280242167,126.6668425262102,0.21320693680437725,0.4064812660217285,0.05211752653121948,0.3534720242023468,-0.04763537645339966,0.20163394510746002,0.0,0.0,30.294306565504456,33.3314987470339,1.966942608995943,1.966942608995943,97.14285714285714,60.0,84.84848484848484,17
142.36766077677368,132.09968826105217,0.21039548293537505,0.4110775589942932,0.05062113702297211,0.3623122423887253,-0.043700918555259705,0.204926535487175,0.0,0.0,27.29355221833753,30.978568288528663,3.000754347166925,3.000754347166925,97.14285714285714,60.0,84.84848484848484,17
146.8555781804939,136.25744452168735,0.21244427827967927,0.4206153154373169,0.049096256494522095,0.3716474324464798,-0.0398092120885849,0.20756380259990692,0.0,0.0,24.1847896965147,28.50847441371427,3.1087625218228325,3.1087625218228325,97.14285714285714,60.0,84.84848484848484,17
149.5572113416236,139.38079140460175,0.2186731795904354,0.4328165650367737,0.047714293003082275,0.3815910667181015,-0.03578789532184601,0.21059967577457428,0.0,0.0,22.58106186918529,26.088427587385493,1.6037278273294078,1.6037278273294078,97.14285714285714,60.0,84.84848484848484,17
151.5839978958714,141.64426388247938,0.2220700384026244,0.44080841541290283,0.04572717845439911,0.3904520571231842,-0.03219376504421234,0.21343618631362915,0.0,0.0,21.16750032903373,23.806726028267814,1.4135615401515622,1.4135615401515622,97.14285714285714,60.0,84.84848484848484,17
154.5043190489532,144.6983569676251,0.22399281784369934,0.45277392864227295,0.04418268799781799,0.400776207447052,-0.028937652707099915,0.21734705567359924,0.0,0.0,19.155750176837273,21.772275517892748,2.0117501521964556,2.0117501521964556,97.14285714285714,60.0,84.84848484848484,17
156.97947718798775,149.53536097628296,0.22563435593028508,0.46219873428344727,0.042615726590156555,0.41155634820461273,-0.026494473218917847,0.22099071741104126,0.0,0.0,17.09001098995813,19.998580841253606,2.065739186879142,2.065739186879142,97.14285714285714,60.0,84.84848484848484,17
158.72139186298762,150.8824830233348,0.22534672705186015,0.46259886026382446,0.04015186429023743,0.4190540015697479,-0.02445407211780548,0.22290992736816406,0.0,0.0,15.740135706460407,18.288349300572385,1.349875283497724,1.349875283497724,97.14285714285714,60.0,84.84848484848484,17
160.9065144384183,152.8849475034883,0.22619464094678518,0.4685172438621521,0.037241965532302856,0.42610353231430054,-0.022454112768173218,0.22416284680366516,0.0,0.0,14.015864820346792,16.50044042340065,1.7242708861136151,1.7242708861136151,97.14285714285714,60.0,84.84848484848484,17
163.6612710478106,155.3369513495172,0.22745637356355755,0.47293907403945923,0.03380082547664642,0.43172530829906464,-0.020476117730140686,0.22521546483039856,0.0,0.0,12.097209415814035,14.735805233144841,1.9186554045327568,1.9186554045327568,97.14285714285714,60.0,84.84848484848484,17
167.54022575329782,159.9693672788603,0.23152714461125593,0.4786311388015747,0.02676396071910858,0.43890702724456787,-0.01630222797393799,0.22817012667655945,0.0,0.0,9.162619982718283,11.550941445693184,1.7654515811753413,2.934589433095752,97.14285714285714,60.0,84.84848484848484,17
168.92226501572824,162.12907336661553,0.23022752850452186,0.4785258173942566,0.022925958037376404,0.4411449134349823,-0.014508768916130066,0.22931060194969177,0.0,0.0,7.8792482878502454,10.016787312569047,1.2833716948680376,1.2833716948680376,97.14285714285714,60.0,84.84848484848484,17
170.44733503753804,164.83073751882864,0.22686633522592695,0.48091912269592285,0.01876610517501831,0.44211894273757935,-0.013414144515991211,0.22923344373703003,0.0,0.0,6.408221678543285,8.59454037825136,1.4710266093069606,1.4710266093069606,97.14285714285714,60.0,84.84848484848484,17
172.0099161254229,167.78411981053014,0.22645315119691187,0.48488712310791016,0.01437637209892273,0.4429389238357544,-0.012466788291931152,0.22842763364315033,0.0,0.0,5.139707901948995,7.147449462765202,1.2685137765942898,1.2685137765942898,97.14285714285714,60.0,84.84848484848484,17
174.96921651297342,171.95884237618162,0.228824568498065,0.4894982576370239,0.007364004850387573,0.4465572237968445,-0.01070617139339447,0.22720646858215332,0.0,0.0,2.9162167850136598,4.723850113277173,1.5150373025890929,2.2234911169353353,97.14285714285714,60.0,84.84848484848484,17
169.62836299362044,169.9329245205945,0.2390671276149053,0.4973253607749939,-0.0006770342588424683,0.46054573357105255,-0.015384361147880554,0.23748040199279785,0.0,0.0,5.68441636194963,3.7779354442255837,1.4585800094894523,,89.47368421052632,0.0,96.15384615384616,18
152.07320703309094,157.33473574855506,0.2254384997953423,0.45342153310775757,0.014465004205703735,0.4288475513458252,-0.039870232343673706,0.2244984358549118,0.0,0.0,16.706578726878647,14.89664135892232,1.2869469684156485,-11.022162364929017,89.47368421052632,0.0,96.15384615384616,18
141.39005883737966,148.45892385063632,0.20275886349631245,0.4063878655433655,0.020236894488334656,0.3871525228023529,-0.05374719202518463,0.19790329039096832,0.0,0.0,22.700012480650386,21.363156399360655,1.3507138918686081,-5.99343375377174,89.47368421052632,0.0,96.15384615384616,18
136.0535319614416,142.30602884770155,0.19318138036089882,0.37998074293136597,0.022141963243484497,0.3650916665792465,-0.057221829891204834,0.18968352675437927,0.0,0.0,26.233887297000535,24.377640705151443,1.443075167413994,-3.533874816350149,89.47368421052632,0.0,96.15384615384616,18
128.68955657656022,131.90091312518598,0.18362116541264112,0.3454473614692688,0.022289380431175232,0.32453453540802,-0.061495453119277954,0.17620477080345154,0.0,0.0,31.234185810877378,29.488928249938034,1.4157739004363066,-5.000298513876842,89.47368421052632,0.0,96.15384615384616,18
126.57228283617971,128.8257228517404,0.1842285620342399,0.33881163597106934,0.022190481424331665,0.3172515779733658,-0.0628427118062973,0.17408820986747742,0.0,0.0,32.988458510230366,30.7347463357032,1.7542726993529882,-1.7542726993529882,89.47368421052632,0.0,96.15384615384616,18
124.17706128715801,126.46851662998101,0.18415944594391814,0.33019018173217773,0.022964194416999817,0.3106958121061325,-0.06398597359657288,0.1725470870733261,0.0,0.0,34.875970771571794,32.22925675078015,1.8875122613414277,-1.8875122613414277,89.47368421052632,0.0,96.15384615384616,18
122.09605600566721,124.27491293955389,0.18207896811954952,0.3190649747848511,0.024037480354309082,0.3036767244338989,-0.06464864313602448,0.1717536300420761,0.0,0.0,36.857197912115545,33.98895325119877,1.9812271405437514,-1.9812271405437514,89.47368421052632,0.0,96.15384615384616,18
120.94337936811647,122.7235860998038,0.1821680564850698,0.31440550088882446,0.024790123105049133,0.2964819371700287,-0.0650913417339325,0.17120076715946198,0.0,0.0,38.218468415268426,35.73502390229653,1.3612705031528805,-1.3612705031528805,89.47368421052632,0.0,96.15384615384616,18
118.98397508695544,120.53316549536173,0.18190847378223224,0.30836260318756104,0.02537637948989868,0.2891741096973419,-0.06538453698158264,0.17046920955181122,0.0,0.0,39.90875336060741,37.465097614890794,1.6902849453389877,-1.6902849453389877,89.47368421052632,0.0,96.15384615384616,18
116.61765207645112,119.65280980027536,0.18129579721131803,0.30202722549438477,0.025969386100769043,0.2822961360216141,-0.06569568812847137,0.1695791482925415,0.0,0.0,41.66576422518164,39.16254597829325,1.7570108645742266,-1.7570108645742266,89.47368421052632,0.0,96.15384615384616,18
114.8486786596597,118.75592249424527,0.1799351046123471,0.2946860194206238,0.0264597088098526,0.27610452473163605,-0.06595216691493988,0.1689034104347229,0.0,0.0,43.49058222899212,40.8208920575124,1.8248180038104778,-1.8248180038104778,89.47368421052632,0.0,96.15384615384616,18
113.37273008698355,116.46141890899004,0.17909733407390976,0.28990352153778076,0.0267389714717865,0.26959653198719025,-0.066245436668396,0.16796596348285675,0.0,0.0,45.011620315221336,42.51918003250063,1.5210380862292183,-1.5210380862292183,89.47368421052632,0.0,96.15384615384616,18
111.0624739459553,114.05835820011646,0.17732157905401041,0.28291159868240356,0.026987135410308838,0.2625696659088135,-0.06638269126415253,0.16667956113815308,0.0,0.0,47.06599471134458,44.30849037018491,2.0543743961232437,-2.0543743961232437,89.47368421052632,0.0,96.15384615384616,18
108.84478053451741,111.83124458850634,0.17578423439657256,0.2763941287994385,0.027222082018852234,0.25541268289089203,-0.06630398333072662,0.1652251034975052,0.0,0.0,48.83230323867255,46.100125123557646,1.766308527327972,-1.766308527327972,89.47368421052632,0.0,96.15384615384616,18
106.5628254379244,107.18158189751567,0.1734698568857378,0.26835566759109497,0.028274565935134888,0.24385668337345123,-0.06591537594795227,0.16258879005908966,0.0,0.0,51.555648692760826,49.24431829193977,2.0323221677796894,-2.7233454540882747,89.47368421052632,0.0,96.15384615384616,18
103.17695909610109,102.1764424590422,0.17075832005148556,0.26046329736709595,0.031628698110580444,0.23159578442573547,-0.06418648362159729,0.15978296101093292,0.0,0.0,54.87547724574454,53.155437052793665,1.3749840189997613,-3.319828552983715,89.47368421052632,0.0,96.15384615384616,18
98.10419304701372,93.08840295497787,0.17006746896220082,0.25232458114624023,0.03622213006019592,0.22426773607730865,-0.06418709456920624,0.1577393263578415,0.0,0.0,59.65050297894604,56.46903591328561,3.630813622655367,-4.775025733201495,89.47368421052632,0.0,96.15384615384616,18
96.12380923920966,90.00621994933711,0.1689184562217607,0.24807685613632202,0.038580283522605896,0.220892533659935,-0.06403477489948273,0.1573047935962677,0.0,0.0,61.89995921115771,58.225156404638895,2.2494562322116707,-2.2494562322116707,89.47368421052632,0.0,96.15384615384616,18
101.72391042104744,93.23184213729176,0.17250159240333685,0.2657890319824219,0.04634600877761841,0.22343207895755768,-0.06048618257045746,0.1607704609632492,0.0,0.0,58.117563087118114,59.63130011961778,1.612789830654492,3.782396124039593,89.47368421052632,0.0,96.15384615384616,18
104.3183184708345,95.18934627486998,0.1742903768145437,0.27113085985183716,0.04780864715576172,0.22737202048301697,-0.059510186314582825,0.16172510385513306,0.0,0.0,56.418456561741934,58.57113496769765,1.6991065253761803,1.6991065253761803,89.47368421052632,0.0,96.15384615384616,18
107.04914963408493,97.76904528406165,0.175616671977926,0.2771684527397156,0.04909873008728027,0.232643261551857,-0.05826668441295624,0.16337619721889496,0.0,0.0,54.46459658985131,57.18274228912099,1.9538599718906227,1.9538599718906227,89.47368421052632,0.0,96.15384615384616,18
108.67017478924694,99.66678876001507,0.17645231503393954,0.2826586365699768,0.04932677745819092,0.23832076787948608,-0.05706830322742462,0.16511785984039307,0.0,0.0,52.94864356119212,55.48731494997587,1.5159530286591902,1.5159530286591902,89.47368421052632,0.0,96.15384615384616,18
111.94761578452807,103.02407609415208,0.17949112583052604,0.29333508014678955,0.049025774002075195,0.2452218383550644,-0.056013211607933044,0.16733011603355408,0.0,0.0,50.13254570930628,53.491060605522904,2.816097851885843,2.816097851885843,89.47368421052632,0.0,96.15384615384616,18
116.29666455191074,108.66035563770527,0.1829980855876797,0.29866570234298706,0.04604819416999817,0.2564738541841507,-0.053957000374794006,0.17206381261348724,0.0,0.0,47.238141864296594,49.807346642097,1.6719135692964358,2.894403845009684,89.47368421052632,0.0,96.15384615384616,18
118.9566612323911,110.89230633090234,0.18365451658426188,0.3041573166847229,0.04367852210998535,0.2616802006959915,-0.052789896726608276,0.17431111633777618,0.0,0.0,44.929211505082954,47.80248862806972,2.3089303592136403,2.3089303592136403,89.47368421052632,0.0,96.15384615384616,18
121.79966694724328,113.13732157380106,0.1857448711089926,0.3107767105102539,0.04127749800682068,0.26586073637008667,-0.0512833297252655,0.17639274895191193,0.0,0.0,42.84033378794485,45.97943564772935,2.0888777171381037,2.0888777171381037,89.47368421052632,0.0,96.15384615384616,18
124.09053077603701,114.83925740957136,0.1861159651624761,0.31646543741226196,0.0397149920463562,0.2709803581237793,-0.05013550817966461,0.1776820719242096,0.0,0.0,40.8043442696476,43.953007856743,2.0359895182972494,2.0359895182972494,89.47368421052632,0.0,96.15384615384616,18
125.8115180816223,116.12141014574668,0.18604547080624678,0.3214009404182434,0.03855544328689575,0.27666105329990387,-0.04926173388957977,0.1787203699350357,0.0,0.0,39.11818239299279,41.923017988917046,1.6861618766548077,1.6861618766548077,89.47368421052632,0.0,96.15384615384616,18
128.64210281278162,118.49035455969951,0.18761789523307282,0.33046478033065796,0.0374840646982193,0.28323420882225037,-0.048472821712493896,0.17996613681316376,0.0,0.0,36.59208684865261,39.83873682480946,2.52609554434018,2.52609554434018,89.47368421052632,0.0,96.15384615384616,18
130.9928873288384,120.65028042601038,0.18854822464044693,0.3372918367385864,0.03653603792190552,0.2896638512611389,-0.0477340966463089,0.18088580667972565,0.0,0.0,34.80915587394961,37.83094234631065,1.7829309747030067,1.7829309747030067,89.47368421052632,0.0,96.15384615384616,18
133.90391915542617,122.04257617209869,0.19171973103734477,0.349118709564209,0.035324856638908386,0.30234064161777496,-0.04605291783809662,0.18384023010730743,0.0,0.0,32.619408383797605,34.50738822493367,1.389493409537252,2.1897474901520013,89.47368421052632,0.0,96.15384615384616,18
138.07265283259068,124.8516751312508,0.19331340118031584,0.36502063274383545,0.036082133650779724,0.31459490954875946,-0.04333414137363434,0.1871020495891571,0.0,0.0,29.72220325603692,31.972978907360332,1.819198940235026,2.897205127760685,89.47368421052632,0.0,96.15384615384616,18
144.09265441755687,131.63788937513053,0.19904654283560644,0.4015331268310547,0.04264666140079498,0.34950271248817444,-0.037244632840156555,0.19383767247200012,0.0,0.0,25.591066398956684,27.204929273025435,1.4077979368896862,4.131136857080236,89.47368421052632,0.0,96.15384615384616,18
154.1062160009141,138.60996117962569,0.2129502270569445,0.4496622085571289,0.043637096881866455,0.39491552114486694,-0.0272720605134964,0.20964668691158295,0.0,0.0,19.263469908815168,20.969560199270532,1.398416192766291,6.3275964901415165,89.47368421052632,0.0,96.15384615384616,18
156.01419783399882,140.36430470182455,0.21388903264879972,0.45782244205474854,0.043214768171310425,0.40177613496780396,-0.025575727224349976,0.21114413440227509,0.0,0.0,17.957681312555607,19.880257340177288,1.3057885962595606,1.3057885962595606,89.47368421052632,0.0,96.15384615384616,18
157.87222705495046,142.07480049692572,0.21324543392090065,0.4646008610725403,0.04259622097015381,0.40873126685619354,-0.023599982261657715,0.21194607019424438,0.0,0.0,16.65560558789626,18.634660727712124,1.3020757246593462,1.3020757246593462,89.47368421052632,0.0,96.15384615384616,18
160.96573466869327,146.07932861001441,0.21531106411088846,0.4815940260887146,0.04061521589756012,0.42333146929740906,-0.019945412874221802,0.2132006138563156,0.0,0.0,14.280871472350157,16.118034367028198,1.2971076229606098,2.3747341155461044,89.47368421052632,0.0,96.15384615384616,18
163.52218614278422,151.60664786494831,0.22299587639291032,0.4909825325012207,0.03631381690502167,0.43731702864170074,-0.017959341406822205,0.21709837019443512,0.0,0.0,12.158480559449814,13.859730220152098,1.2631091940478427,2.122390912900343,89.47368421052632,0.0,96.15384615384616,18
165.92265886089686,154.21193812191058,0.2250911489326519,0.49475908279418945,0.03318515419960022,0.4426775723695755,-0.01663641631603241,0.21995152533054352,0.0,0.0,10.549598123610977,12.60263497722715,1.6088824358388365,1.6088824358388365,89.47368421052632,0.0,96.15384615384616,18
168.42402868976484,157.70769356164342,0.2253540268221547,0.49637651443481445,0.02972462773323059,0.44540752470493317,-0.014749884605407715,0.22258856892585754,0.0,0.0,8.957296690030361,11.271741281647202,1.5923014335806158,1.5923014335806158,89.47368421052632,0.0,96.15384615384616,18
170.4138559044535,160.40857291216182,0.22564522498781228,0.49759507179260254,0.02582833170890808,0.4465054124593735,-0.012424111366271973,0.22440528869628906,0.0,0.0,7.362496188447977,9.756967890384782,1.5948005015823838,1.5948005015823838,89.47368421052632,0.0,96.15384615384616,18
172.58672368333563,163.42678585597548,0.22521493697835004,0.49609750509262085,0.02166968584060669,0.4468141049146652,-0.010004401206970215,0.22509028017520905,0.0,0.0,5.602594453405004,8.11799636387358,1.7599017350429733,1.7599017350429733,89.47368421052632,0.0,96.15384615384616,18
174.60130482598493,166.3541225503913,0.22285987830568654,0.49656957387924194,0.017008259892463684,0.44686688482761383,-0.008064895868301392,0.22461827099323273,0.0,0.0,3.8322233396387873,6.4386526678805325,1.7703711137662168,1.7703711137662168,89.47368421052632,0.0,96.15384615384616,18
172.39479542318887,173.98484359741542,0.23545713585295988,0.4910687208175659,-0.0019040703773498535,0.45634301006793976,-0.011531069874763489,0.2355855107307434,0.0,0.0,4.445799387630117,2.499356162394676,1.4577112058599937,,94.5945945945946,100.0,89.74358974358975,19
170.7589477277843,172.34987031969533,0.23521688684172257,0.48837798833847046,0.0019323527812957764,0.4549051523208618,-0.012521132826805115,0.23524589836597443,0.0,0.0,5.77837533084822,3.772104370141392,1.332575943218103,-1.332575943218103,94.5945945945946,100.0,89.74358974358975,19
168.45545229065903,170.0984538582753,0.235535798616658,0.4841064214706421,0.005904480814933777,0.45262411236763,-0.013826802372932434,0.2350752055644989,0.0,0.0,7.594750668510812,5.2017533921898185,1.816375337662592,-1.816375337662592,94.5945945945946,100.0,89.74358974358975,19
166.36039043592626,167.89759180710786,0.23675883608592063,0.48033833503723145,0.009590566158294678,0.4498031884431839,-0.015583425760269165,0.23521606624126434,0.0,0.0,9.054680759350731,6.71840153658497,1.4599300908399186,-1.4599300908399186,94.5945945945946,100.0,89.74358974358975,19
164.28544452459715,165.62881182773864,0.23961426573720263,0.4764435291290283,0.012959003448486328,0.4473170042037964,-0.017633303999900818,0.23611041903495789,0.0,0.0,10.644281020979761,8.268021944922381,1.5896002616290303,-1.5896002616290303,94.5945945945946,100.0,89.74358974358975,19
161.75837442737065,162.66370569029272,0.24034668287635114,0.47111499309539795,0.016826272010803223,0.44510364532470703,-0.019814789295196533,0.23722608387470245,0.0,0.0,12.766426712472565,10.015034790328468,2.122145691492804,-2.122145691492804,94.5945945945946,100.0,89.74358974358975,19
159.63996071861988,160.62620692966763,0.2359643313677894,0.46488451957702637,0.020849108695983887,0.44256410002708435,-0.021797269582748413,0.23716320097446442,0.0,0.0,14.484739087121866,11.737531894981231,1.718312374649301,-1.718312374649301,94.5945945945946,100.0,89.74358974358975,19
157.15520596678377,158.52976870860843,0.23486517075274388,0.4599490165710449,0.024821922183036804,0.43955279886722565,-0.02393271028995514,0.23647627234458923,0.0,0.0,16.128681308392984,13.506032032241794,1.6439422212711179,-1.6439422212711179,94.5945945945946,100.0,89.74358974358975,19
152.8934830299512,155.07240906397357,0.23134245291860817,0.44992005825042725,0.030357807874679565,0.4302075654268265,-0.028814494609832764,0.23243333399295807,0.0,0.0,18.776920391312387,16.671452096667117,1.4814527914711562,-2.648239082919403,94.5945945945946,100.0,89.74358974358975,19
148.54785146721372,148.8330471715086,0.22413708580220026,0.4293903708457947,0.03482241928577423,0.41308358311653137,-0.03450867533683777,0.22496488690376282,0.0,0.0,22.162375732380838,20.252833877828653,1.6247814101498363,-3.3854553410684503,94.5945945945946,100.0,89.74358974358975,19
146.18467986858315,146.13348239551325,0.22178142016261623,0.4214301109313965,0.036578088998794556,0.40513549745082855,-0.0355219691991806,0.222383514046669,0.0,0.0,24.063074929864072,21.574372512466574,1.9006991974832346,-1.9006991974832346,94.5945945945946,100.0,89.74358974358975,19
143.6785852271208,143.2521457813077,0.22100055454208378,0.4126981496810913,0.03812284767627716,0.3965534567832947,-0.037124037742614746,0.22004346549510956,0.0,0.0,25.863470416817194,23.156628850323276,1.8003954869531213,-1.8003954869531213,94.5945945945946,100.0,89.74358974358975,19
140.59148078597843,139.13445888680394,0.21976265546622362,0.4051932692527771,0.041258230805397034,0.38141635060310364,-0.040094852447509766,0.21695347130298615,0.0,0.0,28.397703790954438,26.34440664398393,1.34432635265442,-2.5342333741372443,94.5945945945946,100.0,89.74358974358975,19
138.49947141239457,137.24402947278261,0.21950246221207514,0.3976195454597473,0.042878568172454834,0.3761087507009506,-0.04159329831600189,0.2160934954881668,0.0,0.0,30.054019337139472,27.842142745802782,1.6563155461850343,-1.6563155461850343,94.5945945945946,100.0,89.74358974358975,19
132.60506727322607,131.49126534199308,0.21085764289447506,0.3792361617088318,0.046021878719329834,0.3622402250766754,-0.04699049890041351,0.2108301967382431,0.0,0.0,33.183913461725744,31.56429525132986,1.272679312848041,-3.129894124586272,94.5945945945946,100.0,89.74358974358975,19
126.82397769264134,126.81248285837457,0.2023668182700326,0.3606022000312805,0.04547522962093353,0.34707269072532654,-0.05273936688899994,0.20146499574184418,0.0,0.0,36.666662365010374,34.0246368276424,2.3299250300546106,-3.48274890328463,94.5945945945946,100.0,89.74358974358975,19
123.348897051188,123.73054451017569,0.2004644440035766,0.3496735095977783,0.0452488511800766,0.3368857651948929,-0.05580911040306091,0.19671447575092316,0.0,0.0,39.21304637805821,35.850089884937525,2.5463840130478346,-2.5463840130478346,94.5945945945946,100.0,89.74358974358975,19
110.34873278295424,114.40473647083631,0.18348112427288513,0.30093538761138916,0.03776310384273529,0.28108997642993927,-0.06881426274776459,0.17385084927082062,0.0,0.0,46.45601273379126,44.84320647726551,1.4011695174235612,-7.242966355733053,94.5945945945946,100.0,89.74358974358975,19
108.16319064604556,112.2317023054933,0.18201777004022474,0.29272180795669556,0.03595849871635437,0.2739589214324951,-0.07064495980739594,0.17098449170589447,0.0,0.0,48.09581369703755,46.02896656889932,1.6398009632462873,-1.6398009632462873,94.5945945945946,100.0,89.74358974358975,19
104.14353049048592,109.35706556755655,0.1732244739006454,0.2762501835823059,0.03289689123630524,0.2540888637304306,-0.07411642372608185,0.16138094663619995,0.0,0.0,50.29524775760531,49.10073326226549,1.4372830270967683,-2.1994340605677607,94.5945945945946,100.0,89.74358974358975,19
100.81050141677002,107.10846827713016,0.17104461235365773,0.2676389813423157,0.033202752470970154,0.24811218678951263,-0.07500718533992767,0.1579301357269287,0.0,0.0,52.49312682142094,50.200061543361336,2.197879063815627,-2.197879063815627,94.5945945945946,100.0,89.74358974358975,19
97.61741548486606,103.17906242564918,0.17062781327684512,0.26009148359298706,0.0342230349779129,0.2419765591621399,-0.07589374482631683,0.15510745346546173,0.0,0.0,55.37533536036765,51.75541866747561,2.8822085389467134,-2.8822085389467134,94.5945945945946,100.0,89.74358974358975,19
95.15342746705932,101.11616052255555,0.16684897970597168,0.2522595524787903,0.03545960783958435,0.23458091914653778,-0.07691821455955505,0.15206880867481232,0.0,0.0,56.740199924733055,53.72597746603174,1.364864564365405,-1.364864564365405,94.5945945945946,100.0,89.74358974358975,19
93.02344531496868,98.50696649240943,0.1647742872160356,0.24514585733413696,0.03673146665096283,0.22711269557476044,-0.07780295610427856,0.14924925565719604,0.0,0.0,58.61196547225941,55.805156894695266,1.8717655475263584,-1.8717655475263584,94.5945945945946,100.0,89.74358974358975,19
90.61376293114898,94.43684438418451,0.1649156520755872,0.23840278387069702,0.03799353539943695,0.2199825644493103,-0.07800045609474182,0.14742136001586914,0.0,0.0,61.303294964083136,58.00769893036082,2.6913294918237227,-2.6913294918237227,94.5945945945946,100.0,89.74358974358975,19
87.53273005374746,90.94647398268589,0.16377492668179727,0.23144787549972534,0.03898298740386963,0.21252882480621338,-0.07791915535926819,0.14553141593933105,0.0,0.0,64.36032876793142,60.25394728225175,3.0570338038482845,-3.0570338038482845,94.5945945945946,100.0,89.74358974358975,19
84.44596894844676,86.78740179979677,0.16126744524460623,0.22504407167434692,0.04012906551361084,0.2044731080532074,-0.07722420990467072,0.14432062208652496,0.0,0.0,67.50816558178192,62.94593869651397,3.1478368138505033,-3.1478368138505033,94.5945945945946,100.0,89.74358974358975,19
81.90699535079949,82.4256718992241,0.16124586465607602,0.21965795755386353,0.0409926176071167,0.1968812644481659,-0.07688155770301819,0.14350305497646332,0.0,0.0,69.60490773382301,65.69417426190486,2.096742152041088,-2.096742152041088,94.5945945945946,100.0,89.74358974358975,19
80.80443041702841,75.48657201061468,0.15736514580751523,0.21549451351165771,0.04206463694572449,0.1892404556274414,-0.07592856884002686,0.14187194406986237,0.0,0.0,71.21886515490323,68.17306680960989,1.6139574210802152,-1.6139574210802152,94.5945945945946,100.0,89.74358974358975,19
76.90561763983214,70.94161811108799,0.15308454695639598,0.21057909727096558,0.04371185600757599,0.17631323635578156,-0.07443937659263611,0.13766080141067505,0.0,0.0,74.40172262673298,71.90248908272181,2.017261811304934,-3.182857471829749,94.5945945945946,100.0,89.74358974358975,19
74.04540129978733,62.28434784914123,0.15767665275986342,0.2103492021560669,0.04562555253505707,0.17116208374500275,-0.0736096054315567,0.13709284365177155,0.0,0.0,78.13279716196936,74.0344614397584,3.731074535236388,-3.731074535236388,94.5945945945946,100.0,89.74358974358975,19
70.53331908800794,54.51951489361966,0.15469220345146809,0.20154452323913574,0.04750584065914154,0.16524413228034973,-0.07332731783390045,0.13648611307144165,0.0,0.0,81.43763964275618,76.58915506172164,3.3048424807868173,-3.3048424807868173,94.5945945945946,100.0,89.74358974358975,19
67.63147016721598,57.8737234790801,0.15547226558575494,0.1959637999534607,0.04923243820667267,0.15955981612205505,-0.07358714938163757,0.13667716085910797,0.0,0.0,83.70826535868085,79.42010619753484,2.270625715924666,-2.270625715924666,94.5945945945946,100.0,89.74358974358975,19
67.36601937188982,61.40267798828111,0.16176676171390175,0.19909048080444336,0.05090814828872681,0.15620514750480652,-0.07374870777130127,0.13904911279678345,0.0,0.0,85.35407783940765,82.15819500070351,1.6458124807268035,-1.6458124807268035,94.5945945945946,100.0,89.74358974358975,19
66.09128549741308,67.17966807320612,0.1598311562267896,0.19592541456222534,0.05328364670276642,0.15217164158821106,-0.0737975686788559,0.14244778454303741,0.0,0.0,86.46684883740312,85.6216372521758,1.6431067271882824,-1.1127709979954687,94.5945945945946,100.0,89.74358974358975,19
64.10076726930606,65.48722604119531,0.15842892243472587,0.18990331888198853,0.05385276675224304,0.14982308447360992,-0.07387155294418335,0.14146697521209717,0.0,0.0,87.87387990627398,86.25158776889238,1.4070310688708645,-1.4070310688708645,94.5945945945946,100.0,89.74358974358975,19
62.056034608513066,59.80491475115472,0.15378085338666247,0.18502146005630493,0.05475778877735138,0.14578168094158173,-0.07324045896530151,0.1399531066417694,0.0,0.0,89.61843894476343,87.19572744966385,1.7445590384894416,-1.7445590384894416,94.5945945945946,100.0,89.74358974358975,19
59.141718251240164,52.32769857261409,0.14728664341706812,0.177237868309021,0.05687412619590759,0.13100777566432953,-0.06865644454956055,0.133930042386055,0.0,0.0,86.44830718998178,88.65903466020791,2.541242764264098,3.17013175478165,94.5945945945946,100.0,89.74358974358975,19
52.724204879671866,46.47017359250788,0.14552098427909393,0.16256529092788696,0.05572637915611267,0.12410345673561096,-0.06710255146026611,0.13240477442741394,0.0,0.0,79.22856210930622,86.06156545134361,7.219745080675551,7.219745080675551,94.5945945945946,100.0,89.74358974358975,19
50.07886341606285,42.11218644909176,0.1448169530471437,0.1525059938430786,0.05433814227581024,0.11638450622558594,-0.06695207953453064,0.13091661036014557,0.0,0.0,77.70825127652449,83.0936676325146,1.5203108327817318,1.5203108327817318,94.5945945945946,100.0,89.74358974358975,19
52.5366178704914,46.49301459046196,0.14405611854420947,0.15728497505187988,0.05314551293849945,0.11017738282680511,-0.06675572693347931,0.12918584048748016,0.0,0.0,80.41266237274908,80.9494457371404,2.7044110962245895,-2.7044110962245895,94.5945945945946,100.0,89.74358974358975,19
51.51689957687281,37.54346522114241,0.1455501975366614,0.15478861331939697,0.05242820084095001,0.10549287497997284,-0.06545576453208923,0.12934510409832,0.0,0.0,76.88925776038661,78.5596833797416,3.5234046123624694,3.5234046123624694,94.5945945945946,100.0,89.74358974358975,19
55.65167443713459,44.80184580158411,0.14178765441960606,0.15906810760498047,0.052959099411964417,0.10570521652698517,-0.06336306035518646,0.1292918175458908,0.0,0.0,79.16601228470576,78.54404592359148,2.276754524319145,-2.276754524319145,94.5945945945946,100.0,89.74358974358975,19
68.91430796675124,54.79605678959607,0.1402352668389441,0.18044966459274292,0.05304981768131256,0.11498105525970459,-0.05193282663822174,0.13162542879581451,0.0,0.0,89.42351205323614,81.27523227624913,9.80136504656815,-10.25749976853038,94.5945945945946,100.0,89.74358974358975,19
74.55728359750111,60.972117789024715,0.13929628446570866,0.19201242923736572,0.05090503394603729,0.1240789145231247,-0.04961220920085907,0.13094379007816315,0.0,0.0,83.04093805528242,82.81315234997308,6.382573997953713,6.382573997953713,94.5945945945946,100.0,89.74358974358975,19
78.69668283619143,61.83717600066673,0.13830728106629864,0.20233136415481567,0.047727301716804504,0.13404881954193115,-0.04956810176372528,0.1300123631954193,0.0,0.0,77.24019561150375,82.33169818167258,5.800742443778674,5.800742443778674,94.5945945945946,100.0,89.74358974358975,19
80.2545119477378,38.44676367990798,0.13152402497780508,0.19787853956222534,0.04217870533466339,0.14382590353488922,-0.05434402823448181,0.12493552267551422,0.0,0.0,77.0676360131916,78.92432910720468,1.2809107356493712,0.17255959831214795,94.5945945945946,100.0,89.74358974358975,19
88.05220619894726,29.028179085340764,0.12555682128681872,0.19791638851165771,0.043337225914001465,0.14485570788383484,-0.05075715482234955,0.122597336769104,0.0,0.0,73.97706043167067,76.65835970130175,3.0905755815209375,3.0905755815209375,94.5945945945946,100.0,89.74358974358975,19
94.66565266945526,67.15681893668082,0.1460470621366814,0.23622679710388184,0.048634275794029236,0.15352658927440643,-0.047718703746795654,0.12582169473171234,0.0,0.0,67.70151554568612,74.27368968484734,6.275544885984544,6.275544885984544,94.5945945945946,100.0,89.74358974358975,19
91.53014375999629,76.41205667218269,0.16679251576318574,0.2585318088531494,0.05750206112861633,0.18129055202007294,-0.05008941888809204,0.13921421766281128,0.0,0.0,66.30968284801004,68.99152176576767,1.6681453896938052,1.3918326976760795,94.5945945945946,100.0,89.74358974358975,19
96.74956423457985,78.9568753924232,0.17278237054436094,0.2759576439857483,0.05867977440357208,0.20122873783111572,-0.05634549260139465,0.14950303733348846,0.0,0.0,61.59441160752071,65.89585955973018,4.715271240489329,4.715271240489329,94.5945945945946,100.0,89.74358974358975,19
99.37725244998342,79.90515987460371,0.1768860986995608,0.2829904556274414,0.05561015009880066,0.21433418989181519,-0.06189031898975372,0.15569233894348145,0.0,0.0,58.56802688857397,63.61248739545215,3.026384718946744,3.026384718946744,94.5945945945946,100.0,89.74358974358975,19
103.35229674402353,92.60912279350374,0.18410980012261605,0.2899354100227356,0.05207657814025879,0.2383788377046585,-0.06588567793369293,0.16584008932113647,0.0,0.0,55.49729512737308,58.45200549965503,2.650993247779269,3.0707317612008893,94.5945945945946,100.0,89.74358974358975,19
105.97676668152243,97.01789273543505,0.18632789726862392,0.29480355978012085,0.05114695429801941,0.24677786231040955,-0.06585521996021271,0.16947408020496368,0.0,0.0,54.05177867320278,56.56634726607554,1.4455164541702956,1.4455164541702956,94.5945945945946,100.0,89.74358974358975,19
109.82673623396383,101.62343558400568,0.1880770890038626,0.29942697286605835,0.050592437386512756,0.2543543428182602,-0.06449881196022034,0.17296649515628815,0.0,0.0,51.2500052433338,54.7368418547655,2.8017734298689803,2.8017734298689803,94.5945945945946,100.0,89.74358974358975,19
113.85485289117443,106.93878968741606,0.1894450807543105,0.3113967180252075,0.04888874292373657,0.2632935643196106,-0.06295883655548096,0.17604394257068634,0.0,0.0,47.43479057668563,52.058467405148825,3.815214666648174,3.815214666648174,94.5945945945946,100.0,89.74358974358975,19
116.4473742707197,110.71786379753554,0.1930377094692072,0.31853383779525757,0.04709222912788391,0.2712414413690567,-0.0611613392829895,0.1790478378534317,0.0,0.0,45.68112396160688,49.60442461370728,1.7536666150787497,1.7536666150787497,94.5945945945946,100.0,89.74358974358975,19
120.37010290478338,112.9246528638549,0.1956285469798491,0.3284921646118164,0.04494020342826843,0.28022927045822144,-0.059411823749542236,0.18207938969135284,0.0,0.0,42.79938604372065,46.79132645633674,2.881737917886227,2.881737917886227,94.5945945945946,100.0,89.74358974358975,19
124.32299128293712,116.72645599455615,0.2009992021159866,0.34022051095962524,0.04326935112476349,0.29117292165756226,-0.05790376663208008,0.18593604862689972,0.0,0.0,39.807873287245435,43.93079346731464,2.991512756475217,2.991512756475217,94.5945945945946,100.0,89.74358974358975,19
127.73087625728783,120.35668155823319,0.20546292415413558,0.3509764075279236,0.04257555305957794,0.3028862476348877,-0.055951327085494995,0.19070766866207123,0.0,0.0,37.331614380490635,41.4049994182659,2.4762589067548006,2.4762589067548006,94.5945945945946,100.0,89.74358974358975,19
130.05128874943995,123.29567389823593,0.20674974435066915,0.3595390319824219,0.04214422404766083,0.3147309422492981,-0.0540778785943985,0.19481924176216125,0.0,0.0,35.454365245879146,38.84830973933397,1.877249134611489,1.877249134611489,94.5945945945946,100.0,89.74358974358975,19
134.71780399001557,127.98214676585422,0.21014024310758925,0.38188546895980835,0.04342097043991089,0.33740346133708954,-0.05056464672088623,0.20203259587287903,0.0,0.0,32.206400029499434,34.84362923022628,2.1757372355364524,3.2479652163797113,94.5945945945946,100.0,89.74358974358975,19
137.37685500367934,130.0887838074608,0.2082396122200429,0.38580548763275146,0.044128045439720154,0.34552134573459625,-0.04836498200893402,0.2032783478498459,0.0,0.0,30.379120843661546,33.105505846019,1.827279185837888,1.827279185837888,94.5945945945946,100.0,89.74358974358975,19
140.32070191352065,133.24860513872437,0.20745871851639702,0.39510059356689453,0.04500415921211243,0.35353031754493713,-0.04567024111747742,0.20407938957214355,0.0,0.0,28.290131507325675,31.314447411380634,2.088989336335871,2.088989336335871,94.5945945945946,100.0,89.74358974358975,19
143.40333440846624,135.16762549754702,0.21105931504455921,0.40686261653900146,0.04514360427856445,0.3617633730173111,-0.04265664517879486,0.2047966569662094,0.0,0.0,26.23685405121899,29.278126607926414,2.0532774561066844,2.0532774561066844,94.5945945945946,100.0,89.74358974358975,19
147.36999876254788,137.50070382359013,0.2192940193386807,0.42345863580703735,0.044224292039871216,0.3766660839319229,-0.0368654727935791,0.2101389765739441,0.0,0.0,23.969057640785778,25.981613657414183,1.4613537895405102,2.2677964104332133,94.5945945945946,100.0,89.74358974358975,19
149.30623176769657,140.25658229601996,0.22273113175212939,0.4357379674911499,0.04387463629245758,0.3856244534254074,-0.0343688428401947,0.2144370824098587,0.0,0.0,22.698292482131336,24.583653901115596,1.2707651586544415,1.2707651586544415,94.5945945945946,100.0,89.74358974358975,19
151.31839300802713,142.07678782747305,0.22436489469770673,0.443864107131958,0.04335109889507294,0.39362023770809174,-0.03217001259326935,0.21814793348312378,0.0,0.0,21.214108286232786,23.327967459869047,1.4841841958985498,1.4841841958985498,94.5945945945946,100.0,89.74358974358975,19
153.51298860247874,144.02261268538362,0.2231649887983484,0.4502382278442383,0.04296140372753143,0.40206967294216156,-0.02989068627357483,0.220354825258255,0.0,0.0,19.69315719341799,21.893653900641972,1.5209510928147978,1.5209510928147978,94.5945945945946,100.0,89.74358974358975,19
155.45476217645046,144.95368710960884,0.22326390772645238,0.4541926383972168,0.042263805866241455,0.4092097729444504,-0.027668938040733337,0.22164535522460938,0.0,0.0,18.339179335770396,20.486184324388127,1.3539778576475925,1.3539778576475925,94.5945945945946,100.0,89.74358974358975,19
157.07923216749617,146.71477943393623,0.22258365471844985,0.4580557346343994,0.04067264497280121,0.4146883487701416,-0.02575787901878357,0.22184309363365173,0.0,0.0,16.90259703685372,19.037260463068723,1.4365822989166759,1.4365822989166759,94.5945945945946,100.0,89.74358974358975,19
158.83323669957045,148.73872626798143,0.223191396233786,0.4609752297401428,0.03870391845703125,0.4189416915178299,-0.023893803358078003,0.22176101803779602,0.0,0.0,15.586536528976737,17.63036752375471,1.3160605078769834,1.3160605078769834,94.5945945945946,100.0,89.74358974358975,19
160.77339676701777,151.1341924023685,0.22219560153159976,0.4658312201499939,0.036104410886764526,0.4226323962211609,-0.02228964865207672,0.22168532013893127,0.0,0.0,14.066717253647425,16.22375753881207,1.5198192753293114,1.5198192753293114,94.5945945945946,100.0,89.74358974358975,19
164.20540844034645,155.2520359675628,0.22334211395139056,0.47448277473449707,0.030265122652053833,0.4302593767642975,-0.01957610249519348,0.22179850935935974,0.0,0.0,11.273406995885608,13.467878491583399,1.671446191938216,2.793310257761817,94.5945945945946,100.0,89.74358974358975,19
169.386338164199,162.0185169711276,0.22487065586044516,0.47713273763656616,0.019866734743118286,0.4366869330406189,-0.015473097562789917,0.2235625833272934,0.0,0.0,7.25541293265556,9.410370118998369,1.7359526518421973,4.017994063230049,94.5945945945946,100.0,89.74358974358975,19
178.43874597780393,176.03661448392072,0.20022948208513738,0.5700498819351196,,,,,0.0,0.0,0.43214840012282707,,3.061372266541923,,97.5,100.0,89.65517241379311,20
178.95842307339035,178.90627688463124,0.195824393784887,0.5644132494926453,,,,,0.0,0.0,-1.1136956959470155,,1.5458440960698425,1.5458440960698425,97.5,100.0,89.65517241379311,20
176.14679199532452,174.71763794793722,0.18759908373918271,0.5653960704803467,-0.0062024518847465515,0.39192619919776917,-0.006575383245944977,0.18772344291210175,0.0,0.0,1.193171533149112,0.10414047414652572,1.2833829967854484,-2.3068672290961274,97.5,100.0,89.65517241379311,20
172.0811359235643,171.07061895290641,0.18333393307524024,0.5525110363960266,-0.0007853806018829346,0.3859095945954323,-0.010386750102043152,0.1848667562007904,0.0,0.0,4.022638874220476,2.739379588713316,1.3416028800519513,-2.829467341071364,97.5,100.0,89.65517241379311,20
167.494267828102,167.1871533792712,0.18465674072801247,0.5508817434310913,0.00253160297870636,0.3826172426342964,-0.013508312404155731,0.18319886922836304,0.0,0.0,6.929589680803659,4.597068866985243,2.174578762055347,-2.9069508065831826,97.5,100.0,89.65517241379311,20
162.20781873948022,163.19474677306218,0.1796085410915869,0.5355247855186462,0.0075056105852127075,0.3742392137646675,-0.02073696255683899,0.18152721226215363,0.0,0.0,10.144055513717873,8.369554774704444,1.4036760298477446,-3.2144658329142146,97.5,100.0,89.65517241379311,20
158.11271606760556,159.7112104418824,0.17880574273596628,0.5288713276386261,0.008986055850982666,0.36726538836956024,-0.023320473730564117,0.17972040176391602,0.0,0.0,12.788163372181316,9.834198197548858,2.6441078584634425,-2.6441078584634425,97.5,100.0,89.65517241379311,20
155.6083314743022,157.9681244521458,0.1783806251400889,0.5297829806804657,0.010579712688922882,0.3604030907154083,-0.02636629343032837,0.17784325778484344,0.0,0.0,14.255327303180508,11.481981418237456,1.4671639309991917,-1.4671639309991917,97.5,100.0,89.65517241379311,20
152.9249214416466,155.69268560543532,0.1799091550827751,0.5295712649822235,0.012502290308475494,0.3560957983136177,-0.029693126678466797,0.176648810505867,0.0,0.0,15.792672030835234,13.245054554978733,1.5373447276547267,-1.5373447276547267,97.5,100.0,89.65517241379311,20
149.62630885115897,153.04353014295904,0.18063133214824204,0.5244140625,0.014619581401348114,0.3530626595020294,-0.035774484276771545,0.17633631825447083,0.0,0.0,17.515261780681925,15.917801474889181,1.4073169958228675,-1.7225897498466907,97.5,100.0,89.65517241379311,20
144.17863787917906,147.96180558664653,0.1791685963171851,0.5105903744697571,0.01568625122308731,0.3464190512895584,-0.040578678250312805,0.1756034791469574,0.0,0.0,21.31126856706355,18.279994712047532,3.1257648514779532,-3.796006786381625,97.5,100.0,89.65517241379311,20
138.64187276984322,141.68320263757636,0.17574470662583072,0.4967668056488037,0.018862389028072357,0.33279164135456085,-0.04459419101476669,0.17252539098262787,0.0,0.0,25.563452381979886,21.678041870510846,3.9115095645655344,-4.252183814916336,97.5,100.0,89.65517241379311,20
136.8865616477627,139.30407417115282,0.17171742451260036,0.4861186146736145,0.02213999629020691,0.31898513436317444,-0.0469866544008255,0.16835486888885498,0.0,0.0,26.656737876808236,24.698516541398128,1.7348047874181987,-1.0932854948283506,97.5,100.0,89.65517241379311,20
132.0192089756874,134.8487313921835,0.16580419144106828,0.4724365472793579,0.02322135865688324,0.3055589646100998,-0.04899471253156662,0.16339372098445892,0.0,0.0,29.837897460083852,26.97851220864275,3.3404170517949723,-3.1811595832756154,97.5,100.0,89.65517241379311,20
127.58641928499259,130.33430416129312,0.1633331772894191,0.46233004331588745,0.024730928242206573,0.29150359332561493,-0.051862530410289764,0.15784643590450287,0.0,0.0,32.8928051448628,29.864941615168537,2.661221697424182,-3.0549076847789465,97.5,100.0,89.65517241379311,20
125.97229177757873,128.64019595778078,0.16421861177923322,0.4577805995941162,0.026275821030139923,0.2838904857635498,-0.05334977060556412,0.1556374877691269,0.0,0.0,34.489684532722926,31.86299264627705,1.5968793878601275,-1.5968793878601275,97.5,100.0,89.65517241379311,20
122.20540076075775,124.83196117773893,0.1642319391128306,0.44643181562423706,0.027607403695583344,0.2780328691005707,-0.05464734137058258,0.15476970374584198,0.0,0.0,37.55343734412628,33.79187761728765,3.0637528114033543,-3.0637528114033543,97.5,100.0,89.65517241379311,20
117.03662378114112,120.65895151789832,0.16454842485992524,0.4313861131668091,0.029500991106033325,0.2658752202987671,-0.05739352107048035,0.154433473944664,0.0,0.0,41.67721484474161,38.019821347625864,3.318266175828967,-4.123777500615333,97.5,100.0,89.65517241379311,20
112.69019033062182,117.12614417687819,0.16126910423825883,0.41965556144714355,0.030328303575515747,0.2542943060398102,-0.06015592813491821,0.1523062139749527,0.0,0.0,44.600096594928026,41.62481945257518,2.737078893209585,-2.922881750186413,97.5,100.0,89.65517241379311,20
107.52881476623077,113.02332830760672,0.1550119904552242,0.4050219655036926,0.03125525265932083,0.240900918841362,-0.062419503927230835,0.14685501158237457,0.0,0.0,48.040945407149664,44.92956617784896,2.826740399549955,-3.4408488122216383,97.5,100.0,89.65517241379311,20
101.4669904700408,106.48957904460104,0.15112915113341313,0.3815937638282776,0.03349462151527405,0.21612784266471863,-0.06294984370470047,0.1375236064195633,0.0,0.0,53.906089499306624,50.85885311802841,3.770593627070504,-5.86514409215696,97.5,100.0,89.65517241379311,20
94.60117814159139,100.17411980469461,0.15037571310943768,0.3663392663002014,0.034017838537693024,0.205288827419281,-0.06330671906471252,0.1359393298625946,0.0,0.0,59.94773448365662,54.64599843983894,5.353060579500202,-6.041644984349993,97.5,100.0,89.65517241379311,20
89.66052132530348,95.14268431957655,0.14566571523200858,0.35473644733428955,0.03468313813209534,0.1918374001979828,-0.06425044685602188,0.1336366832256317,0.0,0.0,63.89270667526976,59.61462309728074,3.8693293492295666,-3.9449721916131395,97.5,100.0,89.65517241379311,20
87.94313936885288,93.89192210306565,0.14461153067196017,0.3515462875366211,0.035038553178310394,0.18446531891822815,-0.0647267997264862,0.13196362555027008,0.0,0.0,65.24602757994118,62.277461516226936,1.3533209046714276,-1.3533209046714276,97.5,100.0,89.65517241379311,20
84.19113008893163,90.85905152550552,0.14427798936872807,0.3433491587638855,0.03530474752187729,0.17826518416404724,-0.06511063873767853,0.13007202744483948,0.0,0.0,68.51564382004464,64.41943885032394,3.26961624010346,-3.26961624010346,97.5,100.0,89.65517241379311,20
79.90817939682893,86.06791308713203,0.14415433114057613,0.3348483443260193,0.035862766206264496,0.16774098575115204,-0.06588499993085861,0.12836727499961853,0.0,0.0,72.75856465936872,68.87416064821507,3.782158125862992,-4.242920839324071,97.5,100.0,89.65517241379311,20
76.37980262333684,81.6634151337092,0.1458574025187189,0.3271539807319641,0.036714136600494385,0.16108480095863342,-0.06625157594680786,0.12895362079143524,0.0,0.0,76.48670672939664,72.69543587362071,3.9266411571848607,-3.7281420700279284,97.5,100.0,89.65517241379311,20
71.59606157909423,77.30393890992234,0.14309104047431226,0.3162837028503418,0.03747778385877609,0.15330319106578827,-0.06647074967622757,0.12848858535289764,0.0,0.0,80.66703023430776,76.59745204513979,3.9910245896647893,-4.180323504911115,97.5,100.0,89.65517241379311,20
68.14188221380971,73.78414395512941,0.14155953523499043,0.30875182151794434,0.03800459951162338,0.14389610290527344,-0.06652088463306427,0.12609274685382843,0.0,0.0,83.84016992162074,80.35093829514648,3.619622541606347,-3.1731396873129825,97.5,100.0,89.65517241379311,20
65.41775652442453,70.91172059658936,0.13916373634951273,0.3010203242301941,0.03895281255245209,0.1362536996603012,-0.06604906171560287,0.12432524561882019,0.0,0.0,86.47098026241333,83.52213182050882,2.914150544426562,-2.6308103407925927,97.5,100.0,89.65517241379311,20
63.75837908840225,68.97508551000571,0.1378127112292014,0.29584801197052,0.040303245186805725,0.1297830194234848,-0.06550438702106476,0.12259764969348907,0.0,0.0,87.96699889561434,86.11294379657829,1.5100325853156278,-1.496018633201004,97.5,100.0,89.65517241379311,20
60.52939789028813,65.72032923141616,0.13611285034637016,0.28792595863342285,0.04120159149169922,0.12411145865917206,-0.06523238122463226,0.12075252830982208,0.0,0.0,89.05904512346231,87.7201334745336,1.6615215547032562,-1.0920462278479732,97.5,100.0,89.65517241379311,20
57.06899097662396,61.87819584673507,0.13646638653631538,0.28160613775253296,0.0420059859752655,0.11838805675506592,-0.06484857201576233,0.12002621591091156,0.0,0.0,85.34590601955502,87.82662650944093,4.1581253064322965,3.713139103907295,97.5,100.0,89.65517241379311,20
53.042319847468356,56.30850867830587,0.13714196524287844,0.27563583850860596,0.04248962551355362,0.11128561198711395,-0.06467346101999283,0.12034587562084198,0.0,0.0,81.12247436925378,85.18373018758541,3.6400346662917116,4.223431650301237,97.5,100.0,89.65517241379311,20
51.744077874345244,54.40286215880346,0.1343065095687181,0.27508580684661865,0.04292348772287369,0.10456103086471558,-0.06423165649175644,0.12010529637336731,0.0,0.0,79.78328678754843,81.75340541489891,1.5620646796995175,1.339187581705346,97.5,100.0,89.65517241379311,20
49.63568931823021,52.18941358474718,0.13401118257270908,0.2701956629753113,0.04373104125261307,0.09918759763240814,-0.06309038400650024,0.11912059783935547,0.0,0.0,77.30009331144859,79.43286400918886,2.0026311590618775,2.483193476099842,97.5,100.0,89.65517241379311,20
51.36099037848489,54.766563984766435,0.13029706812206926,0.2712097764015198,0.04302806407213211,0.09514759480953217,-0.06224135309457779,0.11575347185134888,0.0,0.0,80.35504133935234,78.92733685606787,1.2922744565461102,-3.054948027903748,97.5,100.0,89.65517241379311,20
52.25724936829581,55.96507467612492,0.12995589765391816,0.2724432349205017,0.04259691387414932,0.09610655903816223,-0.0627366155385971,0.11493420600891113,0.0,0.0,81.62253547174478,79.86946575738241,1.267494132392443,-1.267494132392443,97.5,100.0,89.65517241379311,20
55.801633712454766,59.982182433848244,0.13129582639444898,0.2795354127883911,0.04239071160554886,0.09875766932964325,-0.06346821039915085,0.1143370270729065,0.0,0.0,85.4493441835495,81.62242196936322,3.8268087118047163,-3.8268087118047163,97.5,100.0,89.65517241379311,20
60.53509045181846,64.61229931342078,0.13252205854040208,0.28693026304244995,0.042417094111442566,0.10665261745452881,-0.06477256864309311,0.11444826424121857,0.0,0.0,89.96619791964771,85.80778409704213,3.7731391064211834,-4.516853736098213,97.5,100.0,89.65517241379311,20
61.96716700575479,65.73224708327804,0.13255827791878433,0.2897289991378784,0.04287157952785492,0.1117699146270752,-0.06517963111400604,0.11496555805206299,0.0,0.0,88.49276788654109,87.5253422007412,1.4734300331066237,1.4734300331066237,97.5,100.0,89.65517241379311,20
66.67998690519454,69.60567593564667,0.1324237821177008,0.29876410961151123,0.043145060539245605,0.1171535849571228,-0.06527701765298843,0.11523455381393433,0.0,0.0,83.75611248058524,87.10203427500014,4.736655405955844,4.736655405955844,97.5,100.0,89.65517241379311,20
67.85031636199182,71.48409271886572,0.1305856992317419,0.3010094165802002,0.043409086763858795,0.12216514348983765,-0.06524723768234253,0.11477199196815491,0.0,0.0,82.27669753363806,86.12294395510303,1.4794149469471876,1.4794149469471876,97.5,100.0,89.65517241379311,20
74.25754989405465,79.54852445961318,0.13054034489523808,0.314403772354126,0.04364122450351715,0.1284969449043274,-0.0652322843670845,0.11421000957489014,0.0,0.0,75.78075543823681,82.5765833347503,6.495942095401247,6.495942095401247,97.5,100.0,89.65517241379311,20
79.95396515799882,82.8859529233697,0.13517723813225338,0.3276463747024536,0.04363011568784714,0.14108262956142426,-0.06513254344463348,0.11496850848197937,0.0,0.0,71.29542490597562,76.56217163002216,5.600383736262515,4.485330532261187,97.5,100.0,89.65517241379311,20
86.28551662170474,87.8497706093167,0.1418843922058973,0.342384934425354,0.04392290860414505,0.15691809356212616,-0.06469240039587021,0.12023003399372101,0.0,0.0,66.79415639773761,71.4074397883281,3.8502128096234145,4.501268508238013,97.5,100.0,89.65517241379311,20
92.17260469999013,92.58746796396339,0.14692772262437864,0.35705381631851196,0.044194892048835754,0.17375393211841583,-0.06376364827156067,0.12729555368423462,0.0,0.0,62.3870033966666,66.76652265903309,4.853558237700511,4.407153001071009,97.5,100.0,89.65517241379311,20
95.39202648576162,95.46750772938577,0.1530073190375197,0.36764097213745117,0.043494194746017456,0.1874915510416031,-0.06294255703687668,0.13422317802906036,0.0,0.0,60.57195430587281,63.44126402413413,2.9935824537571776,1.8150490907937922,97.5,100.0,89.65517241379311,20
99.92374687000529,100.56541926201756,0.1573360742869508,0.3815612196922302,0.04161836951971054,0.19951306283473969,-0.06243017315864563,0.13981956243515015,0.0,0.0,56.596783921791854,60.17980671179634,3.388167938098867,3.975170384080954,97.5,100.0,89.65517241379311,20
103.44042887781256,103.29876688418983,0.16372251369747376,0.3949333429336548,0.03930399566888809,0.21169880032539368,-0.062341876327991486,0.1455555260181427,0.0,0.0,54.113722186867186,56.9750580447932,3.0910520237558643,2.483061734924668,97.5,100.0,89.65517241379311,20
106.18950635334971,105.46799230239311,0.16207162062203495,0.40058571100234985,0.03829345107078552,0.21879714727401733,-0.06214847415685654,0.14811627566814423,0.0,0.0,51.67451910050233,54.8974498549461,2.4392030863648557,2.4392030863648557,97.5,100.0,89.65517241379311,20
110.62713519246964,108.7723527791783,0.1661252650669505,0.41442012786865234,0.0375925675034523,0.22613534331321716,-0.06143558770418167,0.15078291296958923,0.0,0.0,48.26184942428576,52.81371623056958,3.4126696762165736,3.4126696762165736,97.5,100.0,89.65517241379311,20
113.22000733879193,111.09934118045963,0.16662769726268833,0.4201500415802002,0.0369722843170166,0.23489481210708618,-0.0604797899723053,0.15310992300510406,0.0,0.0,46.22488297378335,50.068743421359656,2.0369664505024048,2.0369664505024048,97.5,100.0,89.65517241379311,20
117.13547878223119,114.92979618279583,0.1697845057690162,0.432380735874176,0.03636708855628967,0.24347949028015137,-0.059120915830135345,0.15525607764720917,0.0,0.0,43.221195346588274,47.345611711289926,3.0036876271950774,3.0036876271950774,97.5,100.0,89.65517241379311,20
118.62175682105246,116.21613920253017,0.16785087977687965,0.43615227937698364,0.035380519926548004,0.25144684314727783,-0.05808458477258682,0.15720055997371674,0.0,0.0,41.5540187991045,44.81548663594047,1.667176547483777,1.667176547483777,97.5,100.0,89.65517241379311,20
123.02961049631367,119.51201452325783,0.1717947522151155,0.448238730430603,0.03446076065301895,0.25890471041202545,-0.05652759224176407,0.15926089882850647,0.0,0.0,38.78833174866659,42.44710721703568,2.7656870504379043,2.7656870504379043,97.5,100.0,89.65517241379311,20
128.03645856471474,123.55875289744675,0.17374340336558533,0.46511131525039673,0.032408006489276886,0.27255068719387054,-0.05409310758113861,0.16267895698547363,0.0,0.0,34.62574174273724,38.27792559460723,3.517868345183352,4.162590005929353,97.5,100.0,89.65517241379311,20
132.6750862789822,128.55344602846765,0.17544077238656577,0.47541624307632446,0.030805788934230804,0.28589077293872833,-0.051589854061603546,0.16586123406887054,0.0,0.0,31.102890009787934,34.54041317162193,3.1865208362540116,3.522851732949306,97.5,100.0,89.65517241379311,20
139.64606699941814,134.18898073699302,0.17543855435009958,0.5049457550048828,0.02879587560892105,0.30290184915065765,-0.049017325043678284,0.16793295741081238,0.0,0.0,25.01864614407063,30.188786359085583,5.325552292371185,6.084243865717305,97.5,100.0,89.65517241379311,20
138.67006918679087,133.65149160131054,0.17841287221570995,0.5012586414813995,0.028009936213493347,0.311780147254467,-0.04770166426897049,0.16966338455677032,0.0,0.0,26.307608402037175,28.193335748084387,1.2889622579665456,-1.2889622579665456,97.5,100.0,89.65517241379311,20
149.51836973290202,141.28049988206547,0.18061753169875153,0.5270749032497406,0.03583398461341858,0.31124258786439896,-0.033266641199588776,0.15826493501663208,0.0,0.0,20.886540409156325,24.37403171919685,4.097255779714345,5.42106799288085,97.5,100.0,89.65517241379311,20
153.78593981578106,147.2927358477484,0.1940740779795976,0.5435684621334076,0.029986433684825897,0.34115587174892426,-0.03127068281173706,0.17826206982135773,0.0,0.0,16.87324591086157,20.742693622363717,3.353946069704733,4.013294498294755,97.5,100.0,89.65517241379311,20
154.5889754342125,148.84398601775894,0.19625719792837915,0.5546092689037323,0.02563275396823883,0.3604733869433403,-0.031517334282398224,0.187598317861557,0.0,0.0,15.566374918102184,18.388338304671596,1.3068709927593858,1.3068709927593858,97.5,100.0,89.65517241379311,20
157.65514394041742,151.77169786815327,0.19664650738833075,0.5655663907527924,0.021478213369846344,0.37212053686380386,-0.031581416726112366,0.1916477233171463,0.0,0.0,13.462795275983794,16.532402021378463,2.1035796421183903,2.1035796421183903,97.5,100.0,89.65517241379311,20
160.67637708721963,157.06670836012196,0.1972407793027409,0.5713169872760773,0.015264086425304413,0.38994935154914856,-0.03105141967535019,0.19459253549575806,0.0,0.0,11.070723499948258,13.371316797026651,2.3146499941241103,2.392071776035536,97.5,100.0,89.65517241379311,20
165.1164665240224,162.85482284502055,0.2002593202754976,0.5759365558624268,0.009993486106395721,0.3971141278743744,-0.027726903557777405,0.1968112736940384,0.0,0.0,8.010124181622018,10.682490390598847,2.253616205130726,3.06059931832624,97.5,100.0,89.65517241379311,20
174.03181955359318,171.32684874277422,0.1931782877603617,0.5719141662120819,0.000830426812171936,0.40207958966493607,-0.018182672560214996,0.19589418172836304,0.0,0.0,2.6134468480446884,5.2605821834573625,2.446366281619831,5.39667733357733,97.5,100.0,89.65517241379311,20
179.5460561152281,176.41840222024442,0.19206616607890525,0.5727528035640717,-0.0032243356108665466,0.39976291358470917,-0.01060396432876587,0.1936669647693634,0.0,0.0,-1.1783628220639741,2.056843866454251,2.9108411322357455,3.7918096701086625,97.5,100.0,89.65517241379311,20
151.92939741700755,156.05647671310695,0.22808562277079425,0.459006130695343,0.017166867852211,0.43007510900497437,-0.038734033703804016,0.22745288908481598,0.0,0.0,17.19047791413402,15.430046199250928,1.3801411315173766,,0.0,0.0,71.42857142857143,21
124.49640345473145,127.34459848313773,0.19555584651560878,0.35756558179855347,0.04207676649093628,0.31859850883483887,-0.06379838287830353,0.1835530549287796,0.0,0.0,36.88209344937152,38.10056349821905,1.3369674609668323,-19.691615535237496,0.0,0.0,71.42857142857143,21
126.48249813094347,129.32304797901838,0.19605718347897932,0.36379474401474,0.04182171821594238,0.3221335709095001,-0.06283217668533325,0.18457183241844177,0.0,0.0,35.408229322645255,37.279644647325874,1.4738641267262622,1.4738641267262622,0.0,0.0,71.42857142857143,21
128.5477429406088,130.81885255591885,0.19544448653634783,0.37243974208831787,0.0415802001953125,0.32730303704738617,-0.061606913805007935,0.18545259535312653,0.0,0.0,33.76710912827983,36.06912320265874,1.6411201943654277,1.6411201943654277,0.0,0.0,71.42857142857143,21
130.1304732871246,132.1100169517938,0.19576515892147972,0.3805006742477417,0.04134981334209442,0.33356355130672455,-0.060307249426841736,0.1861751824617386,0.0,0.0,32.49115033395029,34.63714555856172,1.27595879432954,1.27595879432954,0.0,0.0,71.42857142857143,21
131.7666411422763,133.89541903003763,0.195615019780306,0.3870280981063843,0.040966346859931946,0.3397078216075897,-0.05907738208770752,0.18658705055713654,0.0,0.0,31.1316002566794,33.19952226038869,1.3595500772708888,1.3595500772708888,0.0,0.0,71.42857142857143,21
173.78725272466488,169.87123954764226,0.23109289652867843,0.49689197540283203,0.006650716066360474,0.45288772881031036,-0.014436155557632446,0.22699123620986938,0.0,0.0,3.429824617877159,5.334259123880198,1.4314874852069437,27.70177563880224,0.0,0.0,71.42857142857143,21
175.84086509645397,172.32809207445052,0.23180912622547256,0.4980410933494568,0.0040175169706344604,0.45534951984882355,-0.012293562293052673,0.2288248986005783,0.0,0.0,2.1104884130295147,4.1176092118353935,1.3193362048476445,1.3193362048476445,0.0,0.0,71.42857142857143,21
178.5472666013477,179.62242730485153,0.1927574525815619,0.5612719357013702,,,,,0.0,0.0,-1.0225422799422006,,1.2523600875795466,,97.14285714285714,100.0,93.54838709677419,22
171.95066322908343,172.356600281689,0.17543376252951565,0.542574018239975,-0.007808059453964233,0.37424028664827347,-0.012556537985801697,0.178407222032547,0.0,0.0,2.8281763426568745,1.3949092590000518,1.5326540325508518,-3.850718622599075,97.14285714285714,100.0,93.54838709677419,22
167.09132487671744,168.67611373797527,0.17237081889075817,0.5353104770183563,-0.005967549979686737,0.3647215887904167,-0.017196878790855408,0.17349252104759216,0.0,0.0,5.501099117119367,3.3892076220028393,1.5690663989902731,-2.672922774462492,97.14285714285714,100.0,93.54838709677419,22
162.37771951789418,164.84048387336938,0.17170559788218326,0.5260998606681824,-0.0044740960001945496,0.35861219465732574,-0.021073997020721436,0.1718285232782364,0.0,0.0,8.269309312826607,5.132654372682985,2.7682101957072405,-2.7682101957072405,97.14285714285714,100.0,93.54838709677419,22
156.51367299381357,159.7576225946562,0.17564436292064106,0.5178931355476379,-0.0009782984852790833,0.3506598547101021,-0.02795630693435669,0.17115437984466553,0.0,0.0,12.24759144571857,8.588537228584222,3.9114424070462235,-3.9782821328919624,97.14285714285714,100.0,93.54838709677419,22
154.46801017918304,157.97083349420137,0.1762832735214627,0.5182836651802063,0.0015918314456939697,0.34802575409412384,-0.03146791458129883,0.1715492606163025,0.0,0.0,13.658798375162931,10.627962043095113,1.4112069294443614,-1.4112069294443614,97.14285714285714,100.0,93.54838709677419,22
149.6429391999296,154.08236899481616,0.17769782780208412,0.513790100812912,0.00429399311542511,0.34653497487306595,-0.03497554361820221,0.17236320674419403,0.0,0.0,16.70689672197706,12.737358895382727,3.048098346814129,-3.048098346814129,97.14285714285714,100.0,93.54838709677419,22
142.3421350138183,148.69531253482015,0.17648829377117337,0.5044717192649841,0.010943487286567688,0.3359080106019974,-0.0466824471950531,0.17054258286952972,0.0,0.0,20.929446084316837,19.224264319301472,1.6251881491909046,-4.222549362339777,97.14285714285714,100.0,93.54838709677419,22
134.57393454406076,141.2873080074884,0.16481781102470675,0.48218071460723877,0.015244752168655396,0.3134426474571228,-0.05381224304437637,0.1598958522081375,0.0,0.0,26.1264851293086,24.238419048641056,1.4993871030125163,-5.197039044991762,97.14285714285714,100.0,93.54838709677419,22
129.45107628935273,136.31737523721554,0.16204819487715488,0.46558821201324463,0.019258007407188416,0.29273900389671326,-0.05510824918746948,0.15247243642807007,0.0,0.0,29.872718431748098,27.9548395516531,2.2485096460390466,-3.7462333024394994,97.14285714285714,100.0,93.54838709677419,22
126.41278520226723,132.94840971682743,0.16069131799419917,0.459955096244812,0.02055269479751587,0.28564852476119995,-0.057121530175209045,0.15125732123851776,0.0,0.0,32.19317560585116,30.048959078796848,1.6874421139720752,-2.320457174103062,97.14285714285714,100.0,93.54838709677419,22
122.98320226630432,129.11734964773112,0.16043267730642682,0.45056116580963135,0.023579902946949005,0.2779957503080368,-0.058460235595703125,0.15005524456501007,0.0,0.0,35.28993121186734,32.700081126347754,2.4784470160739147,-3.096755606016181,97.14285714285714,100.0,93.54838709677419,22
120.83511436725266,126.95321902564612,0.1602601679046105,0.4420841336250305,0.024969518184661865,0.2727654129266739,-0.05922339856624603,0.14915217459201813,0.0,0.0,36.87958308831064,34.29354352545564,1.5896518764432983,-1.5896518764432983,97.14285714285714,100.0,93.54838709677419,22
118.95676257496791,125.56474483320154,0.16074709299551151,0.43636155128479004,0.025890052318572998,0.26792119443416595,-0.06000877916812897,0.1488499939441681,0.0,0.0,38.449363455993584,35.857590487991246,1.5697803676829452,-1.5697803676829452,97.14285714285714,100.0,93.54838709677419,22
117.06871245969654,123.77849513125707,0.15932043069195378,0.4289764165878296,0.026493847370147705,0.26171596348285675,-0.061007507145404816,0.14811275899410248,0.0,0.0,39.987118343033394,37.65149902480124,1.5377548870398101,-1.5377548870398101,97.14285714285714,100.0,93.54838709677419,22
113.99097857974502,120.60330274821573,0.16104797521565692,0.41948115825653076,0.02649165689945221,0.25239190459251404,-0.06251884251832962,0.14844056963920593,0.0,0.0,42.81604845748839,40.61348167068478,1.6146520312646615,-2.828930114454998,97.14285714285714,100.0,93.54838709677419,22
111.27694200826565,117.9011490330572,0.15685838268278512,0.41309159994125366,0.026793405413627625,0.24494974315166473,-0.06358647346496582,0.14688031375408173,0.0,0.0,44.37999243510065,42.67603046228359,2.073307904779057,-1.5639439776122543,97.14285714285714,100.0,93.54838709677419,22
106.35499425441046,114.23394297559992,0.1476556385497241,0.4012879729270935,0.028042688965797424,0.23290489614009857,-0.06426988542079926,0.13973312079906464,0.0,0.0,47.55713696755047,44.767126013278435,2.7324468474094346,-3.177144532449823,97.14285714285714,100.0,93.54838709677419,22
103.35950106825976,110.77860716121468,0.14658275645451632,0.39202964305877686,0.02940201759338379,0.21971449255943298,-0.06479474157094955,0.1335669904947281,0.0,0.0,50.281154687425726,47.59664290162213,2.5575648560544337,-2.724017719875256,97.14285714285714,100.0,93.54838709677419,22
101.43422600707095,108.96839494022205,0.14379081018957607,0.3840593695640564,0.030483394861221313,0.21137353777885437,-0.06507186591625214,0.1306084841489792,0.0,0.0,51.69440738910515,49.81718132920844,2.1248339801735696,-1.4132527016794256,97.14285714285714,100.0,93.54838709677419,22
99.54857096270132,106.38668147425844,0.14634373988852994,0.3767203092575073,0.03145377337932587,0.20630060136318207,-0.06547607481479645,0.12930697202682495,0.0,0.0,53.52743186469686,51.55582498160014,2.0955446010298715,-1.8330244755917064,97.14285714285714,100.0,93.54838709677419,22
95.38696727699494,102.94940076586894,0.1420417944226017,0.3671548366546631,0.03185372054576874,0.19936063885688782,-0.06638210266828537,0.12792865931987762,0.0,0.0,56.55137003565134,54.00925934608182,2.025021815339251,-3.02393817095448,97.14285714285714,100.0,93.54838709677419,22
90.63355346481796,97.8787921293382,0.14160287169565489,0.357634961605072,0.032685354351997375,0.18941821157932281,-0.06682044267654419,0.1258479207754135,0.0,0.0,61.233615699089306,57.47371640698217,3.650084026213378,-4.682245663437968,97.14285714285714,100.0,93.54838709677419,22
88.8453133688767,96.00730355556834,0.13911863284904272,0.3522387146949768,0.03413035720586777,0.1812639683485031,-0.06684073060750961,0.12419985234737396,0.0,0.0,62.41378666931139,60.54844428248776,1.450943580636988,-1.1801709702220862,97.14285714285714,100.0,93.54838709677419,22
84.70118622151585,90.56256285415795,0.1401299240533502,0.34279656410217285,0.03543361276388168,0.1741805523633957,-0.06687334924936295,0.12274813652038574,0.0,0.0,66.77955181877746,63.338454016400796,3.5819173299375393,-4.365765149466071,97.14285714285714,100.0,93.54838709677419,22
81.50659620179357,86.76230665917315,0.1405066582272017,0.3358307480812073,0.03625940531492233,0.1673198938369751,-0.06685921549797058,0.1228594183921814,0.0,0.0,70.09775470814182,66.7157075943059,3.309865346677441,-3.3182028893643576,97.14285714285714,100.0,93.54838709677419,22
79.63350356357171,83.7575793855886,0.1422590789691906,0.3309229016304016,0.03648238629102707,0.16351723670959473,-0.06681890785694122,0.12383705377578735,0.0,0.0,72.41931329661287,69.02112729624913,2.3215585884710492,-2.3215585884710492,97.14285714285714,100.0,93.54838709677419,22
78.0758799262673,82.52306391618399,0.1421604966645867,0.32774829864501953,0.03664197027683258,0.16054852306842804,-0.06681954115629196,0.12441325187683105,0.0,0.0,73.84747931142508,70.78810916941103,1.4281660148122057,-1.4281660148122057,97.14285714285714,100.0,93.54838709677419,22
74.86044325627972,79.0690760499174,0.14221109762642958,0.32144761085510254,0.036779411137104034,0.1560477614402771,-0.06678604334592819,0.12506891787052155,0.0,0.0,77.14767935592198,73.37805666802544,3.300200044496904,-3.300200044496904,97.14285714285714,100.0,93.54838709677419,22
71.32151055226564,75.95037036961652,0.13771486391881718,0.31534910202026367,0.038215361535549164,0.14705052971839905,-0.06592836230993271,0.1238022893667221,0.0,0.0,80.47586748298735,77.42882177004358,2.2316065531474436,-3.328188127065374,97.14285714285714,100.0,93.54838709677419,22
68.79108881676297,72.72630387260236,0.13751067316016008,0.31057894229888916,0.04032403230667114,0.1390516757965088,-0.06482834368944168,0.12173788249492645,0.0,0.0,83.17190633704396,80.64975385078249,2.464925683785239,-2.69603885405661,97.14285714285714,100.0,93.54838709677419,22
67.36874991027156,72.04571726523658,0.13742839154440442,0.30795085430145264,0.040923453867435455,0.13575084507465363,-0.06472346931695938,0.12135878205299377,0.0,0.0,84.6133074352583,82.24201547713709,1.4414010982143424,-1.4414010982143424,97.14285714285714,100.0,93.54838709677419,22
66.07460663352862,69.83291150138677,0.1401464678521558,0.30675625801086426,0.041587673127651215,0.13375172019004822,-0.06460680067539215,0.12210775911808014,0.0,0.0,86.46976658477796,83.74049025258475,1.856459149519651,-1.856459149519651,97.14285714285714,100.0,93.54838709677419,22
63.8319578766243,68.04441393323572,0.1400065166790531,0.30388134717941284,0.04192269593477249,0.13082389533519745,-0.06479448080062866,0.12271635234355927,0.0,0.0,88.33466307391072,85.64741085774773,1.8648964891327608,-1.8648964891327608,97.14285714285714,100.0,93.54838709677419,22
62.08419039530848,65.92470474287968,0.14048827865192756,0.30071717500686646,0.04219844192266464,0.12834763526916504,-0.06507666409015656,0.12340936064720154,0.0,0.0,89.99611210089715,87.35346229871102,1.661449026986432,-1.661449026986432,97.14285714285714,100.0,93.54838709677419,22
58.48999503595383,60.70201147647177,0.13997673430859328,0.2913532257080078,0.04218438267707825,0.121220663189888,-0.06523392349481583,0.12409165501594543,0.0,0.0,86.23342272817527,88.2399263683307,2.4471487035135624,3.76268937272188,97.14285714285714,100.0,93.54838709677419,22
57.30388885625186,60.096229230110794,0.1415190359501004,0.2880229353904724,0.04156600683927536,0.11847123503684998,-0.06518899649381638,0.12455078959465027,0.0,0.0,84.75963079526025,86.73768880806446,2.5174994818732586,1.4737919329150202,97.14285714285714,100.0,93.54838709677419,22
55.59806175638905,59.05283337394158,0.14150832319415094,0.284859299659729,0.041164495050907135,0.11628563702106476,-0.06521260738372803,0.12541896104812622,0.0,0.0,83.06905852281763,85.0962623993598,2.210171479410178,1.6905722724426226,97.14285714285714,100.0,93.54838709677419,22
53.94311654995494,56.92438855664473,0.14176911752055518,0.28190767765045166,0.041678011417388916,0.11262592673301697,-0.06499763578176498,0.1257096827030182,0.0,0.0,81.1330456256813,83.0156976972597,1.4484110126307428,1.9360128971363224,97.14285714285714,100.0,93.54838709677419,22
51.306579296356425,54.8413172433271,0.1402387127555858,0.2779396176338196,0.042238086462020874,0.10806761682033539,-0.0651811808347702,0.1251678764820099,0.0,0.0,79.1916492451315,80.96276886960828,1.7532747241767908,1.9413963805498042,97.14285714285714,100.0,93.54838709677419,22
60.79501758875937,64.50364654958582,0.1366740398256149,0.2918397784233093,0.04260922223329544,0.10938966274261475,-0.06518404930830002,0.12170132994651794,0.0,0.0,88.57068012011041,83.50455081595096,6.018310704420529,-9.379030874978909,97.14285714285714,100.0,93.54838709677419,22
68.3297173216215,70.8974785632384,0.13648913685623962,0.30655521154403687,0.04394296556711197,0.11975328624248505,-0.06347452104091644,0.1217210441827774,0.0,0.0,84.62970723286199,86.27607866641306,4.7218506641279845,3.940972887248421,97.14285714285714,100.0,93.54838709677419,22
70.93103688005459,72.63860906169427,0.1363558447357536,0.3110755681991577,0.04493756592273712,0.12674833834171295,-0.062404558062553406,0.12162697315216064,0.0,0.0,82.44295788886646,86.2487257847072,2.1867493439955297,2.1867493439955297,97.14285714285714,100.0,93.54838709677419,22
75.65691909423799,75.97262504440457,0.1374645508777603,0.32035136222839355,0.04577508568763733,0.1338086873292923,-0.0618511363863945,0.12213316559791565,0.0,0.0,77.77715201249629,83.55034375780369,4.665805876370172,4.665805876370172,97.14285714285714,100.0,93.54838709677419,22
83.41518620271376,80.80631238521083,0.14031963077235496,0.33276069164276123,0.04728204756975174,0.1494004726409912,-0.06097875535488129,0.1244342178106308,0.0,0.0,71.28148208060986,77.08320289590147,5.549737521023374,6.495669931886425,97.14285714285714,100.0,93.54838709677419,22
85.3020898561715,82.47186429281996,0.14051416984241202,0.33593088388442993,0.04775320738554001,0.1572226732969284,-0.060623764991760254,0.12576183676719666,0.0,0.0,69.56012176885613,73.86249386589888,1.7213603117537275,1.7213603117537275,97.14285714285714,100.0,93.54838709677419,22
91.17391664801454,87.44149077592077,0.14419370987805225,0.3506721258163452,0.047963447868824005,0.16619592905044556,-0.06004498153924942,0.1278984397649765,0.0,0.0,64.60236390439952,70.56879683887469,4.95775786445661,4.95775786445661,97.14285714285714,100.0,93.54838709677419,22
97.12509542594393,95.52386754997924,0.14677638141356575,0.3650282621383667,0.047153450548648834,0.18231451511383057,-0.05931761860847473,0.13127794861793518,0.0,0.0,58.95903007933582,64.46675161252682,5.786460618179959,5.643333825063706,97.14285714285714,100.0,93.54838709677419,22
100.65354963904537,99.18948269192286,0.15368767831477484,0.3789864778518677,0.044797711074352264,0.19665870070457458,-0.05957895517349243,0.13609756529331207,0.0,0.0,56.23676697323546,59.93314645104145,3.554531080843276,2.722263106100357,97.14285714285714,100.0,93.54838709677419,22
103.2574895287683,101.1693847978243,0.15789221356649435,0.39270102977752686,0.04257269203662872,0.20932431519031525,-0.06003314256668091,0.1419098973274231,0.0,0.0,54.421205781631485,56.71567215420146,1.992212026228671,1.815561191603976,97.14285714285714,100.0,93.54838709677419,22
107.27377529455953,106.34869376740316,0.1604123309544566,0.40659910440444946,0.04088202118873596,0.2205333262681961,-0.06013452261686325,0.1464141458272934,0.0,0.0,50.7173465658214,53.76438966095661,2.788241922691988,3.703859215810084,97.14285714285714,100.0,93.54838709677419,22
112.82979683717102,113.15676109310112,0.16309528707294493,0.42480164766311646,0.040012821555137634,0.22971856594085693,-0.060069866478443146,0.14842860400676727,0.0,0.0,45.581905370800996,51.05651155169181,5.135441195020405,5.135441195020405,97.14285714285714,100.0,93.54838709677419,22
114.19322250001773,115.1914190243313,0.16271627175818457,0.42570292949676514,0.03865353763103485,0.23746715486049652,-0.060022249817848206,0.14974790811538696,0.0,0.0,44.25328892408884,48.51453233730616,1.3286164467121537,1.3286164467121537,97.14285714285714,100.0,93.54838709677419,22
118.805807888695,120.50124915054685,0.16597588522906725,0.44084662199020386,0.036950573325157166,0.24812671542167664,-0.05974145233631134,0.15170638263225555,0.0,0.0,40.34742522278389,45.224991520873786,3.905863701304952,3.905863701304952,97.14285714285714,100.0,93.54838709677419,22
124.31778468184527,125.28188837888506,0.17001165769273882,0.45722925662994385,0.03297305852174759,0.26483863592147827,-0.05871224403381348,0.15561790764331818,0.0,0.0,36.01099152646085,40.08859596137388,3.731686645701089,4.336433696323041,97.14285714285714,100.0,93.54838709677419,22
129.9897572202597,130.7589554488787,0.16991122354186702,0.4713185429573059,0.02918541431427002,0.279535636305809,-0.05675139278173447,0.15930086374282837,0.0,0.0,31.30253674249198,35.64064882114123,4.203852100958173,4.708454783968868,97.14285714285714,100.0,93.54838709677419,22
136.16550589154912,137.0497745502691,0.17084763727456675,0.4887723922729492,0.025170989334583282,0.2942865341901779,-0.05401458591222763,0.16104936599731445,0.0,0.0,26.336461764112514,30.858774069280784,3.9532471629559893,4.966074978379467,97.14285714285714,100.0,93.54838709677419,22
142.59303702383667,141.74931297046518,0.1775082373452708,0.5090358853340149,0.021437063813209534,0.3111424595117569,-0.05010735243558884,0.16456300020217896,0.0,0.0,22.33599328395546,26.125932970104934,3.2055746213277985,4.000468480157053,97.14285714285714,100.0,93.54838709677419,22
149.65187020530485,146.9402870504002,0.18674184202823213,0.5270674824714661,0.018385566771030426,0.33101072907447815,-0.04462646692991257,0.17351453006267548,0.0,0.0,18.11459545402697,21.897157169262236,3.481876579756289,4.221397829928492,97.14285714285714,100.0,93.54838709677419,22
153.98025299340893,152.16494283069733,0.19485834568650412,0.5485975444316864,0.013976901769638062,0.3553505912423134,-0.04069117456674576,0.18416012823581696,0.0,0.0,14.529615367519966,17.83304982389537,2.5619010727313167,3.5849800865070023,97.14285714285714,100.0,93.54838709677419,22
158.84844121333447,156.2910306391423,0.20062767628397482,0.5591831505298615,0.009881176054477692,0.3779200538992882,-0.03745541721582413,0.19291290640830994,0.0,0.0,11.790816043301177,14.401194642949925,2.402014677426095,2.738799324218789,97.14285714285714,100.0,93.54838709677419,22
163.14088035689056,162.1142393425013,0.19770886161789278,0.5642946362495422,0.006583690643310547,0.38908929377794266,-0.03221885859966278,0.1964273750782013,0.0,0.0,8.898134014433637,11.413146918960969,1.8726728829481516,2.89268202886754,97.14285714285714,100.0,93.54838709677419,22
168.1638783306226,166.7947295576005,0.1934500243044773,0.5621500611305237,0.00283735990524292,0.3914775103330612,-0.026042617857456207,0.1948791891336441,0.0,0.0,5.730585165228163,8.373141163681872,2.3624534124557357,3.167548849205474,97.14285714285714,100.0,93.54838709677419,22
172.77713630615733,170.62122787017586,0.19507100990080561,0.5763034820556641,-0.0007668361067771912,0.39178383350372314,-0.019978247582912445,0.19251364469528198,0.0,0.0,3.0134493438540204,5.520620032890385,2.231957700941436,2.717135821374143,97.14285714285714,100.0,93.54838709677419,22
178.3665555332852,174.84958325981532,0.18876461332343733,0.5701472461223602,-0.0033207833766937256,0.3917037695646286,-0.015307925641536713,0.1908569037914276,0.0,0.0,-0.25810897633729724,3.4328331443850857,3.2715583201913176,3.2715583201913176,97.14285714285714,100.0,93.54838709677419,22
168.68336141561926,170.46814791687754,0.17711912621801998,0.5509298145771027,-0.006252944469451904,0.3803437352180481,-0.01795847713947296,0.17696087062358856,0.0,0.0,4.5729897832111135,3.2978385858558106,1.5931856309025392,,97.05882352941177,100.0,100.0,23
163.7810494791892,166.08090623311546,0.18015825958993864,0.5492970049381256,-0.002780899405479431,0.37760675698518753,-0.023326046764850616,0.17815904319286346,0.0,0.0,7.813361939598678,5.884137786797197,2.0886490596441263,-3.240372156387565,97.05882352941177,100.0,100.0,23
159.55231224130605,162.8900093443232,0.18097643847906628,0.5383372902870178,0.0005637481808662415,0.3740767687559128,-0.02732095867395401,0.1790701448917389,0.0,0.0,10.507976246667823,8.169962607790495,1.8741768817268962,-2.694614307069145,97.05882352941177,100.0,100.0,23
156.78428440670558,160.8881354456487,0.18139964193773594,0.5347375571727753,0.002705387771129608,0.3694891855120659,-0.030131585896015167,0.1784810721874237,0.0,0.0,12.243129662849796,9.799566803514306,1.7351534161819728,-1.7351534161819728,97.05882352941177,100.0,100.0,23
152.55649635914565,157.6366818136467,0.17598286842623836,0.5248967111110687,0.007079996168613434,0.3579007089138031,-0.03594615310430527,0.17553086578845978,0.0,0.0,14.801692326420763,13.278588577097828,1.3804228967816101,-2.5585626635709673,97.05882352941177,100.0,100.0,23
149.65463134741424,155.14586186589045,0.17714645355856415,0.5225289762020111,0.008893236517906189,0.35299794375896454,-0.03909482806921005,0.1723928153514862,0.0,0.0,16.473083193220972,14.883185149971613,1.6363875426154095,-1.671390866800209,97.05882352941177,100.0,100.0,23
146.05933726617036,152.11849686927187,0.1712760977702187,0.5101939737796783,0.010323755443096161,0.3473551943898201,-0.042372316122055054,0.16944414377212524,0.0,0.0,18.494932290527444,16.513129934906456,2.247123685255602,-2.0218490973064718,97.05882352941177,100.0,100.0,23
141.85454823518268,149.9632388988767,0.17068734569811556,0.5005172193050385,0.01214587688446045,0.33506108075380325,-0.048270538449287415,0.16483235359191895,0.0,0.0,20.851383790625633,19.54942311935683,1.3450688727857738,-2.3564515000981885,97.05882352941177,100.0,100.0,23
136.10537574778738,145.15137676687607,0.16657670116434858,0.4894111156463623,0.013478308916091919,0.32178912311792374,-0.05278532952070236,0.1601298600435257,0.0,0.0,24.52847388366054,22.311137927111925,2.345464215604096,-3.6770900930349057,97.05882352941177,100.0,100.0,23
134.3110706916949,142.59855698312285,0.16484792162080406,0.4842260479927063,0.01574554294347763,0.3112953454256058,-0.055491164326667786,0.15665581822395325,0.0,0.0,25.760968870435278,24.740545698038023,1.4391869106400748,-1.2324949867747392,97.05882352941177,100.0,100.0,23
133.00730681096633,140.47490613071,0.165179333825563,0.47520118951797485,0.016920581459999084,0.3075931966304779,-0.055742181837558746,0.15641868114471436,0.0,0.0,27.150546544861456,25.693411022405417,1.610199830331723,-1.389577674426178,97.05882352941177,100.0,100.0,23
128.96000109913876,136.23748498259212,0.16147839339192702,0.4635215401649475,0.01943989098072052,0.29462580382823944,-0.05683781951665878,0.15344206988811493,0.0,0.0,30.069657545978927,28.396346878515764,1.7675947822241724,-2.9191110011174715,97.05882352941177,100.0,100.0,23
125.86114600561413,133.12412207659338,0.16157022902603982,0.4532703161239624,0.0214240700006485,0.28321392834186554,-0.058589085936546326,0.15087778866291046,0.0,0.0,32.58190952728185,31.16936159048939,1.420388002093027,-2.5122519813029243,97.05882352941177,100.0,100.0,23
121.23841985685286,130.0947308176802,0.1612576583249327,0.4424726963043213,0.022129595279693604,0.2735399901866913,-0.061289116740226746,0.14948000013828278,0.0,0.0,35.55685520395457,33.92787759265727,1.4459818017586343,-2.974945676672718,97.05882352941177,100.0,100.0,23
119.82242598529245,128.87357009245062,0.1630838577880901,0.4385296702384949,0.022194288671016693,0.2705223709344864,-0.06258513033390045,0.14935420453548431,0.0,0.0,36.86149490483061,34.99777393704446,1.304639700876038,-1.304639700876038,97.05882352941177,100.0,100.0,23
117.3033778742211,126.60670100613574,0.1610739148882521,0.4312480688095093,0.02248012274503708,0.2664603590965271,-0.06378968060016632,0.148830845952034,0.0,0.0,38.609274110948334,36.28462440548236,1.7477792061177269,-1.7477792061177269,97.05882352941177,100.0,100.0,23
113.96077602012548,124.31415602851108,0.1603137981096561,0.42065274715423584,0.022578634321689606,0.25479091703891754,-0.0664488673210144,0.1461600661277771,0.0,0.0,41.046491416806774,39.352386716819865,1.9406173669633375,-2.4372173058584394,97.05882352941177,100.0,100.0,23
110.05774695318672,121.55902726542706,0.1584698026741067,0.41182559728622437,0.02224516123533249,0.244498610496521,-0.06863585859537125,0.14394111931324005,0.0,0.0,43.97946016354827,42.12047866239326,2.0426742454824804,-2.932968746741494,97.05882352941177,100.0,100.0,23
106.69585017700109,118.44155907143634,0.1555757193095178,0.400806188583374,0.022677600383758545,0.23629122972488403,-0.06946658343076706,0.14133353531360626,0.0,0.0,46.687117967819106,44.17970741766726,2.5716523465832566,-2.7076578042708377,97.05882352941177,100.0,100.0,23
103.24775376151695,114.8040695930007,0.1518911735783873,0.39047807455062866,0.02390477806329727,0.22259452939033508,-0.06985200196504593,0.13684724271297455,0.0,0.0,49.39352282487682,47.563162491260016,2.371198118235398,-2.706404857057713,97.05882352941177,100.0,100.0,23
101.09186903552592,111.41543194609035,0.1501072572294829,0.3804131746292114,0.026334308087825775,0.21396689116954803,-0.06919190287590027,0.13431891798973083,0.0,0.0,51.64741720070182,50.18833732718487,1.4968027514526483,-2.2538943758249985,97.05882352941177,100.0,100.0,23
95.28766332451818,106.6834582938298,0.14349335200272492,0.3668081760406494,0.02849619835615158,0.20281949639320374,-0.0683986246585846,0.1301041841506958,0.0,0.0,56.43509233329846,53.139307036543045,4.253904764004673,-4.787675132596647,97.05882352941177,100.0,100.0,23
92.73292554753147,103.29966330298865,0.14264980647427605,0.36150383949279785,0.030608154833316803,0.19351640343666077,-0.06817533820867538,0.12630480527877808,0.0,0.0,58.7960046717984,55.801529005985564,3.0021732222467747,-2.3609123384999364,97.05882352941177,100.0,100.0,23
91.52124837904893,101.98539565245042,0.14235328051507015,0.358579158782959,0.032033950090408325,0.1885809302330017,-0.06798586249351501,0.12555116415023804,0.0,0.0,60.144877013311316,57.79245136698995,1.3488723415129158,-1.3488723415129158,97.05882352941177,100.0,100.0,23
87.81660880037953,97.24415006733128,0.1424726201990929,0.35016608238220215,0.034083619713783264,0.1818850189447403,-0.06762200593948364,0.1254456341266632,0.0,0.0,63.95959584131663,60.999599349404534,2.8616759701248213,-3.8147188280053115,97.05882352941177,100.0,100.0,23
85.24777774844182,92.39566612477188,0.14362980423511257,0.342542827129364,0.03598439693450928,0.17442798614501953,-0.06603920459747314,0.1271730214357376,0.0,0.0,67.83557467543352,65.16424165314149,3.015359682751395,-3.875978834116893,97.05882352941177,100.0,100.0,23
84.10662799999761,90.88862531909672,0.14451481459164695,0.3403592109680176,0.03681023418903351,0.1726694107055664,-0.06548002362251282,0.12803979218006134,0.0,0.0,69.1011544982955,66.4496313173862,1.2655798228619801,-1.2655798228619801,97.05882352941177,100.0,100.0,23
81.23292994300675,86.87495129688702,0.14451265076352857,0.33436083793640137,0.037425585091114044,0.16907334327697754,-0.06519248336553574,0.12846623361110687,0.0,0.0,72.02824136207241,68.44629638212089,2.927086863776907,-2.927086863776907,97.05882352941177,100.0,100.0,23
77.13008262185588,81.78081417252722,0.1451051891114741,0.3259781002998352,0.03849516808986664,0.1597578227519989,-0.06488163024187088,0.1294153481721878,0.0,0.0,76.30154020390934,73.6524730419804,2.874386052900576,-4.273298841836933,97.05882352941177,100.0,100.0,23
75.19982695760598,80.62845089769709,0.14519424616159918,0.3225722908973694,0.03862781077623367,0.1570388227701187,-0.06494327634572983,0.12957508862018585,0.0,0.0,78.08788933745436,75.16738503582587,1.7863491335450163,-1.7863491335450163,97.05882352941177,100.0,100.0,23
71.42140528377519,77.11306010823516,0.14422914637209833,0.3150220513343811,0.038535669445991516,0.15067945420742035,-0.06552987545728683,0.1293192356824875,0.0,0.0,81.31270912702198,78.40631508890364,3.3895874397930754,-3.2248197895676185,97.05882352941177,100.0,100.0,23
68.76455316563124,72.5452200092815,0.14077318157518895,0.30825352668762207,0.040842436254024506,0.14131636917591095,-0.06410301476716995,0.12757521867752075,0.0,0.0,85.16874920040712,82.54412673962686,2.8701999503452384,-3.856040073385145,97.05882352941177,100.0,100.0,23
67.1365500564263,70.77703212118057,0.14096470703569916,0.30527108907699585,0.042086146771907806,0.1383860856294632,-0.06302822381258011,0.12720121443271637,0.0,0.0,86.87236397810689,83.93404045239811,1.7036147776997694,-1.7036147776997694,97.05882352941177,100.0,100.0,23
63.625529404747844,67.28068050367337,0.14072310116296666,0.29798996448516846,0.042870424687862396,0.1339012086391449,-0.0622091144323349,0.12682247161865234,0.0,0.0,89.73280435343601,86.01811669550298,2.8604403753291194,-2.8604403753291194,97.05882352941177,100.0,100.0,23
67.40434628092828,71.03171893831909,0.13935499145831992,0.300401508808136,0.04506146162748337,0.12931731343269348,-0.06258655339479446,0.12513048946857452,0.0,0.0,85.91648001992655,87.7752558142493,2.1446192347282675,3.8163243335094563,97.05882352941177,100.0,100.0,23
71.17440913547364,76.23178994566543,0.1405909909535031,0.3084835410118103,0.04497011750936508,0.13409242033958435,-0.06282217800617218,0.12520243227481842,0.0,0.0,81.88650406693125,85.29204743170287,3.4176023183675994,4.029975952995301,97.05882352941177,100.0,100.0,23
73.26079445333545,79.31993903002338,0.13958625158645424,0.31393134593963623,0.044204890727996826,0.14024952054023743,-0.06339459866285324,0.12511564791202545,0.0,0.0,79.58101842664576,81.99993230334023,1.6470819078392935,2.3054856402854966,97.05882352941177,100.0,100.0,23
76.48144275519536,82.82458104476567,0.1394159440725528,0.32020020484924316,0.04366312175989151,0.14417654275894165,-0.06367585062980652,0.12475244700908661,0.0,0.0,76.31919801325273,79.7537052103287,3.261820413393025,3.261820413393025,97.05882352941177,100.0,100.0,23
77.49403276812478,84.39134801085798,0.1388648955639928,0.3238224983215332,0.04347340762615204,0.1469915509223938,-0.0637923926115036,0.12420718371868134,0.0,0.0,74.98770507136582,78.02900546143735,1.331492941886907,1.331492941886907,97.05882352941177,100.0,100.0,23
83.74504901301896,90.3916029251149,0.14416753551060932,0.3389515280723572,0.04326709359884262,0.1557859182357788,-0.06371712684631348,0.1251966804265976,0.0,0.0,70.29079966637963,74.06512719925658,4.372006379648525,4.696905404986197,97.05882352941177,100.0,100.0,23
89.80011917452129,94.74473102102903,0.14777123714916546,0.35268402099609375,0.04308439791202545,0.17160695791244507,-0.06253733485937119,0.13103505969047546,0.0,0.0,65.84816095214774,68.98867762197297,3.8477742924232814,4.44263871423189,97.05882352941177,100.0,100.0,23
91.68079819844752,96.90514882618749,0.14799444125909192,0.35722148418426514,0.042758211493492126,0.17604206502437592,-0.0620964914560318,0.13230028748512268,0.0,0.0,63.82680285269294,67.3726784185513,2.021358099454794,2.021358099454794,97.05882352941177,100.0,100.0,23
96.21473577218671,101.12884792722096,0.15173085910407347,0.3701212406158447,0.04204508662223816,0.18345680832862854,-0.06173213571310043,0.1344415545463562,0.0,0.0,59.73844427670351,64.7773358315288,4.088358575989432,4.088358575989432,97.05882352941177,100.0,100.0,23
101.74193631273988,106.65997502304131,0.1600788434946608,0.38655877113342285,0.0385330393910408,0.2045065313577652,-0.062021173536777496,0.14247575402259827,0.0,0.0,55.49382108188414,58.340209422019285,3.695958033100588,4.2446231948193685,97.05882352941177,100.0,100.0,23
103.89423136323978,108.51831311935504,0.16190151977209025,0.3919063210487366,0.03756009042263031,0.2104707658290863,-0.06203967332839966,0.14523521065711975,0.0,0.0,53.62694248987742,56.81233397531276,1.8668785920067208,1.8668785920067208,97.05882352941177,100.0,100.0,23
110.34283988978731,113.94951454314165,0.16703107675803044,0.4090622663497925,0.03619925677776337,0.22627678513526917,-0.06165306270122528,0.15117929875850677,0.0,0.0,48.35762972800277,52.56898069931948,4.439899769510816,5.269312761874652,97.05882352941177,100.0,100.0,23
116.98651666028204,119.41235971738226,0.17027557971104626,0.4311116337776184,0.0350516140460968,0.2432531714439392,-0.060506902635097504,0.15607935190200806,0.0,0.0,42.68186282112909,47.75981011891764,4.520355607896029,5.675766906873683,97.05882352941177,100.0,100.0,23
122.7864826639669,123.46100641328982,0.17215915938538673,0.45400291681289673,0.03324081003665924,0.26567891240119934,-0.057709574699401855,0.1602301299571991,0.0,0.0,38.53121233771532,40.79638948735834,2.0092209458239196,4.15065048341377,97.05882352941177,100.0,100.0,23
125.4529770804605,125.52678092736556,0.16989978849880055,0.45848363637924194,0.03298468142747879,0.27343812584877014,-0.0551898255944252,0.16118359565734863,0.0,0.0,36.14477449874655,38.1748844210955,1.338343065634355,2.3864378389687673,97.05882352941177,100.0,100.0,23
130.76836417617827,130.10752754943587,0.1731622994581919,0.47708040475845337,0.03274506330490112,0.2813672721385956,-0.053459614515304565,0.1626647561788559,0.0,0.0,32.16923674260725,36.082085285862505,3.9755377561393033,3.9755377561393033,97.05882352941177,100.0,100.0,23
137.31964955148473,137.5909786498796,0.1691326054068012,0.498108446598053,0.03011685609817505,0.30282554030418396,-0.05011878162622452,0.16429884731769562,0.0,0.0,26.44018490728697,30.148952718326722,4.315772837516036,5.729051835320277,97.05882352941177,100.0,100.0,23
144.27614703726812,143.40131296016685,0.18287177165012178,0.525707870721817,0.026101313531398773,0.3179202154278755,-0.04774084687232971,0.16761255264282227,0.0,0.0,21.7061751178952,26.30484683764913,4.610894462716153,4.73400978939177,97.05882352941177,100.0,100.0,23
146.57506548453625,148.04614460251318,0.18105818214859867,0.5282319784164429,0.0204039067029953,0.3354261964559555,-0.04504571110010147,0.17424501478672028,0.0,0.0,19.388960953284098,22.16458829717945,1.857186583643042,2.3172141646111015,97.05882352941177,100.0,100.0,23
152.2033481810713,153.0793278503958,0.18609456963486032,0.5381131172180176,0.017056912183761597,0.3463694304227829,-0.04260603338479996,0.1781030148267746,0.0,0.0,15.906031658642277,19.56182881668718,3.4829292946418207,3.4829292946418207,97.05882352941177,100.0,100.0,23
157.80706592547645,158.96104409515598,0.19390817845574476,0.5540449321269989,0.010720044374465942,0.37079694122076035,-0.036866068840026855,0.1866038739681244,0.0,0.0,12.123557785327094,14.509880785123332,2.7372135430654083,3.7824738733151833,97.05882352941177,100.0,100.0,23
162.6582560389226,163.44687339245934,0.19677491820091353,0.5549947023391724,0.006135284900665283,0.3815471827983856,-0.031740427017211914,0.19247514009475708,0.0,0.0,9.164747548983883,11.325215228919628,2.782213654399783,2.9588102363432114,97.05882352941177,100.0,100.0,23
166.13784800691374,167.33274064062877,0.19567952712898645,0.5597332119941711,0.0027342066168785095,0.385134682059288,-0.028425268828868866,0.19454661011695862,0.0,0.0,6.7493467999452434,9.308459155726304,2.6234342706471807,2.415400749038639,97.05882352941177,100.0,100.0,23
169.5362001839642,169.43227928612924,0.19370235821264553,0.5642125308513641,-0.0002358555793762207,0.39219213277101517,-0.02160678058862686,0.1941382884979248,0.0,0.0,5.045725647895935,6.16159332527927,1.3334109999437942,1.7036211520493083,97.05882352941177,100.0,100.0,23
174.90221876736345,173.06066017006665,0.1881005784236726,0.5671724081039429,-0.001967884600162506,0.391499400138855,-0.015221714973449707,0.1901250183582306,0.0,0.0,1.8489146566979855,3.7763641806239363,1.9271836154265003,3.1968109911979496,97.05882352941177,100.0,100.0,23
177.41849895697084,179.75547344563591,0.23130907366824757,0.4793754816055298,,,,,0.0,0.0,-1.4288665639347613,,3.9981290173828654,,97.05882352941177,100.0,85.71428571428571,24
173.11640951461808,173.86703248527076,0.233544277712546,0.4916136860847473,-0.006926238536834717,0.4571070671081543,-0.013752058148384094,0.23291634023189545,0.0,0.0,3.3786794102840076,1.7448026820663607,1.2904815221584016,-4.807545974218769,97.05882352941177,100.0,85.71428571428571,24
170.36912988118127,170.42173856122463,0.23421631433025675,0.4850395917892456,0.0007820725440979004,0.4549195319414139,-0.01457233726978302,0.23328110575675964,0.0,0.0,5.867886263084031,3.9754028865955178,1.3010382781956054,-2.4892068528000237,97.05882352941177,100.0,85.71428571428571,24
165.24703373096963,163.82806770164726,0.23323769117667,0.4745904207229614,0.011940225958824158,0.4471401572227478,-0.017280831933021545,0.23326213657855988,0.0,0.0,10.01098937370719,7.791566392659405,1.7736170015332249,-4.143103110623159,97.05882352941177,100.0,85.71428571428571,24
158.06063076879636,155.88568371744893,0.22771919758064582,0.45926570892333984,0.027337029576301575,0.43322595953941345,-0.023074030876159668,0.22805704176425934,0.0,0.0,15.717750328797749,13.81110138700205,1.3715214736427583,-5.706760955090559,97.05882352941177,100.0,85.71428571428571,24
153.2635180563062,151.14811820387686,0.22335527669443087,0.4459291696548462,0.035564735531806946,0.4216553568840027,-0.026641234755516052,0.22334879636764526,0.0,0.0,19.327911202377308,17.432714660841093,1.4289048210213338,-3.6101608735795594,97.05882352941177,100.0,85.71428571428571,24
148.58449723728583,145.36509244539013,0.21928835500651256,0.42985570430755615,0.04078856110572815,0.40409041941165924,-0.030254468321800232,0.21849200129508972,0.0,0.0,22.88836953371559,20.976236525210172,1.6246216070654782,-3.560458331338282,97.05882352941177,100.0,85.71428571428571,24
145.31702119218826,140.28129801947108,0.21892947551248332,0.41583430767059326,0.042970359325408936,0.39075398445129395,-0.03246362507343292,0.21664085984230042,0.0,0.0,25.673108195325312,23.476255479826932,1.5933119317085982,-2.7847386616097225,97.05882352941177,100.0,85.71428571428571,24
138.1004950419061,133.6244831299495,0.20744401485356412,0.3913874626159668,0.04458913207054138,0.36900556087493896,-0.04064197838306427,0.20771223306655884,0.0,0.0,29.532683008018566,27.859038075263015,1.6081556132187131,-3.8595748126932534,97.05882352941177,100.0,85.71428571428571,24
135.9990144128244,130.54326411092416,0.20715048175377226,0.38542670011520386,0.04460485279560089,0.36334626376628876,-0.04297006130218506,0.20495371520519257,0.0,0.0,31.003705900135714,28.959180500534593,1.4710228921171478,-1.4710228921171478,97.05882352941177,100.0,85.71428571428571,24
133.31110569399488,129.2780637973019,0.20661704484400553,0.37868696451187134,0.045170724391937256,0.353652223944664,-0.0468565970659256,0.20172332227230072,0.0,0.0,32.95174720828321,31.21684448472863,1.5725053858061742,-1.948041308147495,97.05882352941177,100.0,85.71428571428571,24
131.29821933712097,127.88180232697606,0.20654563492867953,0.3733975887298584,0.045852288603782654,0.34931690990924835,-0.04837922751903534,0.20113372802734375,0.0,0.0,34.544245650307836,32.469735145300945,1.5924984420246275,-1.5924984420246275,97.05882352941177,100.0,85.71428571428571,24
128.54959592714007,124.59644881137666,0.2045978161570645,0.36350005865097046,0.04675760865211487,0.3442884534597397,-0.04985722899436951,0.20010963082313538,0.0,0.0,36.581601750936464,33.864209108001134,2.037356100628628,-2.037356100628628,97.05882352941177,100.0,85.71428571428571,24
125.70570412860894,121.49327794503992,0.20096066232564244,0.3502805233001709,0.04666750133037567,0.335874542593956,-0.05184502899646759,0.19798241555690765,0.0,0.0,38.32305710815348,35.60016292942025,1.7414553572170135,-1.7414553572170135,97.05882352941177,100.0,85.71428571428571,24
123.68376513409135,120.5980153388625,0.19987231392482618,0.34173792600631714,0.045880407094955444,0.32710133492946625,-0.053906574845314026,0.1956755667924881,0.0,0.0,39.653430691730435,37.27558380028205,1.3303735835769572,-1.3303735835769572,97.05882352941177,100.0,85.71428571428571,24
119.70807346601725,117.14353477235582,0.19558239652935624,0.32525378465652466,0.043191760778427124,0.30466289818286896,-0.05770459771156311,0.189248725771904,0.0,0.0,42.86271905119841,41.18340348172618,1.3003347595325891,-3.209288359467976,97.05882352941177,100.0,85.71428571428571,24
116.12266172778916,114.3500980292977,0.19102666941225957,0.3131311535835266,0.04278042912483215,0.2970772832632065,-0.05858345329761505,0.18664979934692383,0.0,0.0,45.309992656181386,42.59754397283892,2.447273604982975,-2.447273604982975,97.05882352941177,100.0,85.71428571428571,24
113.72100788310053,112.82779643975428,0.189557321756233,0.3070415258407593,0.041978225111961365,0.28902997076511383,-0.059930965304374695,0.18389010429382324,0.0,0.0,46.92812092136447,44.16580423010252,1.6181282651830813,-1.6181282651830813,97.05882352941177,100.0,85.71428571428571,24
109.14243065682899,110.9026989062714,0.18360751025315314,0.29501044750213623,0.04016241431236267,0.2723868042230606,-0.0639868676662445,0.1764550656080246,0.0,0.0,49.4068739088581,47.364463290772804,1.5940082321708502,-2.4787529874936354,97.05882352941177,100.0,85.71428571428571,24
106.81016591750398,108.08914066085875,0.17863353841738705,0.28691965341567993,0.03971956670284271,0.2647343724966049,-0.06555607914924622,0.1725718379020691,0.0,0.0,51.12544637433196,48.81832672031044,1.718572465473855,-1.718572465473855,97.05882352941177,100.0,85.71428571428571,24
101.0624864989332,103.5254889920706,0.1711486112210529,0.2675095200538635,0.03957253694534302,0.242902934551239,-0.06880411505699158,0.1595713347196579,0.0,0.0,54.557492780444846,52.44897937646801,2.0784792867789363,-3.432046406112889,97.05882352941177,100.0,85.71428571428571,24
98.19901563661665,100.35536964616041,0.16950324591451002,0.2585029602050781,0.03965778648853302,0.23630402982234955,-0.06963637471199036,0.15672793984413147,0.0,0.0,57.24875478232533,53.97980647846635,2.6912620018804816,-2.6912620018804816,97.05882352941177,100.0,85.71428571428571,24
96.0174765481458,97.83850073149252,0.16677193642596258,0.25101369619369507,0.0398421436548233,0.2293601930141449,-0.07017165422439575,0.15440349280834198,0.0,0.0,58.89970247508627,55.79624088288058,1.650947692760944,-1.650947692760944,97.05882352941177,100.0,85.71428571428571,24
92.88591587399509,95.75345060653399,0.16467657074928443,0.24243944883346558,0.03946882486343384,0.22141271829605103,-0.07082696259021759,0.1523599475622177,0.0,0.0,61.36976212951148,58.01892804184198,2.4700596544252065,-2.4700596544252065,97.05882352941177,100.0,85.71428571428571,24
89.9503050246463,91.34288914181357,0.16581586069478543,0.23675310611724854,0.03914715349674225,0.2134568989276886,-0.07120224833488464,0.15071232616901398,0.0,0.0,64.25705634571447,60.44381893315939,2.8872942162029958,-2.8872942162029958,97.05882352941177,100.0,85.71428571428571,24
86.7030405742725,88.3446929490234,0.16505002867946136,0.22906219959259033,0.03874717652797699,0.20588171482086182,-0.07174926996231079,0.14922183752059937,0.0,0.0,67.19365875137112,62.93004492542084,2.936602405656643,-2.936602405656643,97.05882352941177,100.0,85.71428571428571,24
83.34062554898196,84.88198294800056,0.16340124143697565,0.22121351957321167,0.0385393351316452,0.19824552536010742,-0.07246632874011993,0.14793650805950165,0.0,0.0,69.90118088525402,65.68041452796277,2.707522133882904,-2.707522133882904,97.05882352941177,100.0,85.71428571428571,24
79.80344508786027,80.33647795023435,0.16340598468784165,0.21448731422424316,0.03856395184993744,0.19116371870040894,-0.07331448793411255,0.14715835452079773,0.0,0.0,72.90649379715688,68.56459744487412,3.0053129119028625,-3.0053129119028625,97.05882352941177,100.0,85.71428571428571,24
77.67915420727587,74.74347185587581,0.153474562343208,0.20953106880187988,0.03946429491043091,0.18222670257091522,-0.07303407788276672,0.14384670555591583,0.0,0.0,74.75317633623003,71.18862744250302,1.846682539073143,-1.846682539073143,97.05882352941177,100.0,85.71428571428571,24
75.28714097411284,74.07056143961822,0.1531695909987127,0.2096201777458191,0.04225602746009827,0.17418651282787323,-0.07238693535327911,0.14084839820861816,0.0,0.0,77.50510399786431,73.76648875412631,2.7519276616342836,-2.7519276616342836,97.05882352941177,100.0,85.71428571428571,24
73.8381873145135,70.51980226881224,0.1540541157985503,0.2073175311088562,0.04587447643280029,0.1674536019563675,-0.07115328311920166,0.1388528048992157,0.0,0.0,79.70573513648861,76.21762731693497,2.2006311386243027,-2.2006311386243027,97.05882352941177,100.0,85.71428571428571,24
72.63540681389628,71.49853471732229,0.157605794547494,0.20781785249710083,0.05053091049194336,0.16261136531829834,-0.06967766582965851,0.1379707008600235,0.0,0.0,81.39347283551743,78.3393720765251,1.6877376990288155,-1.6877376990288155,97.05882352941177,100.0,85.71428571428571,24
66.742920494153,66.68992991706828,0.15848761861972155,0.1981169581413269,0.05665460228919983,0.15724945068359375,-0.06982068717479706,0.1406947374343872,0.0,0.0,86.50913559238538,82.49689217710596,4.129910448352987,-5.115662756867948,97.05882352941177,100.0,85.71428571428571,24
65.70817075401044,57.75787717409037,0.15262932531255505,0.192360520362854,0.059767529368400574,0.1482819765806198,-0.0691935122013092,0.139767587184906,0.0,0.0,88.89416050863063,86.2187026726294,1.8018710631614283,-2.385024916245257,97.05882352941177,100.0,85.71428571428571,24
58.53227386407028,48.35240433443665,0.15242589999294168,0.17690211534500122,0.05868656933307648,0.13985170423984528,-0.06771914660930634,0.13889557123184204,0.0,0.0,83.52648484400005,86.50551759762132,5.367675664630582,5.367675664630582,97.05882352941177,100.0,85.71428571428571,24
55.302884818187486,47.729044821425674,0.14717562680550877,0.1728588342666626,0.056229367852211,0.13080251216888428,-0.06424976885318756,0.13738806545734406,0.0,0.0,78.28019335093916,84.44828203725976,5.246291493060895,5.246291493060895,97.05882352941177,100.0,85.71428571428571,24
52.500671280857546,34.4708798476859,0.13875787799298012,0.15893208980560303,0.05413040518760681,0.11983543634414673,-0.061160072684288025,0.13447315990924835,0.0,0.0,76.9006148649722,81.9003633921355,1.3795784859669595,1.3795784859669595,97.05882352941177,100.0,85.71428571428571,24
52.01241524890261,30.70966136617962,0.14888257112957096,0.1655767560005188,0.05578792095184326,0.10377976298332214,-0.05279582738876343,0.13258662819862366,0.0,0.0,67.28582131517307,75.1423695636187,10.8170274082173,9.614793549799131,97.05882352941177,100.0,85.71428571428571,24
54.10733397139662,20.940724485814172,0.1455597310974618,0.17038452625274658,0.0597323477268219,0.10032136738300323,-0.04494717717170715,0.13451404869556427,0.0,0.0,64.41991126989397,71.67729904335741,2.8659100452790938,2.8659100452790938,97.05882352941177,100.0,85.71428571428571,24
50.17634009756429,3.730544161287389,0.14171815409168464,0.16718751192092896,0.05978307127952576,0.09895116090774536,-0.03574204444885254,0.13797977566719055,0.0,0.0,58.49388643463196,67.07561693577233,5.926024835262012,5.926024835262012,97.05882352941177,100.0,85.71428571428571,24
43.65311638745505,5.54664558937312,0.10060856935623852,0.14935564994812012,0.05808262526988983,0.08082103729248047,-0.028523772954940796,0.12838222086429596,0.0,0.0,62.54897322360094,61.148270014840676,3.4186640923651055,-4.055086788968978,97.05882352941177,100.0,85.71428571428571,24
55.573098915845826,0.05189528013821151,0.09428928200008338,0.15552639961242676,0.05752198398113251,0.07188928127288818,-0.029909804463386536,0.11478906869888306,0.0,0.0,75.15534710803907,63.83212897437694,12.606373884438128,-12.606373884438128,97.05882352941177,100.0,85.71428571428571,24
59.63134473609466,26.251053503322623,0.05066862280291188,0.14093255996704102,0.060232773423194885,0.059895679354667664,-0.031787946820259094,0.09028728306293488,0.0,0.0,86.80418985195108,70.90970482870674,11.648842743912013,-11.648842743912013,97.05882352941177,100.0,85.71428571428571,24
103.89895613353309,107.93993332679003,0.18110024093221355,0.28007954359054565,0.03493572771549225,0.17005571722984314,-0.0672069787979126,0.11771267652511597,0.0,0.0,52.976021039552705,65.15648191096757,33.828168812398374,33.828168812398374,97.05882352941177,100.0,85.71428571428571,24
108.2229142406232,110.27374449150926,0.18167610474919732,0.2891998887062073,0.036652177572250366,0.2318631112575531,-0.06873539090156555,0.15755370259284973,0.0,0.0,49.607434917492014,55.28807437806292,3.368586122060691,3.368586122060691,97.05882352941177,100.0,85.71428571428571,24
114.28107559490712,114.21472290975647,0.18351104695553683,0.3009184002876282,0.03709396719932556,0.2548932582139969,-0.06885498762130737,0.1681523323059082,0.0,0.0,45.32853747756998,50.71851089511492,4.278897439922034,4.278897439922034,97.05882352941177,100.0,85.71428571428571,24
119.57348398728368,117.86632636412413,0.1864097764387744,0.31494593620300293,0.03574030101299286,0.2645177096128464,-0.06585781276226044,0.1708398312330246,0.0,0.0,41.71117675146486,47.40579254651989,3.617360726105119,3.617360726105119,97.05882352941177,100.0,85.71428571428571,24
123.01196600892885,119.30660246460207,0.1895767421541636,0.3265891671180725,0.03590326011180878,0.27591173350811005,-0.06211954355239868,0.174468532204628,0.0,0.0,39.75239219551597,44.099885335510706,1.9587845559488954,1.9587845559488954,97.05882352941177,100.0,85.71428571428571,24
125.44558588886892,119.74721973088442,0.19047839152786375,0.33670753240585327,0.03669080138206482,0.2867944836616516,-0.05837506055831909,0.17810431122779846,0.0,0.0,38.21785031860662,41.25248918578936,1.5345418769093442,1.5345418769093442,97.05882352941177,100.0,85.71428571428571,24
128.5795152506551,121.55416946699748,0.19569967331474006,0.3465110659599304,0.037883445620536804,0.29690292477607727,-0.054924219846725464,0.18239346146583557,0.0,0.0,36.57688999778551,39.06457731584324,1.6409603208211152,1.6409603208211152,97.05882352941177,100.0,85.71428571428571,24
131.40654207734266,123.71688587119417,0.19676957587550606,0.35561084747314453,0.038836076855659485,0.30547238886356354,-0.05196157097816467,0.18596383929252625,0.0,0.0,34.48563777716512,37.2581925722683,2.0912522206203903,2.0912522206203903,97.05882352941177,100.0,85.71428571428571,24
134.2581441817577,125.2885322113015,0.19686931978877092,0.36350440979003906,0.039299070835113525,0.31323303282260895,-0.049247875809669495,0.1885935664176941,0.0,0.0,32.433632448268476,35.42850263545643,2.052005328896641,2.052005328896641,97.05882352941177,100.0,85.71428571428571,24
138.23166307459576,128.35572482773745,0.19653388053234316,0.37859123945236206,0.03970003128051758,0.322859451174736,-0.04636417329311371,0.19089263677597046,0.0,0.0,29.416084302506285,33.228061131431346,3.0175481457621913,3.0175481457621913,97.05882352941177,100.0,85.71428571428571,24
141.13786976578257,129.80660971454924,0.19925066690393226,0.3850961923599243,0.040208250284194946,0.33249610662460327,-0.043502166867256165,0.19246512651443481,0.0,0.0,27.66645415283412,31.000452170193498,1.7496301496721642,1.7496301496721642,97.05882352941177,100.0,85.71428571428571,24
144.00103842180272,132.3807686148338,0.20125671284323188,0.39459651708602905,0.04086539149284363,0.34291723370552063,-0.040498971939086914,0.19426143169403076,0.0,0.0,25.70933652318905,28.806376856699483,1.9571176296450687,1.9571176296450687,97.05882352941177,100.0,85.71428571428571,24
148.27226869197636,135.41652437395777,0.20875523781559013,0.41023528575897217,0.0417918860912323,0.36228716373443604,-0.03487125039100647,0.20040267705917358,0.0,0.0,23.280619020138317,25.37469276093982,1.56174232745947,2.428717503050734,97.05882352941177,100.0,85.71428571428571,24
150.7468492996713,137.0373755780938,0.21183977199874912,0.4214044213294983,0.04189835488796234,0.3713257163763046,-0.03211791813373566,0.20404407382011414,0.0,0.0,21.746983796820857,23.894825171936503,1.5336352233174608,1.5336352233174608,97.05882352941177,100.0,85.71428571428571,24
152.7782961962201,138.1471963271983,0.21460769767487867,0.4348655939102173,0.04226784408092499,0.3809534013271332,-0.029510363936424255,0.20781034231185913,0.0,0.0,20.39248476212657,22.565612231670883,1.3544990346942853,1.3544990346942853,97.05882352941177,100.0,85.71428571428571,24
155.56028123569504,141.6974802197832,0.21440452218052775,0.44570499658584595,0.04240037500858307,0.39105047285556793,-0.026498600840568542,0.21071471273899078,0.0,0.0,18.513523317024536,20.98340272402757,1.8789614451020356,1.8789614451020356,97.05882352941177,100.0,85.71428571428571,24
157.3675623279585,144.10079699091125,0.2179818628335049,0.4563009738922119,0.04241056740283966,0.40202493965625763,-0.023992836475372314,0.21334262192249298,0.0,0.0,17.19852760451134,19.462879870120826,1.3149957125131948,1.3149957125131948,97.05882352941177,100.0,85.71428571428571,24
159.91675440285596,146.4257367693518,0.21974899316429844,0.46385449171066284,0.041947200894355774,0.41215386986732483,-0.02139642834663391,0.21560348570346832,0.0,0.0,15.57113501539179,17.91891767476356,1.6273925891195518,1.6273925891195518,97.05882352941177,100.0,85.71428571428571,24
163.3543944120461,150.28387144671126,0.22008435293027678,0.4720771908760071,0.03921085596084595,0.425494909286499,-0.016608938574790955,0.21914349496364594,0.0,0.0,13.218122639447216,15.147359345119725,1.383529481681336,2.353012375944573,97.05882352941177,100.0,85.71428571428571,24
165.81339391596975,153.55429642137895,0.22021102546629465,0.4780641198158264,0.03667497634887695,0.4297039061784744,-0.014264807105064392,0.2198735922574997,0.0,0.0,11.25412116545023,13.661257735354447,1.964001473996987,1.964001473996987,97.05882352941177,100.0,85.71428571428571,24
167.75641328870154,156.14013611162167,0.22189685812804427,0.48259490728378296,0.033569350838661194,0.43343386054039,-0.012373968958854675,0.2205275297164917,0.0,0.0,9.731890439327444,12.20144659133836,1.5222307261227854,1.5222307261227854,97.05882352941177,100.0,85.71428571428571,24
169.22358083120872,158.60264870429293,0.22235610251039659,0.4839189648628235,0.029714033007621765,0.43613655865192413,-0.010777860879898071,0.2208680957555771,0.0,0.0,8.466094525936782,10.667557192540418,1.2657959133906616,1.2657959133906616,97.05882352941177,100.0,85.71428571428571,24
170.78152168935094,161.3926975708228,0.22498567260396374,0.48323237895965576,0.024928927421569824,0.4388742595911026,-0.009767234325408936,0.2221456617116928,0.0,0.0,6.896508296243709,9.087153606739541,1.5695862296930727,1.5695862296930727,97.05882352941177,100.0,85.71428571428571,24
172.89625151413577,164.6649269819294,0.2258624284023917,0.48216062784194946,0.019764557480812073,0.44026364386081696,-0.008969619870185852,0.22359450161457062,0.0,0.0,5.054791162695949,7.537321106050971,1.8417171335477605,1.8417171335477605,97.05882352941177,100.0,85.71428571428571,24
174.07268410783473,166.85657657041995,0.2254468679881581,0.481136679649353,0.014247596263885498,0.44027455151081085,-0.008659407496452332,0.22449538111686707,0.0,0.0,3.7708061666258175,6.0470500378755645,1.2839849960701315,1.2839849960701315,97.05882352941177,100.0,85.71428571428571,24
130.52674711923655,106.5557320499885,0.21367212871544566,0.36203426122665405,0.06987489759922028,0.3275124728679657,-0.027089178562164307,0.21292772889137268,0.0,0.0,41.96140967179062,40.26426412782779,1.3888568505285832,,66.66666666666666,0.0,95.0,25
125.85637523288443,100.45341468380198,0.21369252654279677,0.3503131866455078,0.06929321587085724,0.31546758115291595,-0.029811814427375793,0.21199189126491547,0.0,0.0,45.68190682006218,43.78427504869524,1.3755230925850768,-3.720497148271562,66.66666666666666,0.0,95.0,25
124.22894812782323,99.58043288656829,0.2115089359956044,0.34399551153182983,0.0690019428730011,0.31089136004447937,-0.030748501420021057,0.21131302416324615,0.0,0.0,47.15672725983734,45.08310444570692,1.4748204397751579,-1.4748204397751579,66.66666666666666,0.0,95.0,25
122.74386130275965,99.10793793980176,0.21114623931284568,0.34027695655822754,0.06880621612071991,0.3060038834810257,-0.031458571553230286,0.21040865778923035,0.0,0.0,48.46198278148981,46.40175014721661,1.3052555216524695,-1.3052555216524695,66.66666666666666,0.0,95.0,25
112.40299891794496,81.89148962791396,0.20462742074887894,0.31622475385665894,0.08027602732181549,0.2746865004301071,-0.03071385622024536,0.20389962196350098,0.0,0.0,59.16569688186107,57.47102342549126,1.7449249877302933,-10.703714100371258,66.66666666666666,0.0,95.0,25
109.40607284287839,78.14083290534884,0.20957228039643627,0.31142139434814453,0.0831819474697113,0.2688508778810501,-0.03464375436306,0.20747244358062744,0.0,0.0,61.30577316817686,62.48303594234991,1.4175734986613193,-2.1400762863157965,66.66666666666666,0.0,95.0,25
110.9238065568756,82.59718976313492,0.20887448472188103,0.3138280510902405,0.08253850042819977,0.26993583142757416,-0.03415544331073761,0.2071198970079422,0.0,0.0,59.933891384608756,61.703235966016436,1.3718817835681065,1.3718817835681065,66.66666666666666,0.0,95.0,25
113.41052601434518,85.05112987535799,0.20834663023139136,0.3190882205963135,0.08133929967880249,0.2720578908920288,-0.03367851674556732,0.20661692321300507,0.0,0.0,57.47283664261624,60.35896196556001,2.4610547419925197,2.4610547419925197,66.66666666666666,0.0,95.0,25
115.68296506843168,88.16638224570085,0.20879304184686515,0.325145959854126,0.08000646531581879,0.2756675183773041,-0.03321075439453125,0.2062395066022873,0.0,0.0,55.273472338541346,58.4964933834858,2.1993643040748907,2.1993643040748907,66.66666666666666,0.0,95.0,25
117.94336178729208,89.55452157695535,0.21024459395276443,0.3324861526489258,0.07874327898025513,0.2806852012872696,-0.032964736223220825,0.20644931495189667,0.0,0.0,53.07006202865248,56.43756559860471,2.2034103098888664,2.2034103098888664,66.66666666666666,0.0,95.0,25
120.38554778198593,93.44262640584343,0.21161597320693412,0.33815187215805054,0.0765584260225296,0.290643572807312,-0.0326160192489624,0.20781277120113373,0.0,0.0,50.79382190815562,52.82835548621465,1.3822437613535428,2.2762401204968583,66.66666666666666,0.0,95.0,25
124.47155500280368,96.48783537963527,0.2137454439985005,0.34716343879699707,0.07341280579566956,0.30060505867004395,-0.03169034421443939,0.21008513867855072,0.0,0.0,47.3026644530988,49.2641540896071,1.6560866447185134,3.491157455056822,66.66666666666666,0.0,95.0,25
126.56417804511912,96.5262153739376,0.2142948580507633,0.35249263048171997,0.07211455702781677,0.30419106781482697,-0.031140312552452087,0.21084411442279816,0.0,0.0,45.32096622822753,47.89594016962508,1.9816982248712662,1.9816982248712662,66.66666666666666,0.0,95.0,25
128.85674585395932,100.18796460777158,0.21519362434705827,0.3584188222885132,0.07099683582782745,0.3088570088148117,-0.030292123556137085,0.21187923848628998,0.0,0.0,43.50328760453806,46.271417345920426,1.8176786236894742,1.8176786236894742,66.66666666666666,0.0,95.0,25
131.00793970993763,103.150467861665,0.21574339911385665,0.36374539136886597,0.07016852498054504,0.3141634911298752,-0.029216572642326355,0.21274299919605255,0.0,0.0,41.688704205170296,44.45390562275867,1.8145833993677627,1.8145833993677627,66.66666666666666,0.0,95.0,25
133.57901716548486,107.90626348655378,0.21620881062820324,0.374492883682251,0.06940378248691559,0.32460135221481323,-0.02764904499053955,0.21403290331363678,0.0,0.0,39.178018341846894,41.312924928980124,1.703671222518345,2.5106858633234026,66.66666666666666,0.0,95.0,25
135.02569234730723,110.11012959134241,0.21646057690990333,0.37939077615737915,0.0691830962896347,0.3298053443431854,-0.02718280255794525,0.21441256999969482,0.0,0.0,37.87705571342696,39.90636695620235,1.3009626284199314,1.3009626284199314,66.66666666666666,0.0,95.0,25
136.95524344194405,112.46395505198632,0.2168812292809829,0.38823896646499634,0.06903687119483948,0.33565524220466614,-0.026933297514915466,0.21473056077957153,0.0,0.0,36.04563702397954,38.49560016090466,1.8314186894474247,1.8314186894474247,66.66666666666666,0.0,95.0,25
140.35106402744066,113.91013728471408,0.2182506596325669,0.3989158272743225,0.06822828948497772,0.34713001549243927,-0.0256212055683136,0.21590836346149445,0.0,0.0,33.45598090053818,35.6052322327372,1.5862743924659526,2.589656123441358,66.66666666666666,0.0,95.0,25
142.5487588342369,115.71682099057095,0.2183214920669794,0.40937089920043945,0.06786477565765381,0.35369420051574707,-0.024583056569099426,0.21649521589279175,0.0,0.0,31.51163055850374,34.0138759440064,1.94435034203444,1.94435034203444,66.66666666666666,0.0,95.0,25
147.21123274411482,119.83613096967223,0.21608122885248493,0.42524945735931396,0.06727272272109985,0.3687879741191864,-0.020298197865486145,0.21607184410095215,0.0,0.0,28.082374513715116,29.850765118309624,1.2616308893762636,3.429256044788623,66.66666666666666,0.0,95.0,25
150.46744068120717,121.81241643413944,0.2171324115093229,0.43502384424209595,0.06642964482307434,0.3753266781568527,-0.01687021553516388,0.21583490073680878,0.0,0.0,25.762487541244383,27.592796448020657,1.4198307927873728,2.3198869724707336,66.66666666666666,0.0,95.0,25
156.79310397856844,130.1688914655713,0.21787182128693452,0.45716309547424316,0.06337429583072662,0.3938065469264984,-0.011633560061454773,0.21710392832756042,0.0,0.0,20.77665363273455,23.039078646294925,1.934284414801624,4.985833908509832,66.66666666666666,0.0,95.0,25
163.26825260671365,139.51376861281952,0.21670404624509998,0.46642959117889404,0.051590174436569214,0.4098711609840393,-0.00725303590297699,0.21715891361236572,0.0,0.0,15.236733507666614,16.993515320902603,1.3683703717247653,5.539920125067937,66.66666666666666,0.0,95.0,25
173.99267091243075,158.96160246311678,0.22852480246183826,0.4996976852416992,0.028433755040168762,0.44552581012248993,-0.002189919352531433,0.2242797166109085,0.0,0.0,5.784586906161962,7.886391494042229,1.7346518354231364,9.452146601504651,66.66666666666666,0.0,95.0,25
161.8567416491813,157.10312013511356,0.22838452159312608,0.46747320890426636,0.022891327738761902,0.4404270201921463,-0.019370928406715393,0.22813087701797485,0.0,0.0,12.845531348390338,11.264207837737167,1.311771427768619,,92.3076923076923,60.0,82.35294117647058,26
159.77066855987098,155.35962031198895,0.22659326536305535,0.46323859691619873,0.025781437754631042,0.43765445053577423,-0.020613431930541992,0.22714781761169434,0.0,0.0,14.469793640379706,12.436142298099107,1.6242622919893677,-1.6242622919893677,92.3076923076923,60.0,82.35294117647058,26
149.10203575199927,145.10975357647482,0.22051470987792568,0.43128401041030884,0.037843748927116394,0.4105347990989685,-0.031161874532699585,0.2206031233072281,0.0,0.0,22.090236695684993,20.007944724132756,1.5790402242555786,-7.620443055305287,92.3076923076923,60.0,82.35294117647058,26
144.66921932686134,139.00415950763391,0.21895000138067222,0.4147828221321106,0.041296735405921936,0.39112842082977295,-0.03459234535694122,0.21717838943004608,0.0,0.0,25.68043342233304,23.600400913975548,1.8601208021654827,-3.5901967266480455,92.3076923076923,60.0,82.35294117647058,26
138.5665406300561,134.1423499307298,0.2100096544374468,0.3927963972091675,0.04398743808269501,0.372070848941803,-0.04105214774608612,0.20935063064098358,0.0,0.0,29.343991526970676,27.608726378385988,1.4157062160125733,-3.6635581046376373,92.3076923076923,60.0,82.35294117647058,26
136.50119471447366,131.98832875614045,0.20732516017022173,0.3856009840965271,0.04410654306411743,0.36568520963191986,-0.042915359139442444,0.20667703449726105,0.0,0.0,30.651009703147203,28.714299385804885,1.307018176176527,-1.307018176176527,92.3076923076923,60.0,82.35294117647058,26
134.3841470435026,130.0258041578264,0.20480558375959146,0.37984907627105713,0.0442194789648056,0.3587563931941986,-0.045101553201675415,0.20366410911083221,0.0,0.0,31.922235154036315,29.961380423778074,1.271225450889112,-1.271225450889112,92.3076923076923,60.0,82.35294117647058,26
132.4863799466631,128.8473794118844,0.20415821752771077,0.37431490421295166,0.044376954436302185,0.3518901467323303,-0.047216713428497314,0.20108401775360107,0.0,0.0,33.250983944649285,31.292055082200868,1.3287487906129698,-1.3287487906129698,92.3076923076923,60.0,82.35294117647058,26
129.65734176438167,125.18109976892474,0.20192096060095163,0.36482346057891846,0.044646576046943665,0.34445449709892273,-0.04926930367946625,0.19851063191890717,0.0,0.0,35.362179227368905,32.79660200730042,2.1111952827196205,-2.1111952827196205,92.3076923076923,60.0,82.35294117647058,26
120.50478094667682,119.65595748546912,0.19324332428769386,0.32736504077911377,0.03917956352233887,0.30454133450984955,-0.05920502543449402,0.18510420620441437,0.0,0.0,41.21819134743996,39.49679797166806,1.2530918901026595,-5.856012120071057,92.3076923076923,60.0,82.35294117647058,26
118.67313110936374,118.24453066989034,0.189282444313266,0.3207552433013916,0.03941433131694794,0.29905615746974945,-0.05993428826332092,0.1832675337791443,0.0,0.0,42.61585921407172,40.656473105161986,1.3976678666317568,-1.3976678666317568,92.3076923076923,60.0,82.35294117647058,26
116.05424028398897,116.57450113616841,0.18490363029597012,0.313168466091156,0.039636000990867615,0.2918202877044678,-0.060740888118743896,0.18037179112434387,0.0,0.0,44.35266414203098,42.037953540219995,1.7368049279592626,-1.7368049279592626,92.3076923076923,60.0,82.35294117647058,26
112.6037512910064,114.55011534905385,0.1812506471522287,0.3032646179199219,0.03958593308925629,0.28336353600025177,-0.06211891770362854,0.17652717232704163,0.0,0.0,46.33129549505881,43.62950254965037,1.9786313530278292,-1.9786313530278292,92.3076923076923,60.0,82.35294117647058,26
110.41793272887122,113.3913469659584,0.1812788857006552,0.29667162895202637,0.038823202252388,0.2746896743774414,-0.06388883292675018,0.17269597947597504,0.0,0.0,47.65882254909236,45.23966035006347,1.3275270540335526,-1.3275270540335526,92.3076923076923,60.0,82.35294117647058,26
107.53581733983972,110.95907015137873,0.17871419481222028,0.2877935767173767,0.03781101107597351,0.2660858929157257,-0.06606002151966095,0.16904793679714203,0.0,0.0,49.611631060590035,46.98860331169305,1.9528085114976719,-1.9528085114976719,92.3076923076923,60.0,82.35294117647058,26
99.116058874023,102.47251456546006,0.16813845271455477,0.2592926621437073,0.03663335740566254,0.23912590742111206,-0.07114353775978088,0.15648916363716125,0.0,0.0,55.69313832565319,52.550425638680366,3.0449689995211173,-6.081507265063152,92.3076923076923,60.0,82.35294117647058,26
96.06361147832428,99.05973459463536,0.16701491641132923,0.24988609552383423,0.03717011213302612,0.2314852625131607,-0.07142139971256256,0.153898224234581,0.0,0.0,58.3778934714657,54.52952221567125,2.6847551458125096,-2.6847551458125096,92.3076923076923,60.0,82.35294117647058,26
90.54533621839335,91.1193822016894,0.16488564688268106,0.23528605699539185,0.03716309368610382,0.21518783271312714,-0.07183912396430969,0.14993539452552795,0.0,0.0,63.43115177297399,59.176505835517155,4.227312000998239,-5.0532583015082935,92.3076923076923,60.0,82.35294117647058,26
87.30857338027204,86.9903344825323,0.1654613925498095,0.22828680276870728,0.03715929388999939,0.2073953002691269,-0.07188864052295685,0.1491706669330597,0.0,0.0,66.98770680533987,62.000147955438834,3.5565550323658783,-3.5565550323658783,92.3076923076923,60.0,82.35294117647058,26
82.62335223288392,80.39704937873128,0.16214345762760357,0.21808260679244995,0.0379316508769989,0.19890612363815308,-0.07188881933689117,0.14781594276428223,0.0,0.0,70.99176912264537,65.15361686823374,4.004062317305497,-4.004062317305497,92.3076923076923,60.0,82.35294117647058,26
80.09004156088832,77.13867453043159,0.16011273766430295,0.21251577138900757,0.03939855098724365,0.1897277981042862,-0.07164186239242554,0.14657814800739288,0.0,0.0,73.82358680673241,68.8085536269229,2.831817684087042,-2.831817684087042,92.3076923076923,60.0,82.35294117647058,26
77.97880562748566,72.08880261973657,0.15541554274879774,0.20817971229553223,0.04156021773815155,0.18103255331516266,-0.07057812809944153,0.14446285367012024,0.0,0.0,76.03871074413014,71.96044336971195,2.2151239373977347,-2.2151239373977347,92.3076923076923,60.0,82.35294117647058,26
75.65481163652595,71.83856550812348,0.15404933896703688,0.2034357786178589,0.0436362624168396,0.17258760333061218,-0.06950090825557709,0.14181458950042725,0.0,0.0,78.37669559465748,74.80769056704135,2.3379848505273344,-2.3379848505273344,92.3076923076923,60.0,82.35294117647058,26
70.84986461601164,65.20350600999203,0.1544562874681899,0.19693267345428467,0.04580111801624298,0.1646721065044403,-0.06811454892158508,0.14035199582576752,0.0,0.0,83.64365392150607,77.97066176675654,5.266958326848595,-5.266958326848595,92.3076923076923,60.0,82.35294117647058,26
69.24255811001836,67.36194021522877,0.16439271769811575,0.20238035917282104,0.04941140115261078,0.15945641696453094,-0.06640729308128357,0.1423017382621765,0.0,0.0,88.00586486161663,81.51623128047758,4.3622109401105575,-4.3622109401105575,92.3076923076923,60.0,82.35294117647058,26
68.2031158208356,65.0979861654447,0.16502181798678578,0.20100969076156616,0.05297623574733734,0.1557741016149521,-0.06466956436634064,0.14569474756717682,0.0,0.0,89.94788436618975,84.99352468599248,1.9420195045731248,-1.9420195045731248,92.3076923076923,60.0,82.35294117647058,26
62.14055423243196,52.50678311532071,0.16467803453219923,0.1844700574874878,0.05567669868469238,0.15001335740089417,-0.06158594787120819,0.14986564218997955,0.0,0.0,81.69574830234423,85.82328786291417,8.252136063845526,8.252136063845526,92.3076923076923,60.0,82.35294117647058,26
55.69962203725616,48.26105915453734,0.15539152240188364,0.1719701886177063,0.056721433997154236,0.1289512664079666,-0.05544663965702057,0.14895838499069214,0.0,0.0,75.95531397826373,79.90200321511828,5.048385536018486,5.740434324080496,92.3076923076923,60.0,82.35294117647058,26
54.31974540349218,49.32138063292656,0.1380577883096577,0.16169840097427368,0.056511953473091125,0.11995069682598114,-0.05561953783035278,0.14173193275928497,0.0,0.0,78.16474518756381,79.01925243642319,2.209431209300078,-2.209431209300078,92.3076923076923,60.0,82.35294117647058,26
55.33639718085408,44.256381520869,0.13949022727875696,0.16396576166152954,0.057007744908332825,0.11432428658008575,-0.05578836798667908,0.13681858777999878,0.0,0.0,79.77686892173878,78.72515690046214,1.612123734174972,-1.612123734174972,92.3076923076923,60.0,82.35294117647058,26
57.352442234429134,27.84083763489816,0.1193299208654958,0.1565622091293335,0.056256815791130066,0.10113485157489777,-0.04320073127746582,0.12339842319488525,0.0,0.0,70.96486460558917,77.15203553018118,8.736798800243804,8.812004316149611,92.3076923076923,60.0,82.35294117647058,26
50.263326593578604,12.174552413548104,0.1340137153068379,0.16213929653167725,0.055954501032829285,0.09732422232627869,-0.03626352548599243,0.1245906800031662,0.0,0.0,62.350724106807064,73.198530259992,8.614140498782106,8.614140498782106,92.3076923076923,60.0,82.35294117647058,26
46.415628994614515,20.962743662433066,0.1036583752989012,0.14429008960723877,0.060360804200172424,0.07003065943717957,-0.03227652609348297,0.11236348748207092,0.0,0.0,72.58128913907213,65.14803104988609,9.889909175002664,-10.230565032265062,92.3076923076923,60.0,82.35294117647058,26
57.28559247769465,26.05623383050068,0.0509385963066985,0.1457425355911255,0.06304094195365906,0.060336560010910034,-0.033056095242500305,0.08967283368110657,0.0,0.0,84.9704853458571,70.8029713596486,12.389196206784973,-12.389196206784973,92.3076923076923,60.0,82.35294117647058,26
104.08765651599487,106.63922334493265,0.1810137892630891,0.2812744975090027,0.03672327101230621,0.1359856277704239,-0.06641432642936707,0.08792129158973694,0.0,0.0,53.624215662921486,65.7540963131203,31.346269682935613,31.346269682935613,92.3076923076923,60.0,82.35294117647058,26
108.49418452970863,109.03610176196302,0.18362128363388558,0.2917230725288391,0.03935188055038452,0.21210558712482452,-0.06532181799411774,0.14087779819965363,0.0,0.0,50.25398295216966,56.4754452533683,3.3702327107518286,3.3702327107518286,92.3076923076923,60.0,82.35294117647058,26
114.3000821661337,112.79536792921915,0.18802733988005013,0.305385947227478,0.040150389075279236,0.255670502781868,-0.06692445278167725,0.17031866312026978,0.0,0.0,46.35286918830385,51.492738827789466,3.9011137638658084,3.9011137638658084,92.3076923076923,60.0,82.35294117647058,26
118.72199557341301,116.06067099191164,0.18926761167625572,0.3155803084373474,0.0395205020904541,0.2665940672159195,-0.0641806423664093,0.17394930124282837,0.0,0.0,43.04379633542436,48.31871603470484,3.3090728528794884,3.3090728528794884,92.3076923076923,60.0,82.35294117647058,26
123.20147634860004,118.0189753373936,0.19245944388556585,0.32817792892456055,0.039552778005599976,0.2791941314935684,-0.060863152146339417,0.1781565397977829,0.0,0.0,40.07462481816661,44.931318323516116,2.969171517257749,2.969171517257749,92.3076923076923,60.0,82.35294117647058,26
126.33374581924875,120.71191145337272,0.19447185553324198,0.34095466136932373,0.04013378918170929,0.29166674613952637,-0.05749054253101349,0.1821458488702774,0.0,0.0,37.83087745452911,41.82554194910598,2.243747363637503,2.243747363637503,92.3076923076923,60.0,82.35294117647058,26
128.9549374757422,122.36826354997417,0.19536659249779123,0.34761321544647217,0.0403839647769928,0.3016398102045059,-0.054622188210487366,0.18495391309261322,0.0,0.0,35.96810220875176,39.22935020421796,1.8627752457773497,1.8627752457773497,92.3076923076923,60.0,82.35294117647058,26
132.47318294658533,125.19074229076315,0.19675801634448128,0.363796591758728,0.040759578347206116,0.3125360608100891,-0.05211733281612396,0.18763968348503113,0.0,0.0,33.04530615630766,36.72972765943878,2.922796052444099,2.922796052444099,92.3076923076923,60.0,82.35294117647058,26
136.84485023205957,128.2706730620569,0.19910058539434589,0.3787214756011963,0.04119586944580078,0.33042578399181366,-0.04792824387550354,0.19155746698379517,0.0,0.0,30.232964804411587,32.770202960656945,1.601473868745181,2.812341351896073,92.3076923076923,60.0,82.35294117647058,26
140.35002249848162,130.6297998902535,0.20003743367317042,0.3879660367965698,0.04162393510341644,0.33978337049484253,-0.04537294805049896,0.19336573779582977,0.0,0.0,27.940677918570394,30.763346888111602,2.292286885841193,2.292286885841193,92.3076923076923,60.0,82.35294117647058,26
142.74809949788042,132.6600602274472,0.20286188127739263,0.39443814754486084,0.0418938547372818,0.34724530577659607,-0.042502522468566895,0.19557006657123566,0.0,0.0,26.53568338876113,29.13594119622497,1.4049945298092652,1.4049945298092652,92.3076923076923,60.0,82.35294117647058,26
145.47998833720015,134.89001331276285,0.2068414110975053,0.40214836597442627,0.04168769717216492,0.3548426926136017,-0.03935089707374573,0.1982976198196411,0.0,0.0,24.901302512601163,27.402657156086068,1.634380876159966,1.634380876159966,92.3076923076923,60.0,82.35294117647058,26
147.72453419946405,136.03073037609644,0.20827555723207397,0.4104565382003784,0.04136472940444946,0.3622358739376068,-0.03614436089992523,0.20124536752700806,0.0,0.0,23.521389861365023,25.724763420324425,1.3799126512361397,1.3799126512361397,92.3076923076923,60.0,82.35294117647058,26
149.94123955638128,137.89320720015064,0.2096565367886704,0.42403340339660645,0.04094839096069336,0.369988813996315,-0.03347127139568329,0.20415492355823517,0.0,0.0,21.85837487060924,24.20418765833414,1.6630149907557836,1.6630149907557836,92.3076923076923,60.0,82.35294117647058,26
152.03805991300138,139.79818125994038,0.21164883158899098,0.432522714138031,0.04057115316390991,0.37819236516952515,-0.03092360496520996,0.20678658783435822,0.0,0.0,20.48795645692155,22.692255925374244,1.3704184136876876,1.3704184136876876,92.3076923076923,60.0,82.35294117647058,26
154.0947423705008,141.24007218721505,0.21406192340052876,0.4417632818222046,0.04013447463512421,0.3866766691207886,-0.02868780493736267,0.20893406867980957,0.0,0.0,19.031853209053324,21.224893599487284,1.4561032478682279,1.4561032478682279,92.3076923076923,60.0,82.35294117647058,26
155.94855098358937,143.2324666388505,0.21557101337100307,0.4514675736427307,0.03973832726478577,0.3965674936771393,-0.026739448308944702,0.21103212237358093,0.0,0.0,17.684791351544305,19.765743972032105,1.3470618575090185,1.3470618575090185,92.3076923076923,60.0,82.35294117647058,26
158.19509009197068,144.57531809603174,0.21608075393593765,0.4558054804801941,0.03880073130130768,0.40486228466033936,-0.024618253111839294,0.21290802955627441,0.0,0.0,16.115937258758123,18.330134569069326,1.5688540927861823,1.5688540927861823,92.3076923076923,60.0,82.35294117647058,26
160.06719290495911,146.48454093722148,0.21726024316755976,0.46180397272109985,0.037448152899742126,0.4122118800878525,-0.022553518414497375,0.2145463228225708,0.0,0.0,14.843848768332919,16.919107646922168,1.2720884904252046,1.2720884904252046,92.3076923076923,60.0,82.35294117647058,26
162.33399915304153,149.846054516165,0.217873133649646,0.4678587317466736,0.03583836555480957,0.4185405373573303,-0.02028287947177887,0.21572664380073547,0.0,0.0,13.313341935725987,15.489479828590333,1.5305068326069318,1.5305068326069318,92.3076923076923,60.0,82.35294117647058,26
164.3104914511484,152.52161324125498,0.21841733936981514,0.47321295738220215,0.033882975578308105,0.4232289344072342,-0.017809808254241943,0.2166581153869629,0.0,0.0,12.0111844538051,14.071078104155532,1.3021574819208865,1.3021574819208865,92.3076923076923,60.0,82.35294117647058,26
166.15897614354887,155.01754419076485,0.2197539555279814,0.47852492332458496,0.03160163760185242,0.4280223697423935,-0.015616610646247864,0.2177514284849167,0.0,0.0,10.541809710634467,12.677546217124618,1.4693747431706328,1.4693747431706328,92.3076923076923,60.0,82.35294117647058,26
167.82038717790152,157.20333395501467,0.22102697653964687,0.4819086194038391,0.028860703110694885,0.43239356577396393,-0.013646915555000305,0.21883375942707062,0.0,0.0,9.22502443660467,11.272840134192556,1.3167852740297974,1.3167852740297974,92.3076923076923,60.0,82.35294117647058,26
169.41558240546004,159.64217267586722,0.22152931218133287,0.48068201541900635,0.025339454412460327,0.43498702347278595,-0.012192413210868835,0.21984004974365234,0.0,0.0,7.811385208958043,9.89735095250057,1.4136392276466268,1.4136392276466268,92.3076923076923,60.0,82.35294117647058,26
173.18844806670396,164.83976041825125,0.2241657327170427,0.48023200035095215,0.01691599190235138,0.4379172921180725,-0.010038971900939941,0.22259752452373505,0.0,0.0,4.679742740825162,7.121776592579661,2.0912112431056045,3.131642468132881,92.3076923076923,60.0,82.35294117647058,26
179.56134151385757,177.369449917742,0.19177949428795468,0.5596553683280945,,,,,0.0,0.0,-0.43894340457734415,,2.2792581081849193,,93.33333333333333,80.0,92.5925925925926,27
171.91563250281388,170.48783073810827,0.18045688910983818,0.5501714050769806,5.698204040527344e-05,0.38393497467041016,-0.008448906242847443,0.18235036730766296,0.0,0.0,4.268122400166433,2.4253504769757086,2.07790922573696,-4.7070658047437774,93.33333333333333,80.0,92.5925925925926,27
164.90083880627384,164.99349427068915,0.18548645087624663,0.5484573841094971,0.005018450319766998,0.37772367894649506,-0.015160106122493744,0.18161295354366302,0.0,0.0,8.639914371795825,5.894263887404186,3.00062056295603,-4.371791971629392,93.33333333333333,80.0,92.5925925925926,27
159.109289672221,159.30643216411121,0.18473591807172632,0.5373775959014893,0.010175272822380066,0.3707411289215088,-0.023454084992408752,0.18417851626873016,0.0,0.0,12.511799284174984,10.24234914665929,2.4597809023411656,-3.8718849123791585,93.33333333333333,80.0,92.5925925925926,27
153.51330533560602,154.53001939795914,0.18465278286956519,0.534508466720581,0.013498708605766296,0.3641336113214493,-0.028027527034282684,0.18267421424388885,0.0,0.0,15.913973618403062,12.904668071099472,2.7730926184170386,-3.4021743342280786,93.33333333333333,80.0,92.5925925925926,27
148.57067600536874,150.9993057031435,0.1843413770727778,0.5235053300857544,0.016471698880195618,0.3570663407444954,-0.0357850044965744,0.18178607523441315,0.0,0.0,18.64625666601765,16.611863397190405,2.6684345142241597,-2.7322830476145867,93.33333333333333,80.0,92.5925925925926,27
142.680547205838,145.73492813784878,0.17549066953940326,0.5122337639331818,0.017404094338417053,0.34675171971321106,-0.04065190255641937,0.17748431861400604,0.0,0.0,22.185810690789097,18.968380957195553,3.1221763706071215,-3.539554024771448,93.33333333333333,80.0,92.5925925925926,27
140.75894049640584,143.81715971284407,0.17508152327510174,0.5058301389217377,0.018790163099765778,0.33817917108535767,-0.04375439137220383,0.17386753857135773,0.0,0.0,23.613522268605507,20.877305986398557,1.4277115778164102,-1.4277115778164102,93.33333333333333,80.0,92.5925925925926,27
137.32333124485294,140.2916958447238,0.1707699183331944,0.4930066466331482,0.02144378423690796,0.3229526877403259,-0.04730592668056488,0.1670115739107132,0.0,0.0,25.96696981933924,23.820426365532754,2.4515671359420708,-2.3534475507337334,93.33333333333333,80.0,92.5925925925926,27
133.56183549358613,135.7102712633906,0.1689183288049838,0.4807010889053345,0.022627219557762146,0.3118174076080322,-0.04936160892248154,0.16369804739952087,0.0,0.0,28.631553480260557,25.96832323643565,2.872186517514926,-2.6645836609213163,93.33333333333333,80.0,92.5925925925926,27
126.90313994166638,130.57224917151095,0.16315367261400798,0.4580603241920471,0.02521810680627823,0.2914973348379135,-0.05319704860448837,0.1572011113166809,0.0,0.0,33.2521429305132,30.327061972490522,3.5008389786169403,-4.620589450252645,93.33333333333333,80.0,92.5925925925926,27
121.67154275506334,124.9882882959354,0.1654271416783869,0.4442870020866394,0.02636817842721939,0.2788400948047638,-0.055762335658073425,0.15431006252765656,0.0,0.0,37.52179475534999,33.506826387742464,4.01973084213958,-4.269651824836785,93.33333333333333,80.0,92.5925925925926,27
119.06188658658897,122.90677791800948,0.16575393430740204,0.4382514953613281,0.0280454158782959,0.2680629789829254,-0.05851556360721588,0.15421167016029358,0.0,0.0,39.78125516892107,37.30625866704668,1.3613343382158334,-2.259460413571084,93.33333333333333,80.0,92.5925925925926,27
115.02762497530256,118.40005802686466,0.1661533278558952,0.42622220516204834,0.028970226645469666,0.2612943798303604,-0.059826210141181946,0.15437887609004974,0.0,0.0,43.35089546825229,39.768466555807144,3.569640299331219,-3.569640299331219,93.33333333333333,80.0,92.5925925925926,27
109.71254050438296,114.0586784573578,0.16008646296821785,0.4096502661705017,0.030100755393505096,0.24965256452560425,-0.06145956367254257,0.1520494520664215,0.0,0.0,47.21007140791912,43.254848174146915,4.532900756423942,-3.8591759396668337,93.33333333333333,80.0,92.5925925925926,27
104.61490213261385,109.42066789229919,0.15591875079292364,0.3925960659980774,0.031674593687057495,0.22951562702655792,-0.06331641227006912,0.1436343640089035,0.0,0.0,51.05392988028539,47.915173299225486,4.563205889626495,-3.8438584723662643,93.33333333333333,80.0,92.5925925925926,27
98.50433289444135,103.5755477710665,0.15050551351799582,0.37331587076187134,0.033171214163303375,0.21779169142246246,-0.06361870467662811,0.13966375589370728,0.0,0.0,56.315457993477644,51.21720527853758,5.306748743749274,-5.261528113192256,93.33333333333333,80.0,92.5925925925926,27
95.50648601733866,101.17247965095807,0.14925566504493118,0.3687054514884949,0.033843278884887695,0.20848463475704193,-0.06398497521877289,0.13797150552272797,0.0,0.0,58.93999975530942,54.329524219700204,2.624541761831779,-2.624541761831779,93.33333333333333,80.0,92.5925925925926,27
96.82249864852167,101.80820454219412,0.1485413417070808,0.3715975284576416,0.03459039330482483,0.20266962051391602,-0.06391927599906921,0.135968416929245,0.0,0.0,57.665276211347646,55.98236080246577,1.2747235439617768,1.2747235439617768,93.33333333333333,80.0,92.5925925925926,27
90.54449370122978,96.37014258524938,0.14467668320167618,0.356545627117157,0.03525282442569733,0.1935592144727707,-0.06424900889396667,0.1335924118757248,0.0,0.0,62.93461288813865,58.96383671206834,5.269336676791006,-5.269336676791006,93.33333333333333,80.0,92.5925925925926,27
83.38026340956219,90.65009276239651,0.13995333506084368,0.3379402160644531,0.036597780883312225,0.1801477074623108,-0.06450087577104568,0.12860159575939178,0.0,0.0,68.95858490045751,63.09097700567254,6.153150877711127,-6.023972012318858,93.33333333333333,80.0,92.5925925925926,27
75.44194687547423,81.26645460696504,0.14173259994391407,0.3230186104774475,0.037808552384376526,0.15981991589069366,-0.06482169777154922,0.12510691583156586,0.0,0.0,77.37645484056615,71.37231861906284,7.538612741093914,-8.417869940108645,93.33333333333333,80.0,92.5925925925926,27
68.14363813864452,74.80038640041485,0.14076361818797206,0.30619335174560547,0.038112618029117584,0.14988525211811066,-0.0650128424167633,0.12587696313858032,0.0,0.0,84.15773271240519,76.98912582744711,7.573259055060362,-6.781277871839038,93.33333333333333,80.0,92.5925925925926,27
63.49068139608488,70.6099573819473,0.13918664845495418,0.29661285877227783,0.039280496537685394,0.13250261545181274,-0.06516163796186447,0.12371300160884857,0.0,0.0,88.82348207179736,85.18261940782283,4.403967582893273,-4.665749359392166,93.33333333333333,80.0,92.5925925925926,27
58.29777994211259,65.62098205098872,0.13926870728438126,0.28717267513275146,0.04081553965806961,0.12454956769943237,-0.06469757109880447,0.1234554797410965,0.0,0.0,85.93978431262049,87.23262362825763,3.8079293270880896,2.8836977591768687,93.33333333333333,80.0,92.5925925925926,27
55.30288797521851,62.10235466219162,0.13460329576869495,0.2787895202636719,0.042160943150520325,0.11224599182605743,-0.06397484987974167,0.12088178098201752,0.0,0.0,83.12123768349578,85.3488665202483,3.01190405243797,2.818546629124711,93.33333333333333,80.0,92.5925925925926,27
51.335694292234464,57.30704057674357,0.1341362564621395,0.27108120918273926,0.04327116161584854,0.10566820204257965,-0.06290591508150101,0.11919198930263519,0.0,0.0,78.94111958073701,82.75437174179353,3.880868386270592,4.180118102758769,93.33333333333333,80.0,92.5925925925926,27
54.27283024002779,62.64241286579224,0.13558834667184155,0.27978843450546265,0.04456843435764313,0.10062830150127411,-0.064590223133564,0.11931592226028442,0.0,0.0,82.68575715906663,80.28845445635382,3.0051475788800133,-3.744637578329616,93.33333333333333,80.0,92.5925925925926,27
56.45675574993354,64.3428950742508,0.13579847363448813,0.2839251160621643,0.044759780168533325,0.10342384874820709,-0.06454361975193024,0.11943094432353973,0.0,0.0,84.79304141167825,81.67935764287583,2.1072842526116204,-2.1072842526116204,93.33333333333333,80.0,92.5925925925926,27
61.89558034912807,69.00225121977958,0.13468622868893995,0.293681263923645,0.04450830817222595,0.10844467580318451,-0.06459951400756836,0.11909547448158264,0.0,0.0,89.31120421159326,84.11765309063118,4.518162799915018,-4.518162799915018,93.33333333333333,80.0,92.5925925925926,27
65.3644027696335,72.78200392951302,0.13503673074392156,0.29751694202423096,0.04398287087678909,0.1150893121957779,-0.06476534157991409,0.11876502633094788,0.0,0.0,85.7565751647738,85.63664448677798,3.554629046819457,3.554629046819457,93.33333333333333,80.0,92.5925925925926,27
72.37431569207507,78.95357369293211,0.13138339240757604,0.31066620349884033,0.04308169335126877,0.12723946571350098,-0.0649007186293602,0.11684247851371765,0.0,0.0,78.26277529833766,84.52420399899088,6.50348602292118,7.493799866436149,93.33333333333333,80.0,92.5925925925926,27
75.41439415847748,81.44620152671605,0.13094320658454195,0.3148326277732849,0.04347553849220276,0.13297180831432343,-0.06449414044618607,0.11599811911582947,0.0,0.0,75.7042211663974,81.12245823769193,2.558554131940255,2.558554131940255,93.33333333333333,80.0,92.5925925925926,27
80.2072771662028,86.97579176290516,0.13239158509871948,0.3254204988479614,0.0438852533698082,0.13979290425777435,-0.06422272324562073,0.11539256572723389,0.0,0.0,70.81884504478614,77.38802570769501,4.885376121611259,4.885376121611259,93.33333333333333,80.0,92.5925925925926,27
86.60271037893108,91.38203413648216,0.13974168958531596,0.3410945534706116,0.043954089283943176,0.16066230833530426,-0.06378301978111267,0.12080690264701843,0.0,0.0,66.41598204017302,69.71357153779195,4.828062282761991,4.402863004613124,93.33333333333333,80.0,92.5925925925926,27
90.95423940251703,94.64941486310695,0.1451915317881282,0.35542792081832886,0.042905062437057495,0.17146186530590057,-0.06334280222654343,0.12603239715099335,0.0,0.0,63.19321447936511,66.88557897103352,3.495860562295846,3.2227675608079096,93.33333333333333,80.0,92.5925925925926,27
93.94025417905084,97.49592115311488,0.15378426411270463,0.36824458837509155,0.040347903966903687,0.1872822493314743,-0.0637577548623085,0.13432106375694275,0.0,0.0,61.47669091537818,63.04101189158202,2.5744966782426744,1.7165235639869323,93.33333333333333,80.0,92.5925925925926,27
99.5838210299247,102.76672066512431,0.16104385319755343,0.38212811946868896,0.0387466698884964,0.19862528145313263,-0.06388834863901138,0.14114977419376373,0.0,0.0,57.24812588404741,60.78179700511531,3.1030577433673727,4.228565031330767,93.33333333333333,80.0,92.5925925925926,27
106.90299265753504,108.41545184977302,0.16640829807756574,0.40292614698410034,0.037251390516757965,0.2202766090631485,-0.06191550940275192,0.15112151205539703,0.0,0.0,51.706745283569006,55.14128811565295,3.5402887993665857,5.541380600478405,93.33333333333333,80.0,92.5925925925926,27
109.11381602508553,110.34577716443735,0.16544393068216756,0.4083195924758911,0.03702932596206665,0.22602033615112305,-0.06100849062204361,0.15267865359783173,0.0,0.0,49.72231670422357,53.259835820696985,1.9844285793454333,1.9844285793454333,93.33333333333333,80.0,92.5925925925926,27
113.16681124918136,114.16003753213856,0.16805411184906516,0.4198433756828308,0.03643687069416046,0.23370717465877533,-0.06013333797454834,0.15460190176963806,0.0,0.0,46.388290471193784,50.766096635480494,3.334026233029789,3.334026233029789,93.33333333333333,80.0,92.5925925925926,27
114.80865836109064,116.07005772059517,0.1664620943825036,0.42717647552490234,0.03556956350803375,0.24113114178180695,-0.059474363923072815,0.15561018884181976,0.0,0.0,44.51657445414547,48.083481728282955,1.871716017048314,1.871716017048314,93.33333333333333,80.0,92.5925925925926,27
119.5052723809033,118.7561524224218,0.17409997132095503,0.444521427154541,0.03395054489374161,0.253836989402771,-0.05776418000459671,0.15876998007297516,0.0,0.0,41.64045007480131,43.99536117569449,1.7956796278361011,2.876124379344162,93.33333333333333,80.0,92.5925925925926,27
124.11784516341734,123.33961922256418,0.17663041285794795,0.4549756646156311,0.0330786406993866,0.2680679261684418,-0.055080100893974304,0.16501131653785706,0.0,0.0,38.261105357738664,40.56760106460997,2.3503997242442196,3.3793447170626436,93.33333333333333,80.0,92.5925925925926,27
129.3892741739586,127.99310895413888,0.17797228860750797,0.4689514636993408,0.032463014125823975,0.27779926359653473,-0.05287209153175354,0.16705793142318726,0.0,0.0,34.25073872487662,37.67756823289267,3.3361850420958703,4.010366632862045,93.33333333333333,80.0,92.5925925925926,27
134.34492301665233,132.5941655777101,0.17600285670386256,0.4842783212661743,0.03181079030036926,0.2944152057170868,-0.04888556897640228,0.16961367428302765,0.0,0.0,30.056449913221066,32.94141243490377,3.3051698671163905,4.194288811655554,93.33333333333333,80.0,92.5925925925926,27
137.9902051813778,136.2451507629238,0.17628250306267568,0.49799102544784546,0.031182914972305298,0.3048105984926224,-0.04664590209722519,0.16974833607673645,0.0,0.0,27.415902540081596,30.02862964019214,1.8646437870468446,2.6405473731394693,93.33333333333333,80.0,92.5925925925926,27
144.58915730280012,142.73654528446116,0.18472508240303334,0.5097786784172058,0.02764970064163208,0.32072408497333527,-0.043327368795871735,0.17555716633796692,0.0,0.0,23.17070323360406,26.073371389103556,3.3010776512601225,4.245199306477538,93.33333333333333,80.0,92.5925925925926,27
148.46890975551153,146.98115484345252,0.18943402693785877,0.524641752243042,0.024677813053131104,0.3327738493680954,-0.0400000736117363,0.18116629123687744,0.0,0.0,20.39235332045635,23.17030591174337,2.254032887592544,2.778349913147707,93.33333333333333,80.0,92.5925925925926,27
154.4328848274571,152.3044114841686,0.19647513765839206,0.5360295176506042,0.022054098546504974,0.35379263013601303,-0.03444768488407135,0.1903756707906723,0.0,0.0,16.575471504913224,19.084764010478775,2.52161966261653,3.8168818155431268,93.33333333333333,80.0,92.5925925925926,27
157.9105139565392,156.22956283773988,0.1976077297127735,0.5462327003479004,0.01904018223285675,0.36365896463394165,-0.03049296885728836,0.19420906901359558,0.0,0.0,14.012587455007605,16.33064720973264,1.6248512564723683,2.5628840499056196,93.33333333333333,80.0,92.5925925925926,27
161.5083267909917,160.17239492300467,0.1985813305897182,0.5526434481143951,0.014552295207977295,0.37690114974975586,-0.026562176644802094,0.19620832800865173,0.0,0.0,11.460510396633794,12.825841844986012,1.4389979145835525,2.5520770583738113,93.33333333333333,80.0,92.5925925925926,27
164.52045528421536,163.09463121299052,0.1994817104649058,0.5622817873954773,0.012974955141544342,0.38070738315582275,-0.02404099702835083,0.19733232259750366,0.0,0.0,9.57431582591694,11.440934297984885,2.25508683225452,1.886194570716853,93.33333333333333,80.0,92.5925925925926,27
168.10845418988484,166.4814807474219,0.20136520350536058,0.5742980539798737,0.00930623710155487,0.3953273743391037,-0.019541636109352112,0.20016071200370789,0.0,0.0,6.990423212852889,8.426486930223575,1.3488799856291251,2.5838926130640516,93.33333333333333,80.0,92.5925925925926,27
172.67325233151053,169.42289780836197,0.20198632216349216,0.5776222348213196,0.00771699845790863,0.4013891890645027,-0.015433959662914276,0.20095622539520264,0.0,0.0,4.642875661109258,6.605631301304268,1.807047471663651,2.347547551743631,93.33333333333333,80.0,92.5925925925926,27
178.34340804516287,173.26906781308404,0.19316396815988443,0.5763410031795502,0.005697868764400482,0.4037248268723488,-0.005447357892990112,0.19745586812496185,0.0,0.0,1.1831930393865662,3.105154518488483,1.8467415973163952,3.459682621722692,93.33333333333333,80.0,92.5925925925926,27
159.93883323509425,141.6119285567115,0.22382473826728413,0.46058225631713867,0.052469268441200256,0.4221928268671036,-0.006314948201179504,0.22626787424087524,0.0,0.0,18.42929726083645,16.72274369842689,1.3564720544499806,,94.11764705882352,0.0,66.66666666666666,28
158.3765681391999,140.08580945941875,0.22353852990728182,0.4580671787261963,0.055531129240989685,0.41686366498470306,-0.00651685893535614,0.2245994359254837,0.0,0.0,19.87293115834113,17.900513935574853,1.4436338975046823,-1.4436338975046823,94.11764705882352,0.0,66.66666666666666,28
155.23716908415096,134.53117041623025,0.22030365012445413,0.44216853380203247,0.06246913969516754,0.4009888619184494,-0.007543817162513733,0.221127450466156,0.0,0.0,22.53131532644923,21.2805746505543,1.2525892762650699,-2.6583841681080997,94.11764705882352,0.0,66.66666666666666,28
149.21973693837413,126.79269710078648,0.22106103182137798,0.42508482933044434,0.06710310280323029,0.3840547204017639,-0.010580658912658691,0.22062397003173828,0.0,0.0,27.686124953599474,25.450863136916805,1.8829612179551845,-5.154809627150243,94.11764705882352,0.0,66.66666666666666,28
146.75734653140353,124.6224918751609,0.21972045871625853,0.4183662533760071,0.06861205399036407,0.37865912914276123,-0.011707916855812073,0.22036097943782806,0.0,0.0,29.58262353365614,26.940723128495037,1.8964985800566652,-1.8964985800566652,94.11764705882352,0.0,66.66666666666666,28
143.9872532426801,120.99490508271899,0.21906778234432864,0.4121285080909729,0.07014919817447662,0.37294788658618927,-0.013399437069892883,0.21978169679641724,0.0,0.0,31.56096223469614,28.65821861439901,1.978338701040002,-1.978338701040002,94.11764705882352,0.0,66.66666666666666,28
141.7155775762393,119.65592040206249,0.21812507657878522,0.40514904260635376,0.07146388292312622,0.3663206845521927,-0.015384897589683533,0.21893762052059174,0.0,0.0,33.39873653119408,30.55711181328646,1.8377742964979404,-1.8377742964979404,94.11764705882352,0.0,66.66666666666666,28
139.93544596131667,117.82289155444874,0.21919055256036896,0.399705708026886,0.07214264571666718,0.36002393066883087,-0.017423108220100403,0.21832002699375153,0.0,0.0,34.80702375767787,32.33733651430606,1.408287226483786,-1.408287226483786,94.11764705882352,0.0,66.66666666666666,28
136.93373354721913,115.21850222455214,0.21826385522466812,0.389005184173584,0.07255131006240845,0.35329677164554596,-0.019488707184791565,0.217782661318779,0.0,0.0,37.20516311864103,34.24297141055228,2.398139360963164,-2.398139360963164,94.11764705882352,0.0,66.66666666666666,28
134.92150231032434,112.7264070571137,0.21771452655597243,0.38160449266433716,0.07296308875083923,0.34628671407699585,-0.020923495292663574,0.2173117846250534,0.0,0.0,39.08223933378711,36.123290685325024,1.8770762151460758,-1.8770762151460758,94.11764705882352,0.0,66.66666666666666,28
132.27471673707998,110.24979656598816,0.21772552100441156,0.3721012473106384,0.07328848540782928,0.3392327278852463,-0.02228359878063202,0.21707783639431,0.0,0.0,41.39199415025192,38.12160509008948,2.3097548164648103,-2.3097548164648103,94.11764705882352,0.0,66.66666666666666,28
130.70558383682186,108.372345339929,0.21558440068461882,0.36431366205215454,0.07383887469768524,0.3316063731908798,-0.02333998680114746,0.21606306731700897,0.0,0.0,42.81964450077218,40.12476027586306,1.4276503505202598,-1.4276503505202598,94.11764705882352,0.0,66.66666666666666,28
128.23147330906866,105.78852936857669,0.21132925848075831,0.3537036180496216,0.07441414892673492,0.3237726241350174,-0.024148330092430115,0.21422797441482544,0.0,0.0,44.83208150921668,42.03148987350697,2.0124370084445005,-2.0124370084445005,94.11764705882352,0.0,66.66666666666666,28
125.97594369650179,103.25366055354093,0.21147182778209178,0.34798145294189453,0.07496906816959381,0.3163210451602936,-0.0250166654586792,0.21255725622177124,0.0,0.0,46.902667492757,43.98659691324944,2.070585983540319,-2.070585983540319,94.11764705882352,0.0,66.66666666666666,28
123.71200716344251,100.47396952318199,0.21140160141287387,0.34189659357070923,0.0752912163734436,0.3091592937707901,-0.025802046060562134,0.21087050437927246,0.0,0.0,48.90668136754952,45.86526871757384,2.00401387479252,-2.00401387479252,94.11764705882352,0.0,66.66666666666666,28
122.0568559144485,100.225163443495,0.21377685809395425,0.33681613206863403,0.07532471418380737,0.3031942993402481,-0.026778146624565125,0.21029485762119293,0.0,0.0,50.35894120017266,47.75009289242396,1.4522598326231417,-1.4522598326231417,94.11764705882352,0.0,66.66666666666666,28
119.49496023852956,97.63817039956992,0.2132964682967743,0.3303574323654175,0.07527084648609161,0.29825519025325775,-0.027776852250099182,0.21066030859947205,0.0,0.0,52.55072665536311,49.67975417896057,2.1917854551904483,-2.1917854551904483,94.11764705882352,0.0,66.66666666666666,28
127.73309696740566,104.38031698797593,0.21159708158337015,0.34786713123321533,0.07107807695865631,0.3032802790403366,-0.027594372630119324,0.2104901373386383,0.0,0.0,45.02939139378044,46.76584082714855,1.3374620614566695,7.521335261582664,94.11764705882352,0.0,66.66666666666666,28
134.3658276156303,112.68946093576584,0.2138264681111602,0.37080633640289307,0.06755305826663971,0.3206513375043869,-0.025290265679359436,0.21155819296836853,0.0,0.0,38.90233226195249,40.419036301486706,1.316897806580144,6.127059131827956,94.11764705882352,0.0,66.66666666666666,28
135.8792733943823,114.56491077284436,0.21437727598344555,0.3764631152153015,0.06758047640323639,0.32491588592529297,-0.024930119514465332,0.2120945304632187,0.0,0.0,37.5954377638951,39.37999427178461,1.3068944980573889,1.3068944980573889,94.11764705882352,0.0,66.66666666666666,28
150.7769872572253,127.32525292209465,0.21815676434834108,0.4317404627799988,0.06427958607673645,0.37843818962574005,-0.017712220549583435,0.21723270416259766,0.0,0.0,24.98980501131132,26.977892902671655,1.6445474194368117,12.60563275258378,94.11764705882352,0.0,66.66666666666666,28
166.14866295812078,147.27126932936142,0.22032332125210818,0.4811118245124817,0.04484820365905762,0.4277593791484833,-0.006147444248199463,0.21999546885490417,0.0,0.0,12.458630512312268,13.794358528457632,1.2620483793681387,12.53117449899905,94.11764705882352,0.0,66.66666666666666,28
167.54583378679015,150.10780066946336,0.2202270806693764,0.48322129249572754,0.04209931194782257,0.4297333210706711,-0.005743175745010376,0.22019606828689575,0.0,0.0,11.106315410329103,12.864709642232974,1.3523151019831658,1.3523151019831658,94.11764705882352,0.0,66.66666666666666,28
169.8546505042893,154.2559512519885,0.22489441156467505,0.49466472864151,0.03563833236694336,0.4361109882593155,-0.004939928650856018,0.2218383103609085,0.0,0.0,9.03606818031622,10.73953002273614,1.3210378076707485,2.070247230012882,94.11764705882352,0.0,66.66666666666666,28
172.11048463187285,157.42845757379365,0.2274834555880426,0.49518030881881714,0.03131940960884094,0.44020092487335205,-0.004438906908035278,0.22363844513893127,0.0,0.0,7.045512315602792,9.386250473558771,1.9905558647134285,1.9905558647134285,94.11764705882352,0.0,66.66666666666666,28
175.68407168066534,165.19638569964823,0.2343038313421211,0.4982683062553406,0.018093377351760864,0.45024845004081726,-0.002975761890411377,0.23074087500572205,0.0,0.0,3.6033722481283945,5.4781092200523815,1.586344381648999,3.442140067474398,94.11764705882352,0.0,66.66666666666666,28
177.30204018855045,168.60807453448913,0.23120044380389493,0.4976291060447693,0.013199940323829651,0.45171090960502625,-0.002941519021987915,0.23167070746421814,0.0,0.0,1.9014741823134216,4.192099686730039,1.701898065814973,1.701898065814973,94.11764705882352,0.0,66.66666666666666,28
178.7476367288038,172.0461426656388,0.22875943830536064,0.49776995182037354,0.007168009877204895,0.45154157280921936,-0.0033016055822372437,0.23149463534355164,0.0,0.0,0.21956563282036257,2.728532173259893,1.681908549493059,1.681908549493059,94.11764705882352,0.0,66.66666666666666,28
171.73697605184356,170.77921573074218,0.2321930826469421,0.48520106077194214,-0.002956286072731018,0.4522224962711334,-0.01402224600315094,0.23002317547798157,0.0,0.0,4.7441601627317596,2.867755212440425,1.5307847891090915,,96.7741935483871,20.0,83.33333333333334,29
168.38254176063126,167.18658157138648,0.23154282050543123,0.4790031313896179,0.005270957946777344,0.44707632064819336,-0.014943093061447144,0.23114719986915588,0.0,0.0,7.561997534888775,5.371734266952366,1.5945935383225134,-2.8178373721570154,96.7741935483871,20.0,83.33333333333334,29
166.87296982920031,165.24261283971248,0.23077258535719383,0.4765774607658386,0.00951644778251648,0.44429028034210205,-0.015768930315971375,0.23099586367607117,0.0,0.0,8.812423457198449,6.771496287846311,1.2504259223096739,-1.2504259223096739,96.7741935483871,20.0,83.33333333333334,29
161.8399067465176,158.54155792630712,0.22891328607079756,0.4655708074569702,0.02007901668548584,0.4375951439142227,-0.01915697753429413,0.2286161333322525,0.0,0.0,12.79089579816899,10.642629044169624,1.7354786820525447,-3.9784723409705407,96.7741935483871,20.0,83.33333333333334,29
158.97792321477567,156.1581145403157,0.22681073388356346,0.4601309895515442,0.02358528971672058,0.4344072937965393,-0.020918503403663635,0.2274598926305771,0.0,0.0,14.844337895769968,12.150607653812504,2.0534420976009784,-2.0534420976009784,96.7741935483871,20.0,83.33333333333334,29
157.33239854540895,154.9500510312483,0.2274937141892915,0.4564514756202698,0.026874631643295288,0.43113964796066284,-0.02288159728050232,0.2267845720052719,0.0,0.0,16.094438188934106,13.696272249747377,1.250100293164138,-1.250100293164138,96.7741935483871,20.0,83.33333333333334,29
153.93408054750992,153.01238351266875,0.2225412661483811,0.4446752667427063,0.03246743977069855,0.4227539747953415,-0.027026280760765076,0.22377771139144897,0.0,0.0,18.480201047701556,16.659250979933798,1.2621742603719923,-2.3857628587674498,96.7741935483871,20.0,83.33333333333334,29
151.4917020412569,151.15810711687126,0.22166627799023747,0.4396541714668274,0.034054309129714966,0.4176115393638611,-0.029141664505004883,0.22220824658870697,0.0,0.0,19.98086141851512,17.943381860620086,1.5006603708135628,-1.5006603708135628,96.7741935483871,20.0,83.33333333333334,29
149.40192896751034,148.14435516613884,0.2219494452172512,0.4328749179840088,0.035425588488578796,0.41126255691051483,-0.03131119906902313,0.22051292657852173,0.0,0.0,21.59827425532373,19.319340877217492,1.6174128368086116,-1.6174128368086116,96.7741935483871,20.0,83.33333333333334,29
147.29711789462243,145.91675496830962,0.22138583252277313,0.4263235926628113,0.03669711947441101,0.40457257628440857,-0.03347478806972504,0.21932747960090637,0.0,0.0,23.099656150804478,20.78974821808622,1.5013818954807476,-1.5013818954807476,96.7741935483871,20.0,83.33333333333334,29
145.35234271313396,142.45229212066013,0.22075547127526157,0.4180951714515686,0.03772151470184326,0.3975295126438141,-0.03566889464855194,0.21853739023208618,0.0,0.0,24.69505001484518,22.343460459872126,1.5953938640407017,-1.5953938640407017,96.7741935483871,20.0,83.33333333333334,29
143.33724851288596,138.75486542184598,0.22033234389760523,0.409465491771698,0.038974031805992126,0.39014023542404175,-0.03729104995727539,0.2179306000471115,0.0,0.0,26.372781823510564,23.941440561120988,1.677731808665385,-1.677731808665385,96.7741935483871,20.0,83.33333333333334,29
135.3914656172,132.70269902102686,0.20556170958848516,0.38277095556259155,0.04154081642627716,0.36196082830429077,-0.045129239559173584,0.20524825155735016,0.0,0.0,30.86670947622457,28.94965947351634,1.5298878689654245,-4.493927652714007,96.7741935483871,20.0,83.33333333333334,29
130.78361272341598,130.23153631532682,0.20263046782013042,0.3721334934234619,0.04245762526988983,0.3500109016895294,-0.05010440945625305,0.1984054297208786,0.0,0.0,33.71120908441373,31.41823004298987,1.9530290803517047,-2.8444996081891603,96.7741935483871,20.0,83.33333333333334,29
126.08164060135525,125.00918618948158,0.19837692648167563,0.35354936122894287,0.0423046350479126,0.3409673869609833,-0.05308997631072998,0.1952587366104126,0.0,0.0,36.76485239686874,33.27523774039227,3.0536433124550086,-3.0536433124550086,96.7741935483871,20.0,83.33333333333334,29
122.99654103325204,122.3462357884136,0.19507904375787197,0.34194469451904297,0.04161942005157471,0.3302947133779526,-0.056031838059425354,0.1916964203119278,0.0,0.0,38.90605000811869,35.2850728733658,2.1411976112499502,-2.1411976112499502,96.7741935483871,20.0,83.33333333333334,29
119.24080740546523,120.62915950097776,0.1912855226727643,0.3269784450531006,0.03902405500411987,0.3075658529996872,-0.06134258210659027,0.1844320297241211,0.0,0.0,41.29439461988945,39.23068122755602,1.3369667345422656,-2.388344611770762,96.7741935483871,20.0,83.33333333333334,29
116.27206564939132,118.51773408796197,0.18926831240635317,0.316469669342041,0.038134023547172546,0.2982586473226547,-0.0629996806383133,0.181470587849617,0.0,0.0,43.598157637327404,40.93900753767068,2.3037630174379515,-2.3037630174379515,96.7741935483871,20.0,83.33333333333334,29
112.5632943346391,116.84074817578409,0.18660240305107992,0.3068700432777405,0.03698895871639252,0.28971122205257416,-0.06519441306591034,0.17842000722885132,0.0,0.0,45.61061971344002,42.61514996400102,2.0124620761126195,-2.0124620761126195,96.7741935483871,20.0,83.33333333333334,29
104.3090888229672,108.55513102711599,0.17563880102400098,0.2794102430343628,0.034514427185058594,0.26241615414619446,-0.07073032855987549,0.16727006435394287,0.0,0.0,51.369399339572176,47.93739454015809,3.363268435181496,-5.758779626132153,96.7741935483871,20.0,83.33333333333334,29
99.35429780594882,104.28589283103918,0.16783236599744172,0.2628862261772156,0.03460341691970825,0.24431121349334717,-0.07323242723941803,0.1578471064567566,0.0,0.0,54.307724238161754,51.306633909544196,2.7644430821095867,-2.9383248985895776,96.7741935483871,20.0,83.33333333333334,29
96.69359841931168,103.88139648128043,0.1656168997765017,0.2547292709350586,0.03557434678077698,0.2347690612077713,-0.07407188415527344,0.15324608981609344,0.0,0.0,56.35775985542937,53.39454114730387,2.0500356172676177,-2.0500356172676177,96.7741935483871,20.0,83.33333333333334,29
92.93990998276615,100.84118670227166,0.1644211477102243,0.2449067234992981,0.03616805374622345,0.22648528218269348,-0.07501183450222015,0.1496712565422058,0.0,0.0,59.49070918612655,55.42486860894246,3.13294933069718,-3.13294933069718,96.7741935483871,20.0,83.33333333333334,29
90.49551209730845,97.80877238608312,0.15931791289591274,0.2359105348587036,0.036692872643470764,0.2168603539466858,-0.07555514574050903,0.1458716094493866,0.0,0.0,60.76471201240492,57.73022632303065,1.2740028262783696,-1.2740028262783696,96.7741935483871,20.0,83.33333333333334,29
86.78586301933069,93.38236548650912,0.16063997926300536,0.22762680053710938,0.03734016418457031,0.20825983583927155,-0.07601039111614227,0.14361222088336945,0.0,0.0,64.86354470712335,60.36918144027105,4.098832694718432,-4.098832694718432,96.7741935483871,20.0,83.33333333333334,29
82.91936231875559,89.6411688812126,0.1630618026654568,0.22113138437271118,0.03771232068538666,0.20000065863132477,-0.07676716148853302,0.1424916535615921,0.0,0.0,68.46986377741058,63.39720742076635,3.6063190702872276,-3.6063190702872276,96.7741935483871,20.0,83.33333333333334,29
79.45410654703119,85.25860722677018,0.16336767353708812,0.2131056785583496,0.038100942969322205,0.19242151081562042,-0.07750630378723145,0.14179544150829315,0.0,0.0,71.60516901767612,66.42582237865375,3.135305240265538,-3.135305240265538,96.7741935483871,20.0,83.33333333333334,29
76.23428403443563,82.03464396134615,0.1607112704853998,0.20858138799667358,0.041797712445259094,0.1825949251651764,-0.0791558027267456,0.14204096794128418,0.0,0.0,74.16350121660352,71.42909157266203,2.68566893764563,-2.5583321989274026,96.7741935483871,20.0,83.33333333333334,29
69.43983745527794,71.32949100567251,0.15810143142254954,0.19295185804367065,0.043656498193740845,0.17478297650814056,-0.07947966456413269,0.14043575525283813,0.0,0.0,80.42280825895395,74.41732769304787,6.259307042350429,-6.259307042350429,96.7741935483871,20.0,83.33333333333334,29
66.10535533161902,70.08760032464482,0.1501764495248689,0.18807339668273926,0.04808694124221802,0.15765181183815002,-0.07836084067821503,0.1348528414964676,0.0,0.0,83.11933900419585,79.81698325612743,1.5570544594394704,-2.696530745241901,96.7741935483871,20.0,83.33333333333334,29
64.73525244142036,69.15270502144458,0.15104441055425674,0.18794167041778564,0.049690648913383484,0.1491054892539978,-0.07739226520061493,0.1326225847005844,0.0,0.0,85.2687249953557,82.59328920081546,2.1493859911598463,-2.1493859911598463,96.7741935483871,20.0,83.33333333333334,29
58.96821622473204,32.07012278229868,0.1614816719160143,0.20524412393569946,0.059663429856300354,0.12203018367290497,-0.04100537300109863,0.15431281924247742,0.0,0.0,74.8602594496533,72.19669750995162,10.408465545702398,10.408465545702398,96.7741935483871,20.0,83.33333333333334,29
63.184510692928114,31.806211447079207,0.14508883433496159,0.20499926805496216,0.05581142008304596,0.12669387459754944,-0.044289857149124146,0.15137581527233124,0.0,0.0,83.47499547376523,76.25973724673491,8.614736024111934,-8.614736024111934,96.7741935483871,20.0,83.33333333333334,29
80.36959970323568,38.37332717007902,0.13373431331532304,0.23055648803710938,0.05325929820537567,0.1349906325340271,-0.04987306892871857,0.14189259707927704,0.0,0.0,73.6212718387425,77.65286149513994,9.853723635022732,9.853723635022732,96.7741935483871,20.0,83.33333333333334,29
84.87640668026842,44.55915243225867,0.13429327059268414,0.23609179258346558,0.050922736525535583,0.14319971203804016,-0.05437420308589935,0.13236834108829498,0.0,0.0,66.50629814659432,74.61570622718884,7.114973692148183,7.114973692148183,96.7741935483871,20.0,83.33333333333334,29
97.11702816031283,82.02522122238956,0.15852497749342478,0.27055585384368896,0.05312888324260712,0.18448986113071442,-0.06404510140419006,0.1287553310394287,0.0,0.0,57.75125856055044,65.1359516041925,8.755039586043878,8.755039586043878,96.7741935483871,20.0,83.33333333333334,29
102.37646221175777,92.55019134961901,0.18651927586433387,0.28716474771499634,0.058758094906806946,0.24735799431800842,-0.07040707767009735,0.16725733876228333,0.0,0.0,56.32543804946164,58.187898291589256,2.8957990027618195,1.4258205110888014,96.7741935483871,20.0,83.33333333333334,29
108.66613990692841,102.25366996184309,0.18410748330982535,0.29686403274536133,0.05494971573352814,0.2577393054962158,-0.06714814901351929,0.17427688837051392,0.0,0.0,51.3495443783801,55.5716907430538,4.040999113769907,4.975893671081536,96.7741935483871,20.0,83.33333333333334,29
113.24680647110745,107.67054266437232,0.18497920611021398,0.30538666248321533,0.050557494163513184,0.26180028915405273,-0.06468261778354645,0.17391715943813324,0.0,0.0,47.212769150349104,52.56957376758521,4.136775228030999,4.136775228030999,96.7741935483871,20.0,83.33333333333334,29
116.60729990336739,111.52321842351756,0.1872716065444156,0.3164789080619812,0.0465267151594162,0.26759305596351624,-0.06284348666667938,0.17478874325752258,0.0,0.0,44.57981908707143,49.63316902698766,2.6329500632776757,2.6329500632776757,96.7741935483871,20.0,83.33333333333334,29
120.30828524545092,115.03714119383984,0.19013558825177812,0.3244704604148865,0.042400702834129333,0.2749650925397873,-0.06062217056751251,0.17647704482078552,0.0,0.0,42.15022488173363,46.323089374383564,2.4295942053378,2.4295942053378,96.7741935483871,20.0,83.33333333333334,29
124.1415052235115,117.88891095928838,0.19517292397387345,0.33723944425582886,0.04055601358413696,0.2852434515953064,-0.05860757827758789,0.18004746735095978,0.0,0.0,39.532741237646995,43.36888858920029,2.617483644086633,2.617483644086633,96.7741935483871,20.0,83.33333333333334,29
126.87569530516444,119.29212797048291,0.20033574066706336,0.3449212908744812,0.040374621748924255,0.29587483406066895,-0.05622264742851257,0.18481115996837616,0.0,0.0,37.982162421246855,41.06123690692473,1.5505788164001402,1.5505788164001402,96.7741935483871,20.0,83.33333333333334,29
130.3923591304015,122.50255385520023,0.20392182130737524,0.3565458655357361,0.04016491770744324,0.3069482296705246,-0.053620725870132446,0.18991972506046295,0.0,0.0,35.41927607671887,38.77110115433659,2.562886344527982,2.562886344527982,96.7741935483871,20.0,83.33333333333334,29
132.89895730413943,124.59222543014727,0.2061923088230765,0.36773979663848877,0.040651023387908936,0.31861430406570435,-0.05128021538257599,0.19473141431808472,0.0,0.0,33.65547880427792,36.64741463497266,1.7637972724409536,1.7637972724409536,96.7741935483871,20.0,83.33333333333334,29
135.35530410695438,127.43339870365702,0.2074020729043174,0.3760988712310791,0.04119737446308136,0.3287198394536972,-0.048917993903160095,0.19849781692028046,0.0,0.0,31.996430051672156,34.76333683847895,1.659048752605763,1.659048752605763,96.7741935483871,20.0,83.33333333333334,29
137.2949390868879,128.86026689987847,0.20755320165113705,0.38316965103149414,0.041585877537727356,0.33809590339660645,-0.04688712954521179,0.20085042715072632,0.0,0.0,30.407316416591364,32.86962533731508,1.5891136350807926,1.5891136350807926,96.7741935483871,20.0,83.33333333333334,29
140.09103633069535,131.02486125364703,0.20687238963736398,0.3927069902420044,0.04211542010307312,0.3467918187379837,-0.044853731989860535,0.20207390189170837,0.0,0.0,28.23761383674823,31.074209777322416,2.1697025798431326,2.1697025798431326,96.7741935483871,20.0,83.33333333333334,29
142.33302572523863,133.1543301264433,0.2070605445644877,0.39832693338394165,0.04223954677581787,0.35415802896022797,-0.042658716440200806,0.2027694433927536,0.0,0.0,26.764195513241468,29.351388954563305,1.4734183235067633,1.4734183235067633,96.7741935483871,20.0,83.33333333333334,29
148.10274906617482,136.85607537599537,0.21283236092769683,0.41908180713653564,0.04206092655658722,0.3720359057188034,-0.03541871905326843,0.20651306211948395,0.0,0.0,23.25245802738185,25.100112023786192,1.3946142228036535,3.5117374858596193,96.7741935483871,20.0,83.33333333333334,29
150.61944738357968,138.97546391463348,0.2133248870848806,0.42726844549179077,0.04184272885322571,0.37817026674747467,-0.032873108983039856,0.2085190713405609,0.0,0.0,21.572388070659187,23.80216016314062,1.6800699567226616,1.6800699567226616,96.7741935483871,20.0,83.33333333333334,29
152.5206237172293,140.58627537603093,0.2141163852856476,0.4348268508911133,0.0412471741437912,0.3847994804382324,-0.030552223324775696,0.21037405729293823,0.0,0.0,20.183464637650516,22.413845746469264,1.3889234330086708,1.3889234330086708,96.7741935483871,20.0,83.33333333333334,29
155.3579470342115,143.5117904922713,0.2155811902044215,0.44464540481567383,0.04051296412944794,0.39267292618751526,-0.028002887964248657,0.2121005803346634,0.0,0.0,18.290887339162808,20.82479951871359,1.8925772984877085,1.8925772984877085,96.7741935483871,20.0,83.33333333333334,29
157.7008783233083,145.2676876136065,0.21478130867925835,0.4466133117675781,0.03923676908016205,0.3986911028623581,-0.025255441665649414,0.21293501555919647,0.0,0.0,16.68794408799495,19.183671033866865,1.6029432511678579,1.6029432511678579,96.7741935483871,20.0,83.33333333333334,29
161.23510300734156,148.0295066429688,0.21737158082442365,0.4626736640930176,0.03598640859127045,0.4111223369836807,-0.02065153419971466,0.21496760845184326,0.0,0.0,14.091454266954074,16.134848994933847,1.3776560186694837,2.5964898210408762,96.7741935483871,20.0,83.33333333333334,29
165.20423330895244,153.4182037611427,0.21794523352816284,0.4733450412750244,0.03284558653831482,0.42210622131824493,-0.016429126262664795,0.21639832854270935,0.0,0.0,11.46782330833993,13.499988298525569,1.503742024844783,2.623630958614143,96.7741935483871,20.0,83.33333333333334,29
167.0608578518067,155.7877005415397,0.2184885081479562,0.4757446050643921,0.03091999888420105,0.4267188161611557,-0.014150917530059814,0.21714918315410614,0.0,0.0,10.070661103763058,12.150376003060444,1.3971622045768726,1.3971622045768726,96.7741935483871,20.0,83.33333333333334,29
168.88748083552383,158.67981350986653,0.21960034164912304,0.48006701469421387,0.028293833136558533,0.4302697777748108,-0.012118890881538391,0.21783475577831268,0.0,0.0,8.611540666059028,10.780397602836683,1.4591204377040299,1.4591204377040299,96.7741935483871,20.0,83.33333333333334,29
172.12888858663143,163.4684843329367,0.22444933297262698,0.4814838171005249,0.021020561456680298,0.4359964430332184,-0.009391605854034424,0.22139492630958557,0.0,0.0,5.873284955363744,8.064209759797109,1.8280673586388616,2.7382557106952845,96.7741935483871,20.0,83.33333333333334,29
173.69783553120143,165.93943347199902,0.2237361002098,0.48264098167419434,0.016656547784805298,0.43830761313438416,-0.008495554327964783,0.22274507582187653,0.0,0.0,4.419659779536076,6.651459428740363,1.4536251758276677,1.4536251758276677,96.7741935483871,20.0,83.33333333333334,29
178.15571621944898,178.322655413379,0.19411399611296992,0.5559642016887665,,,,,0.0,0.0,-0.8219214002978958,,2.752101025890923,,80.95238095238095,60.0,83.33333333333334,30
172.94617798104062,172.68535156215188,0.18664871825955046,0.5543520748615265,0.00011026859283447266,0.3813842833042145,-0.008716873824596405,0.18647190928459167,0.0,0.0,3.612125880948639,2.5894951817346943,1.28024050786496,-4.434047281246535,80.95238095238095,60.0,83.33333333333334,30
165.92803420837723,167.89913125215676,0.18235437895653664,0.5489684641361237,0.002641230821609497,0.3805418908596039,-0.01459357887506485,0.18304042518138885,0.0,0.0,7.481186214764804,4.985447549887041,2.9063724096423442,-3.869060333816165,80.95238095238095,60.0,83.33333333333334,30
161.697072385914,164.55914730714056,0.1735477065977119,0.5385585725307465,0.006082355976104736,0.3718079850077629,-0.022705726325511932,0.17833687365055084,0.0,0.0,10.16116904952706,8.48441681990619,1.8422648926235752,-2.6799828347622565,80.95238095238095,60.0,83.33333333333334,30
156.7505750929865,159.78387220062362,0.17390456741895474,0.5284920930862427,0.010513536632061005,0.3539080545306206,-0.02670171856880188,0.17148102819919586,0.0,0.0,13.382609799116821,11.549059519227558,1.8231105906889695,-3.2214407495897603,80.95238095238095,60.0,83.33333333333334,30
152.97256173741636,157.01587770124704,0.17479687871637528,0.5273317098617554,0.011913575232028961,0.351168692111969,-0.02921101450920105,0.1713651865720749,0.0,0.0,15.60550172811567,12.91014268887471,2.2228919289988482,-2.2228919289988482,80.95238095238095,60.0,83.33333333333334,30
147.55318423197866,152.75092108155397,0.1709267178053847,0.517363429069519,0.014892622828483582,0.3425311744213104,-0.0368359312415123,0.1677929162979126,0.0,0.0,18.57504974401337,16.503066341834504,2.5950451461840203,-2.9695480158977006,80.95238095238095,60.0,83.33333333333334,30
140.19625681475685,145.97367722891528,0.16995145740029713,0.5035726428031921,0.017011992633342743,0.330381378531456,-0.043521881103515625,0.16498425602912903,0.0,0.0,23.2012848064644,20.13139904669153,3.8950652538082693,-4.6262350624510304,80.95238095238095,60.0,83.33333333333334,30
136.24592116110915,141.08701162125192,0.1682169232411658,0.49093228578567505,0.0206790491938591,0.31722983717918396,-0.049475036561489105,0.16272978484630585,0.0,0.0,26.29232561105848,24.437870177417324,1.920244421532253,-3.09104080459408,80.95238095238095,60.0,83.33333333333334,30
133.04116115406526,137.3194815262133,0.1637676425682324,0.4778546690940857,0.02334689348936081,0.3035552650690079,-0.050233229994773865,0.1588377207517624,0.0,0.0,28.569701256363956,26.967786973392265,2.114304367072407,-2.277375645305476,80.95238095238095,60.0,83.33333333333334,30
126.5856084057221,131.16842841325754,0.1583940446779276,0.4633697271347046,0.024714194238185883,0.28646501898765564,-0.05331888049840927,0.15178048610687256,0.0,0.0,32.869061134747746,30.11220091676639,3.4955074638326877,-4.29935987838379,80.95238095238095,60.0,83.33333333333334,30
120.89533046954668,125.04480338184665,0.16571458173239617,0.44016599655151367,0.027914203703403473,0.27330660820007324,-0.05631456524133682,0.15223103761672974,0.0,0.0,38.63632291503794,34.89476221671598,4.4367834381494475,-5.767261780290191,80.95238095238095,60.0,83.33333333333334,30
113.8709584314258,117.83009539226376,0.1632840071613268,0.420232355594635,0.030302517116069794,0.25741125643253326,-0.05860785394906998,0.15375536680221558,0.0,0.0,44.69268145487096,40.68122256034746,4.990434289118554,-6.05635853983302,80.95238095238095,60.0,83.33333333333334,30
107.98767437520567,112.29328431929557,0.15337268212385444,0.4037821888923645,0.03466120362281799,0.23809713125228882,-0.05986133962869644,0.1451117992401123,0.0,0.0,48.81993639193999,45.51306725571069,4.733755695066442,-4.127254937069033,80.95238095238095,60.0,83.33333333333334,30
102.27386463040074,107.14760047808227,0.15014606188711277,0.3859853148460388,0.03716135770082474,0.22008244693279266,-0.060524195432662964,0.1385212540626526,0.0,0.0,53.63664666609242,50.17557516949917,4.572157932430045,-4.8167102741524275,80.95238095238095,60.0,83.33333333333334,30
94.22983372047133,99.37616770825147,0.15066128835126227,0.3663572072982788,0.03824888914823532,0.20490579307079315,-0.06148538738489151,0.1369948834180832,0.0,0.0,61.385088657472565,55.83984674445058,7.354321236754167,-7.748441991380147,80.95238095238095,60.0,83.33333333333334,30
86.93074381284146,93.80503233555424,0.1427242732234885,0.3499314785003662,0.038538895547389984,0.18586431443691254,-0.06348145753145218,0.1321934163570404,0.0,0.0,66.17859658074573,62.28371756533582,5.331175763904305,-4.793507923273168,80.95238095238095,60.0,83.33333333333334,30
88.13991340124528,94.66323210131775,0.14423038840597188,0.3479805588722229,0.03864757716655731,0.173842191696167,-0.06462176889181137,0.12796586751937866,0.0,0.0,65.22655539425098,66.04926513936778,1.3345128454921706,0.9520411864947533,80.95238095238095,60.0,83.33333333333334,30
81.3563644849051,86.79138315027556,0.14455899156683033,0.33463752269744873,0.03867858648300171,0.17132984101772308,-0.06466452032327652,0.1284579485654831,0.0,0.0,72.04537830237817,67.51596056977588,6.8188229081271885,-6.8188229081271885,80.95238095238095,60.0,83.33333333333334,30
71.38104584802335,76.68525939639086,0.1451653398332968,0.316048264503479,0.03925233334302902,0.15696439146995544,-0.06473997980356216,0.12968042492866516,0.0,0.0,82.08970575709658,75.35480046751127,7.929297805602374,-10.044327454718413,80.95238095238095,60.0,83.33333333333334,30
63.09722698665223,68.51274723188914,0.13926706566410973,0.2978082299232483,0.040363870561122894,0.13826708495616913,-0.06446515023708344,0.12778039276599884,0.0,0.0,89.47131085788199,84.29322327876247,6.53620511051183,-7.381605100785407,80.95238095238095,60.0,83.33333333333334,30
59.49111245895593,65.05843075028845,0.13736457000682534,0.2866923213005066,0.04309195280075073,0.12217026948928833,-0.06173589825630188,0.1239418238401413,0.0,0.0,86.23182379957,88.04636958089162,1.7070794613201343,3.239487058311994,80.95238095238095,60.0,83.33333333333334,30
54.38862413344947,59.616517078983556,0.13462376112948407,0.27678775787353516,0.04394333064556122,0.11300741136074066,-0.06094755977392197,0.12180572748184204,0.0,0.0,80.38439631208011,85.20001506543333,5.860540577112985,5.847427487489881,80.95238095238095,60.0,83.33333333333334,30
50.40574977972922,55.82138758386139,0.13442444667138595,0.26784682273864746,0.04426833987236023,0.10239608585834503,-0.05836315453052521,0.1208590567111969,0.0,0.0,76.41064245395626,79.81620065903161,5.121064985461118,3.9737538581238567,80.95238095238095,60.0,83.33333333333334,30
47.91414017317579,53.597352093159046,0.13170843459547113,0.26483821868896484,0.04397103190422058,0.09890410304069519,-0.058476246893405914,0.11998909711837769,0.0,0.0,74.750327499247,78.40768345582333,1.66031495470925,1.66031495470925,80.95238095238095,60.0,83.33333333333334,30
46.26505407460035,51.440884570118854,0.134632812140916,0.2636563777923584,0.04364986717700958,0.09510540962219238,-0.058931395411491394,0.12022246420383453,0.0,0.0,72.4789944256699,76.29291795457263,2.271333073577111,2.271333073577111,80.95238095238095,60.0,83.33333333333334,30
40.183999407077344,41.090649336087196,0.14785463821221487,0.26086610555648804,0.043351784348487854,0.08974155783653259,-0.058100201189517975,0.12413866817951202,0.0,0.0,61.8275967436539,71.36689028063176,10.651397682015997,10.651397682015997,80.95238095238095,60.0,83.33333333333334,30
44.4909932082094,48.547773217213816,0.13806055312648444,0.26635056734085083,0.04254767298698425,0.08352145552635193,-0.05550995469093323,0.1284077912569046,0.0,0.0,68.35339058942353,65.40895639908263,3.5908246192842057,-6.525793845769627,80.95238095238095,60.0,83.33333333333334,30
48.32381470843303,53.93556619142163,0.1299292528912677,0.2678822875022888,0.04319862276315689,0.08512197434902191,-0.05569581687450409,0.1254141926765442,0.0,0.0,73.97696987860954,67.88033174744318,5.6235792891860115,-5.6235792891860115,80.95238095238095,60.0,83.33333333333334,30
49.89895325141634,56.53414652734993,0.12653221182629162,0.26846641302108765,0.04385139048099518,0.08667974174022675,-0.05608160048723221,0.121379554271698,0.0,0.0,76.57773049536402,70.9176642333841,2.600760616754485,-2.600760616754485,80.95238095238095,60.0,83.33333333333334,30
53.858245316629805,60.13547889199055,0.12902795015513543,0.27712786197662354,0.044506534934043884,0.0904974490404129,-0.05687195062637329,0.11785206198692322,0.0,0.0,80.85745042577602,74.94138534729328,4.279719930412,-4.279719930412,80.95238095238095,60.0,83.33333333333334,30
59.376846801535116,63.935378118806824,0.13067477133893943,0.28729021549224854,0.047297701239585876,0.10355488955974579,-0.058486588299274445,0.11678759753704071,0.0,0.0,85.86045863330257,82.86288200950085,3.8738801849640225,-5.003008207526548,80.95238095238095,60.0,83.33333333333334,30
61.176959731352106,65.36866025782405,0.131987606789035,0.29018455743789673,0.0480862557888031,0.10669991374015808,-0.058354757726192474,0.11734770238399506,0.0,0.0,87.32927990438243,84.28665782918726,1.468821271079861,-1.468821271079861,80.95238095238095,60.0,83.33333333333334,30
69.53953328961029,73.0648214764208,0.13534173714253236,0.3030102252960205,0.048677533864974976,0.1180601567029953,-0.05823254585266113,0.11988672614097595,0.0,0.0,84.93960308144004,86.48724989556453,2.8800548816930416,2.3896768229423913,80.95238095238095,60.0,83.33333333333334,30
70.91405437009547,73.69611305038963,0.13508141383905659,0.3058658838272095,0.04866684973239899,0.1242591142654419,-0.05823669582605362,0.12111061811447144,0.0,0.0,83.52206549559457,85.90265161113753,1.4175375858454657,1.4175375858454657,80.95238095238095,60.0,83.33333333333334,30
75.12778904146217,78.48384450773209,0.13621953419391358,0.3156042695045471,0.048469945788383484,0.13571439683437347,-0.058635108172893524,0.12213374674320221,0.0,0.0,78.87186634543104,82.78813918084424,4.947155455480285,4.65019915016353,80.95238095238095,60.0,83.33333333333334,30
76.94358235245716,79.5349453401188,0.1368372818425317,0.318753182888031,0.04813973605632782,0.13960246741771698,-0.058857955038547516,0.12244158983230591,0.0,0.0,77.42087248043192,80.90845653059222,1.4509938649991199,1.4509938649991199,80.95238095238095,60.0,83.33333333333334,30
82.87304016677643,83.88182007339445,0.14201888449121144,0.33070385456085205,0.04795120656490326,0.15118025243282318,-0.05900450050830841,0.12530972063541412,0.0,0.0,72.8799720270141,76.4276645488821,3.6579753156372306,4.5409004534178194,80.95238095238095,60.0,83.33333333333334,30
84.5512848243161,84.98014129575895,0.1439056004270505,0.33517009019851685,0.04848203808069229,0.15716461837291718,-0.05861472338438034,0.12760917842388153,0.0,0.0,71.61219489936573,74.61274668736577,1.2677771276483725,1.2677771276483725,80.95238095238095,60.0,83.33333333333334,30
89.45328976700557,87.8961916016613,0.15045619604107244,0.3459075093269348,0.04967581480741501,0.17306937277317047,-0.05783621966838837,0.1357492059469223,0.0,0.0,68.33097901936588,70.86811239412324,3.9409518644152968,3.2812158799998485,80.95238095238095,60.0,83.33333333333334,30
94.82767642758233,93.0630508691486,0.15684631310597957,0.3632093071937561,0.05004767328500748,0.18736809492111206,-0.05652596801519394,0.1419944018125534,0.0,0.0,64.32731190558688,66.94947198017047,3.3598720036046643,4.003667113779002,80.95238095238095,60.0,83.33333333333334,30
96.28708425601587,94.7503429222733,0.1621679459396329,0.3734935522079468,0.04877091199159622,0.1990225464105606,-0.05664050579071045,0.14825573563575745,0.0,0.0,63.142316061039075,64.2877487811429,2.2536619936778166,1.1849958445478066,80.95238095238095,60.0,83.33333333333334,30
99.32177319621752,97.26779444668753,0.16775094364779558,0.38634395599365234,0.047124460339546204,0.2071051001548767,-0.05675845593214035,0.15399035811424255,0.0,0.0,61.036596200799636,62.92276849688994,3.2292088855050736,2.1057198602394394,80.95238095238095,60.0,83.33333333333334,30
106.68371857930413,103.79957831785121,0.17113688523981052,0.40073639154434204,0.04514458030462265,0.2195553481578827,-0.05497089773416519,0.16019490361213684,0.0,0.0,55.11524519748339,59.37889537989011,5.964262972620745,5.921351003316246,80.95238095238095,60.0,83.33333333333334,30
108.2822667801147,104.73577879958808,0.17237067564703076,0.405603289604187,0.04505985230207443,0.22450099885463715,-0.05430527776479721,0.1614098846912384,0.0,0.0,53.78759575226685,57.66618816047976,1.3276494452165366,1.3276494452165366,80.95238095238095,60.0,83.33333333333334,30
112.08520998442083,108.09901229351816,0.17441236561332582,0.41590702533721924,0.0449020117521286,0.23738199472427368,-0.05281118303537369,0.164328470826149,0.0,0.0,50.598529383753004,53.242479868543434,2.870019756917479,3.189066368513849,80.95238095238095,60.0,83.33333333333334,30
117.50319115888394,113.20699442526198,0.17450159131250373,0.4321463108062744,0.044043734669685364,0.24991300702095032,-0.05167423188686371,0.16563285887241364,0.0,0.0,45.498584796429206,48.66909350854286,3.4820907292857726,5.099944587323797,80.95238095238095,60.0,83.33333333333334,30
122.14198523438546,117.63254702746076,0.17133259429084122,0.44830578565597534,0.04197860509157181,0.26100122928619385,-0.05048217624425888,0.1635788530111313,0.0,0.0,41.0244950599637,43.53376374808136,3.025156725483683,4.474089736465508,80.95238095238095,60.0,83.33333333333334,30
126.10190192216763,121.05494894960209,0.17612625367207743,0.4591448903083801,0.04093281179666519,0.2727481573820114,-0.048962488770484924,0.16666707396507263,0.0,0.0,38.42485578648519,40.28448042158151,2.3629043526826905,2.599639273478509,80.95238095238095,60.0,83.33333333333334,30
129.80409105838132,125.82090421587861,0.17720066078478303,0.46841686964035034,0.03916739672422409,0.2817263901233673,-0.046340830624103546,0.17111603915691376,0.0,0.0,35.298377115532695,37.7344392994633,3.4070691376495503,3.126478670952494,80.95238095238095,60.0,83.33333333333334,30
135.003514709742,131.02451947690227,0.17792095171741684,0.4851941466331482,0.037428006529808044,0.29421795904636383,-0.04490631818771362,0.17192162573337555,0.0,0.0,30.906128169803665,34.00265510949626,3.838152296459107,4.39224894572903,80.95238095238095,60.0,83.33333333333334,30
139.14653083747893,135.26458536972586,0.17612160812907018,0.4940108060836792,0.03528355062007904,0.3024216890335083,-0.04095633327960968,0.17032288014888763,0.0,0.0,27.982783167208595,30.009623770289743,2.55456293755325,2.9233450025950702,80.95238095238095,60.0,83.33333333333334,30
142.43619578152496,139.30103741404054,0.18185534448530025,0.502973884344101,0.03357647359371185,0.313085101544857,-0.03847644478082657,0.17321643233299255,0.0,0.0,25.654360092352363,27.26368143850512,2.040784269764295,2.3284230748562322,80.95238095238095,60.0,83.33333333333334,30
145.80433757783402,141.76561461525623,0.1839853891134058,0.5066643953323364,0.03267717361450195,0.3175247386097908,-0.03708283603191376,0.17551246285438538,0.0,0.0,23.655049783022193,26.18174809245852,1.9993103093301698,1.9993103093301698,80.95238095238095,60.0,83.33333333333334,30
155.5606594161874,151.87159901092843,0.19556517419859157,0.5393240749835968,0.02863578498363495,0.3525122255086899,-0.02756485342979431,0.19292519986629486,0.0,0.0,16.926985492733948,19.436615485228348,3.0139876821887697,6.728064290288245,80.95238095238095,60.0,83.33333333333334,30
157.64184119970014,154.285245165113,0.19751175563095152,0.5419498980045319,0.026778675615787506,0.35689399391412735,-0.02633097767829895,0.1934114247560501,0.0,0.0,15.251901561962015,18.060559489890935,1.6750839307719332,1.6750839307719332,80.95238095238095,60.0,83.33333333333334,30
160.3163125069359,157.76682207897719,0.20140980087955826,0.5466841757297516,0.021672934293746948,0.37021613866090775,-0.0247347429394722,0.19719266891479492,0.0,0.0,12.975161218938482,15.030466306723753,1.992655734322085,2.2767403430235333,80.95238095238095,60.0,83.33333333333334,30
162.4932513744182,160.92107629273627,0.20052953104407534,0.5520943105220795,0.015418276190757751,0.3792875036597252,-0.02342977374792099,0.1996806561946869,0.0,0.0,11.034809649455184,12.212070293128477,1.3208905387379275,1.9403515694832976,80.95238095238095,60.0,83.33333333333334,30
164.4350712741027,163.54768932687634,0.19677907645727905,0.5600855648517609,0.012610703706741333,0.3836511820554733,-0.02212858945131302,0.19755548238754272,0.0,0.0,9.49976089569212,10.579320144411092,1.3182996548179915,1.5350487537630642,80.95238095238095,60.0,83.33333333333334,30
169.9505798834339,167.20033755058193,0.1992710942285694,0.56840980052948,0.00994642823934555,0.38734864443540573,-0.017514735460281372,0.19664552807807922,0.0,0.0,6.35482688279231,8.208952209044437,2.106182491200485,3.1449340128998102,80.95238095238095,60.0,83.33333333333334,30
172.00136278688004,168.9364468852931,0.19840022311494443,0.5702353119850159,0.00919601321220398,0.3900347724556923,-0.014994427561759949,0.19712941348552704,0.0,0.0,5.061569347038855,7.178332705541454,1.2932575357534546,1.2932575357534546,80.95238095238095,60.0,83.33333333333334,30
175.93173212702266,172.27604068373685,0.18891649876957525,0.5673183500766754,0.00654485821723938,0.39397238194942474,-0.009310312569141388,0.19406774640083313,0.0,0.0,2.3910361429313554,4.5480265443250865,1.9936376616064706,2.6705332041074996,80.95238095238095,60.0,83.33333333333334,30
167.50425027637158,166.75770830014838,0.1834832656587497,0.5438162982463837,0.005917802453041077,0.38030143082141876,-0.013517744839191437,0.18434402346611023,0.0,0.0,7.3243393186275085,5.677727541161367,1.7891732145295123,,96.0,100.0,87.87878787878788,31
158.1468703298723,159.34432562504983,0.17676307246687822,0.53127720952034,0.012056149542331696,0.36026936024427414,-0.023228421807289124,0.17834050953388214,0.0,0.0,12.859444628411012,10.978028919685343,1.8159405382469913,-5.5351053097835035,96.0,100.0,87.87878787878788,31
153.6522798038927,155.95357956793896,0.17899733670657642,0.5283591747283936,0.015048578381538391,0.35268494486808777,-0.03013017773628235,0.17358191311359406,0.0,0.0,15.551770120995954,14.158903100515008,1.2702688975547574,-2.692325492584942,96.0,100.0,87.87878787878788,31
145.0560300099747,150.98037736035636,0.17825853051256135,0.5137518644332886,0.013933315873146057,0.34742411226034164,-0.04214305430650711,0.17737826704978943,0.0,0.0,19.93658025536071,18.25883111206916,2.353908583789064,-4.384810134364756,96.0,100.0,87.87878787878788,31
142.30550626383047,148.16617164331015,0.17527175503860595,0.5063190758228302,0.015799008309841156,0.33617185056209564,-0.04614028334617615,0.17145594954490662,0.0,0.0,21.989203416687005,20.61409520661589,1.7959256097534535,-2.052623161326295,96.0,100.0,87.87878787878788,31
139.30017567477884,144.54465737985123,0.17334567585243374,0.5001983344554901,0.01793096959590912,0.32917916774749756,-0.04756610095500946,0.1687416285276413,0.0,0.0,24.16780614316606,22.228272670828776,1.6050028266375733,-2.178602726479056,96.0,100.0,87.87878787878788,31
137.22292361411778,141.5703174594685,0.16832736713639956,0.492342472076416,0.021009311079978943,0.316332571208477,-0.04935672879219055,0.1632322371006012,0.0,0.0,25.681892099325594,24.690662709332834,1.274362510816843,-1.5140859561595335,96.0,100.0,87.87878787878788,31
135.72612115054582,139.5847375333843,0.16981896755864823,0.4803466796875,0.02239474654197693,0.30805402994155884,-0.04927787929773331,0.16159430146217346,0.0,0.0,27.234658749278303,26.08424108552564,1.6121835155044906,-1.5527666499527086,96.0,100.0,87.87878787878788,31
130.37120446241838,136.3468088132278,0.16257094097320982,0.469976544380188,0.02293374389410019,0.29857712984085083,-0.05182790756225586,0.15948086977005005,0.0,0.0,30.20261200519098,28.274378242369274,2.3388330334194762,-2.9679532559126756,96.0,100.0,87.87878787878788,31
126.03972660439342,132.00649559398192,0.16153188847583685,0.4632425308227539,0.02431294322013855,0.28803540766239166,-0.05456060916185379,0.15462161600589752,0.0,0.0,33.226139937653855,30.62551783134314,2.01659952689765,-3.0235279324628763,96.0,100.0,87.87878787878788,31
123.37036615483109,129.09505011918822,0.16067873908263128,0.4544643759727478,0.02751655876636505,0.27537818253040314,-0.057071834802627563,0.15060992538928986,0.0,0.0,35.515530995505266,34.14180263063071,1.3612752469522604,-2.289391057851411,96.0,100.0,87.87878787878788,31
119.61588488931514,126.01921301057547,0.16167368270552124,0.44079405069351196,0.02842574566602707,0.2667365074157715,-0.0583357959985733,0.15108110010623932,0.0,0.0,38.7857431741309,36.90011536714216,1.9967029190142895,-3.270212178625634,96.0,100.0,87.87878787878788,31
116.32196232425659,122.94826660118916,0.16049399185403798,0.430015504360199,0.028686046600341797,0.25785815715789795,-0.05934971570968628,0.1499662846326828,0.0,0.0,41.639754255892505,39.2543392617015,1.836934894226502,-2.8540110817616053,96.0,100.0,87.87878787878788,31
112.86823652654135,119.07669382612417,0.1615527611098954,0.41982704401016235,0.029793687164783478,0.24769827723503113,-0.061165399849414825,0.14958421885967255,0.0,0.0,44.72573331587978,42.84372452394641,2.1073635488536127,-3.085979059987274,96.0,100.0,87.87878787878788,31
108.66891185974305,115.51007906249573,0.15505284351258966,0.40995919704437256,0.03160185366868973,0.2378443032503128,-0.06252384185791016,0.14601100981235504,0.0,0.0,47.3411034084922,45.71068958910463,1.9085762871410452,-2.615370092612423,96.0,100.0,87.87878787878788,31
105.56153818260611,112.32111721388414,0.15477695285205026,0.39991140365600586,0.032990217208862305,0.22980885207653046,-0.06307773292064667,0.14232707023620605,0.0,0.0,50.28385809137052,47.70806333496283,2.5090933727330693,-2.9427546828783164,96.0,100.0,87.87878787878788,31
103.16914821428088,109.19647998083543,0.1516986010467344,0.38854527473449707,0.034701429307460785,0.2185358852148056,-0.06281080842018127,0.13874831795692444,0.0,0.0,52.404927511519595,50.71958619733633,2.361044488417498,-2.1210694201490767,96.0,100.0,87.87878787878788,31
99.41495583219097,104.46954965820079,0.15255540950422136,0.3791186213493347,0.03544803708791733,0.21019190549850464,-0.06302952766418457,0.13725928962230682,0.0,0.0,56.04879475274351,53.49717138776313,3.132291025914377,-3.6438672412239157,96.0,100.0,87.87878787878788,31
93.83863714198134,99.18541374641792,0.1516554506414653,0.36752456426620483,0.03586001694202423,0.202899768948555,-0.06359675526618958,0.13767743110656738,0.0,0.0,61.22095362573879,56.825341737247015,4.105838782062165,-5.172158872995276,96.0,100.0,87.87878787878788,31
90.64447326825882,95.87950410992013,0.14538015761801076,0.3574078679084778,0.03705073148012161,0.1889529675245285,-0.06407783925533295,0.13353832066059113,0.0,0.0,63.17831687892856,61.2879349023642,3.0477595724277933,-1.9573632531897758,96.0,100.0,87.87878787878788,31
86.10184798807887,90.89667868938513,0.1455481956686376,0.34615737199783325,0.038646042346954346,0.17956389486789703,-0.06414826214313507,0.1306445598602295,0.0,0.0,67.90803682688814,64.57366097833551,4.259049515088151,-4.729719947959573,96.0,100.0,87.87878787878788,31
81.16576577909979,85.15110858773485,0.14703457579977502,0.3357897996902466,0.03986082226037979,0.1725534349679947,-0.06381931155920029,0.1312798410654068,0.0,0.0,73.26788965099247,68.36217406946609,4.6441071628086945,-5.359852824104337,96.0,100.0,87.87878787878788,31
76.05206525123793,78.66634020113747,0.15040097886976578,0.324771523475647,0.040035367012023926,0.16277959942817688,-0.0638304203748703,0.13514947891235352,0.0,0.0,78.62157921141791,75.1237043488069,4.015150796260784,-5.353689560425437,96.0,100.0,87.87878787878788,31
69.88359195132654,73.0052678688886,0.14662919481256745,0.3127654790878296,0.03990445286035538,0.15151691436767578,-0.06463012844324112,0.1335698366165161,0.0,0.0,83.82465059596822,80.26035008538206,4.542880638482103,-5.203071384550313,96.0,100.0,87.87878787878788,31
64.13386352065157,67.04031987039744,0.14479726557502376,0.30128180980682373,0.04081599414348602,0.1421782374382019,-0.06460747122764587,0.13101336359977722,0.0,0.0,89.40397807744559,83.96497090094822,6.054493104552677,-5.579327481477364,96.0,100.0,87.87878787878788,31
60.67736392715604,64.70540135065953,0.14357598353927112,0.2942432165145874,0.042897433042526245,0.12914571166038513,-0.0637674406170845,0.12916892766952515,0.0,0.0,86.87562403464383,88.44506567911338,1.7182153989799644,2.5283540428017517,96.0,100.0,87.87878787878788,31
56.34697276488065,60.25334373828687,0.1436070969591532,0.28584611415863037,0.04481621831655502,0.12180690467357635,-0.06345789134502411,0.128864124417305,0.0,0.0,82.7461054181199,86.27865318664662,5.27140078792992,4.129518616523939,96.0,100.0,87.87878787878788,31
52.63902189062987,58.347983441245624,0.13984803659190817,0.2786428928375244,0.04485621303319931,0.11159954965114594,-0.06404251605272293,0.12728051841259003,0.0,0.0,80.2935604523959,81.80945340017539,2.291802195430762,2.4525449657240017,96.0,100.0,87.87878787878788,31
48.11320460767854,55.16428399411935,0.13624175977699107,0.27033931016921997,0.0440451055765152,0.09615600109100342,-0.0652041807770729,0.11983852088451385,0.0,0.0,76.48305815375538,77.76961770650746,1.3345412315289025,3.8105022986405146,96.0,100.0,87.87878787878788,31
50.78198801745537,59.164474541645866,0.13545832599336374,0.2748028039932251,0.04410363733768463,0.0951400101184845,-0.06505335867404938,0.1180620938539505,0.0,0.0,79.57384787829463,78.1441143355809,1.6701434817305625,-3.090789724539249,96.0,100.0,87.87878787878788,31
57.74546059904471,65.54356979980392,0.13604740514690128,0.28770363330841064,0.04324694722890854,0.10375893115997314,-0.06532878428697586,0.11884239315986633,0.0,0.0,86.44123810575496,82.11923291561503,4.701717136261095,-6.867390227460334,96.0,100.0,87.87878787878788,31
59.93247916321868,67.24940130237987,0.1361237088068431,0.2916024327278137,0.042933039367198944,0.10827527940273285,-0.06529839336872101,0.11904864013195038,0.0,0.0,88.51225328637075,84.35383426763407,2.071015180615788,-2.071015180615788,96.0,100.0,87.87878787878788,31
68.54990204297309,75.1490885250316,0.13549842445557805,0.3068060278892517,0.042632147669792175,0.11987318098545074,-0.06501507759094238,0.1194562017917633,0.0,0.0,82.90428670479484,86.65653755699466,5.86408542626323,5.6079665815759085,96.0,100.0,87.87878787878788,31
75.53216552887801,82.93906426038538,0.13690256597578676,0.3200875520706177,0.04334835708141327,0.13252238929271698,-0.06447518616914749,0.11985813081264496,0.0,0.0,76.42329669951656,82.75335018376691,6.4941485001816375,6.4809900052782865,96.0,100.0,87.87878787878788,31
82.70918751818357,89.21686644963845,0.14058939738079035,0.3364464044570923,0.04561229795217514,0.153296560049057,-0.0634070560336113,0.12319245934486389,0.0,0.0,70.77043154773067,74.59534970279346,4.848809950576182,5.652865151785889,96.0,100.0,87.87878787878788,31
88.76751850545213,93.06577365378547,0.14603319568093645,0.35004961490631104,0.046493932604789734,0.1689068228006363,-0.062096454203128815,0.1287982165813446,0.0,0.0,66.26394762944076,69.74613028142682,5.032995062160012,4.506483918289902,96.0,100.0,87.87878787878788,31
93.88378156552454,97.46755736475014,0.15154851143952652,0.36378490924835205,0.04561852663755417,0.18016013503074646,-0.06164667755365372,0.1335613876581192,0.0,0.0,62.174732600045125,66.56988910163018,4.369200885388899,4.089215029395639,96.0,100.0,87.87878787878788,31
97.49012190224164,100.48165416693512,0.15877814304877355,0.3763161301612854,0.042875148355960846,0.1986694037914276,-0.06149347871541977,0.1425199657678604,0.0,0.0,59.802249780110586,61.71903545056074,2.85089668815327,2.3724828199345396,96.0,100.0,87.87878787878788,31
102.74792291662146,105.72091267382176,0.16329278930231303,0.39097321033477783,0.03988359123468399,0.212213397026062,-0.06150291860103607,0.14866170287132263,0.0,0.0,55.080513315499445,57.944201181643216,3.1325231444129713,4.721736464611141,96.0,100.0,87.87878787878788,31
108.30635700225363,112.00098996277806,0.16640482590198946,0.4090920090675354,0.03856491297483444,0.22378592193126678,-0.0617058128118515,0.15199138224124908,0.0,0.0,49.90520993279117,54.48816032318785,4.848671651757186,5.175303382708272,96.0,100.0,87.87878787878788,31
109.83117764423156,113.20845778182449,0.1657161948625817,0.4122740626335144,0.037640281021595,0.23083168268203735,-0.06161629408597946,0.15320844948291779,0.0,0.0,48.47998478675541,52.0548974048986,1.4252251460357641,1.4252251460357641,96.0,100.0,87.87878787878788,31
111.44627095915357,114.57795040511581,0.16609226127024287,0.4170515537261963,0.036760710179805756,0.23654353618621826,-0.061445415019989014,0.15403097867965698,0.0,0.0,47.02884909458534,50.04198134967007,1.4511356921700695,1.4511356921700695,96.0,100.0,87.87878787878788,31
114.73309707306271,117.98197102564966,0.16800117963493746,0.4288930892944336,0.035939812660217285,0.24419169127941132,-0.061032816767692566,0.15496547520160675,0.0,0.0,44.27578785621405,47.42245791758649,2.753061238371288,2.753061238371288,96.0,100.0,87.87878787878788,31
117.12864832091361,119.22394850413879,0.16917994056668517,0.436855673789978,0.03535844385623932,0.2502112090587616,-0.06042911112308502,0.1559430956840515,0.0,0.0,42.33398999694498,45.529652933624945,1.941797859269073,1.941797859269073,96.0,100.0,87.87878787878788,31
120.35225691467608,121.31172805496418,0.17268401241913303,0.44859999418258667,0.03465983271598816,0.2627415508031845,-0.05931025743484497,0.15894848108291626,0.0,0.0,39.90724631524162,42.187505084928446,2.3257498560715177,2.426743681703357,96.0,100.0,87.87878787878788,31
125.571544444767,124.65928757172348,0.17572247943540906,0.4603691101074219,0.034499503672122955,0.2738058418035507,-0.056856900453567505,0.16287964582443237,0.0,0.0,36.571134746465646,39.51505024992867,2.777689020228628,3.3361115687759764,96.0,100.0,87.87878787878788,31
128.1638592537485,126.09914267168644,0.17537253499375294,0.465633749961853,0.03466660529375076,0.2808339595794678,-0.05460880696773529,0.16537931561470032,0.0,0.0,35.13806599939272,37.741317706948564,1.433068747072923,1.433068747072923,96.0,100.0,87.87878787878788,31
130.3639052869969,129.679326536288,0.1730696180062639,0.4724186658859253,0.03413631021976471,0.28959669172763824,-0.051534369587898254,0.16642825305461884,0.0,0.0,32.68058048356896,34.8452415309304,2.310604410725311,2.4574855158237625,96.0,100.0,87.87878787878788,31
134.26206058327102,133.93451173479045,0.17169975135608537,0.48766010999679565,0.032456859946250916,0.29743821918964386,-0.049382284283638,0.16369712352752686,0.0,0.0,29.58655571704128,31.47685175179255,1.9770858989591034,3.0940247665276814,96.0,100.0,87.87878787878788,31
138.93893591530323,138.73801063451964,0.1726860812812929,0.5007397830486298,0.030510924756526947,0.30272454768419266,-0.046901144087314606,0.1639542579650879,0.0,0.0,26.488237448054285,29.170385484724513,2.5548697097478126,3.0983182689869935,96.0,100.0,87.87878787878788,31
146.57096935636753,145.27730068353856,0.18586409661186368,0.5154686272144318,0.026618674397468567,0.3229101747274399,-0.04137100279331207,0.17514102160930634,0.0,0.0,21.806758907643456,24.735248553919746,3.467473339129384,4.681478540410829,96.0,100.0,87.87878787878788,31
151.39901351046038,151.53543834148164,0.1898366684610319,0.5284361243247986,0.02194219082593918,0.34345416724681854,-0.03706515580415726,0.1853039562702179,0.0,0.0,17.881649365102888,20.488028285435615,3.140925050996401,3.925109542540568,96.0,100.0,87.87878787878788,31
156.69323823009518,157.5037253740219,0.18973105583046182,0.5435339212417603,0.015330508351325989,0.35759177803993225,-0.03434649854898453,0.18631775677204132,0.0,0.0,13.590134401670866,16.21507767152866,2.6210717817903486,4.2915149634320215,96.0,100.0,87.87878787878788,31
160.71410863590677,160.62205962825024,0.1947089044422617,0.5494452118873596,0.012107998132705688,0.3678138852119446,-0.03133561462163925,0.188914954662323,0.0,0.0,11.366535419000527,13.679037701633693,2.1817393834016343,2.223598982670339,96.0,100.0,87.87878787878788,31
164.77812429637595,164.61509574681247,0.19644565246086484,0.5525044202804565,0.007987193763256073,0.37706152349710464,-0.02556319534778595,0.1945343166589737,0.0,0.0,8.498983750957308,10.416578567459766,2.4175616182234023,2.8675516680432196,96.0,100.0,87.87878787878788,31
168.35556164299408,167.82360445207405,0.1973039062747205,0.5596098601818085,0.003725022077560425,0.38367242366075516,-0.021305665373802185,0.19573232531547546,0.0,0.0,6.255222837747581,7.59686962646548,1.4347481754582532,2.2437609132097265,96.0,100.0,87.87878787878788,31
173.20425281834383,171.96299271049054,0.19273877359140126,0.5650310814380646,0.001855805516242981,0.38886676728725433,-0.017413027584552765,0.19449767470359802,0.0,0.0,3.095764314987008,5.690358579625752,2.6247118375755747,3.1594585227605734,96.0,100.0,87.87878787878788,31
170.95533924011013,170.02541642477277,0.1840937855826992,0.5504323840141296,-0.0023455098271369934,0.37946876138448715,-0.013490766286849976,0.1805499643087387,0.0,0.0,4.419859410288723,3.208720030365072,1.2849068320421253,,94.28571428571428,80.0,84.0,32
167.7830743594189,167.60386074428416,0.18516373310626036,0.5497410297393799,0.00014819949865341187,0.3801410123705864,-0.015772908926010132,0.18326254189014435,0.0,0.0,6.224510783420712,4.630848234577371,1.4804406170672593,-1.804651373131989,94.28571428571428,80.0,84.0,32
161.6982009452441,161.57638038196401,0.1868616041664769,0.5451469123363495,0.004740454256534576,0.37761031091213226,-0.023932643234729767,0.1863270103931427,0.0,0.0,10.162270570562796,8.528312112008631,1.64192389806162,-3.9377597871420846,94.28571428571428,80.0,84.0,32
156.40614653817636,157.41806760942308,0.18291227940523888,0.5319238007068634,0.007753878831863403,0.3704070672392845,-0.027544371783733368,0.18354330956935883,0.0,0.0,13.398498519383637,10.728390123875844,2.5660537863278705,-3.23622794882084,94.28571428571428,80.0,84.0,32
151.65315658027436,153.67122549940254,0.1832453939260738,0.5279547274112701,0.01087138056755066,0.360736608505249,-0.03220231086015701,0.18028385937213898,0.0,0.0,16.33773204870363,13.44917031745776,3.1097260800156192,-2.939233529319992,94.28571428571428,80.0,84.0,32
148.44634285475055,150.92173086400624,0.18199479434854524,0.5208467245101929,0.013286851346492767,0.35311639308929443,-0.03711380064487457,0.17853808403015137,0.0,0.0,18.35507912744835,16.120712187470755,1.7930475224053168,-2.01734707874472,94.28571428571428,80.0,84.0,32
142.89173409534357,146.56008633777108,0.1740053131287398,0.5157826840877533,0.015152961015701294,0.3437888026237488,-0.042417094111442566,0.17463190853595734,0.0,0.0,21.37581890616427,18.806170996146577,2.4440645602336133,-3.020739778715921,94.28571428571428,80.0,84.0,32
140.6388682464896,143.5564872244094,0.1736126472611411,0.503157377243042,0.017093226313591003,0.33416807651519775,-0.046328410506248474,0.16975857317447662,0.0,0.0,23.02918379134131,21.107372436973293,1.9364510868843752,-1.6533648851770408,94.28571428571428,80.0,84.0,32
137.82352236867007,140.31916111881543,0.17075023161840963,0.4920191168785095,0.019450969994068146,0.32485995441675186,-0.04806894809007645,0.16625238955020905,0.0,0.0,25.261154993329768,23.088360391957348,2.2907849146283894,-2.2319712019884577,94.28571428571428,80.0,84.0,32
133.70092384121617,137.0307720069428,0.1677798286376043,0.4828754663467407,0.021449096500873566,0.31369026750326157,-0.049860790371894836,0.1623314470052719,0.0,0.0,27.886208421616878,25.269592614915624,2.925571455602416,-2.62505342828711,94.28571428571428,80.0,84.0,32
129.50722650640685,133.10239890461978,0.16534288385447912,0.47171980142593384,0.02268778532743454,0.3017444908618927,-0.05284468084573746,0.15831367671489716,0.0,0.0,30.6531820364224,27.820072137867687,2.872920909005394,-2.766973614805522,94.28571428571428,80.0,84.0,32
125.1717522931209,129.3766348652555,0.16330681696216204,0.45890843868255615,0.024557173252105713,0.28947949409484863,-0.05588154494762421,0.15482458472251892,0.0,0.0,33.93423126300662,30.907284902184042,2.6727660811164924,-3.281049226584223,94.28571428571428,80.0,84.0,32
120.79693260734987,125.52286197807238,0.16482822688915388,0.4444947838783264,0.026093974709510803,0.2783425897359848,-0.05905038118362427,0.15294833481311798,0.0,0.0,37.318453083116445,34.23514863546784,2.8920080692582886,-3.384221820109822,94.28571428571428,80.0,84.0,32
119.22694570021858,124.25014233866158,0.16539875444077928,0.4394354820251465,0.0264279842376709,0.27212637662887573,-0.060466088354587555,0.15279898047447205,0.0,0.0,38.799091511068276,36.119555217762375,1.4806384279518312,-1.4806384279518312,94.28571428571428,80.0,84.0,32
114.97396715130458,120.37015864340879,0.16442358660958659,0.4261077642440796,0.026756763458251953,0.2651824951171875,-0.06160222738981247,0.15264791250228882,0.0,0.0,42.57724828563363,38.28030947341912,3.7781567745653533,-3.7781567745653533,94.28571428571428,80.0,84.0,32
110.61053589773289,116.70612089847444,0.1596011682912806,0.4144595265388489,0.027610577642917633,0.24986712634563446,-0.0632566437125206,0.15028466284275055,0.0,0.0,45.77547400449243,42.45967821745268,3.0885749358760677,-3.198225718858801,94.28571428571428,80.0,84.0,32
106.13150760468938,112.78138175518342,0.15177849001128618,0.4000551700592041,0.029338106513023376,0.23458953201770782,-0.06399982422590256,0.1435796171426773,0.0,0.0,49.01484023204006,45.78113079732831,3.3675303478756646,-3.2393662275476274,94.28571428571428,80.0,84.0,32
102.4294990453094,108.86534900155054,0.14909517465441158,0.3890851140022278,0.03154119849205017,0.22101016342639923,-0.06390420347452164,0.1374848335981369,0.0,0.0,52.03489841032662,48.85818491556597,3.299207274593776,-3.020058178286561,94.28571428571428,80.0,84.0,32
98.60009960149864,105.10469402576636,0.14674559163299852,0.37574607133865356,0.032870449125766754,0.20958203077316284,-0.06423430889844894,0.1333952248096466,0.0,0.0,55.29000134984488,51.93571563074806,3.607729722757007,-3.2551029395182596,94.28571428571428,80.0,84.0,32
96.04231148363442,103.14231889185986,0.1459691529209818,0.37313413619995117,0.03329838812351227,0.20315434038639069,-0.06488510221242905,0.13168570399284363,0.0,0.0,56.943685905751764,53.98771432325278,1.6536845559068851,-1.6536845559068851,94.28571428571428,80.0,84.0,32
92.03982925987282,98.41776287584602,0.14559010967040312,0.3636826276779175,0.033564493060112,0.1969451606273651,-0.06540580838918686,0.1304505169391632,0.0,0.0,60.84658647259313,56.19063633881941,3.9029005668413674,-3.9029005668413674,94.28571428571428,80.0,84.0,32
88.25287696707545,94.48477318232305,0.13967155965989328,0.35125672817230225,0.03483442962169647,0.18473899364471436,-0.0660838931798935,0.12772153317928314,0.0,0.0,63.66364470073381,60.5738193938864,2.822284204266907,-2.817058228140681,94.28571428571428,80.0,84.0,32
87.51876399473764,92.97307318002383,0.14144816554214956,0.3496015667915344,0.035859398543834686,0.17931361496448517,-0.06579238176345825,0.1266005039215088,0.0,0.0,65.06301592828437,62.603651899519555,1.39937122755056,-1.39937122755056,94.28571428571428,80.0,84.0,32
83.01513585320288,87.6679961561791,0.1408947203802712,0.339258074760437,0.03714913874864578,0.17392322421073914,-0.06548578292131424,0.1254376620054245,0.0,0.0,69.45312405715725,64.75528629566058,4.390108128872882,-4.390108128872882,94.28571428571428,80.0,84.0,32
82.0487903610944,86.10856424697124,0.14259135584062999,0.337612509727478,0.03826726973056793,0.16867026686668396,-0.06529353559017181,0.1251392662525177,0.0,0.0,70.75889626984342,67.23467023900471,1.3057722126861648,-1.3057722126861648,94.28571428571428,80.0,84.0,32
76.62163926517081,79.98770339553687,0.1438398615638967,0.3260083794593811,0.03897680342197418,0.16358406841754913,-0.06516309827566147,0.1263822764158249,0.0,0.0,76.4106543813483,70.42142265915834,5.651758111504876,-5.651758111504876,94.28571428571428,80.0,84.0,32
72.09831389212923,74.83033849220544,0.14281552074615816,0.31716471910476685,0.03923453390598297,0.1535104662179947,-0.06541620194911957,0.12747035920619965,0.0,0.0,80.34056206233677,76.07865457467817,3.53605647715257,-3.929907680988478,94.28571428571428,80.0,84.0,32
70.14646957764273,73.33888430025013,0.14263412773570872,0.31342560052871704,0.039194852113723755,0.1478184312582016,-0.06557769328355789,0.12739892303943634,0.0,0.0,82.37795848970973,78.98342012964474,2.037396427372954,-2.037396427372954,94.28571428571428,80.0,84.0,32
65.60595909489638,68.5150941677676,0.14094658790566297,0.3033917546272278,0.03950800001621246,0.14217866957187653,-0.06563550978899002,0.126554936170578,0.0,0.0,86.72018504415226,81.56080279534574,4.342226554442533,-4.342226554442533,94.28571428571428,80.0,84.0,32
54.69290820876283,59.41272723286015,0.1417091831676582,0.2831035256385803,0.04213204234838486,0.12125642597675323,-0.06569583714008331,0.12559284269809723,0.0,0.0,82.58569899856383,86.47614745360977,5.925964127304809,4.134486045588432,94.28571428571428,80.0,84.0,32
57.13095198218793,62.28010134326994,0.13801934608380234,0.2859232425689697,0.04210925102233887,0.11702626943588257,-0.06610909849405289,0.12448370456695557,0.0,0.0,85.86177198969862,86.06525139979884,3.2760729911347966,-3.2760729911347966,94.28571428571428,80.0,84.0,32
52.89077148179235,58.695906679007805,0.1381233296791176,0.27830082178115845,0.042110785841941833,0.1131950169801712,-0.06638983637094498,0.12330375611782074,0.0,0.0,81.80318976755714,84.69058097042205,4.058582222141482,4.058582222141482,94.28571428571428,80.0,84.0,32
50.564777491024685,56.726342290818586,0.13522950112175092,0.27513545751571655,0.042098499834537506,0.10554267466068268,-0.06676451116800308,0.11971068382263184,0.0,0.0,80.21086030277176,82.59978577247452,2.3124607270987525,1.5923294647853794,94.28571428571428,80.0,84.0,32
51.711370298202816,59.886279858533946,0.13581173055326365,0.2765611410140991,0.040259964764118195,0.09877261519432068,-0.06872434914112091,0.11690452694892883,0.0,0.0,82.1582596188756,80.55696896544269,1.5137218149181138,-1.9473993161038408,94.28571428571428,80.0,84.0,32
58.834175828580136,66.2202115127966,0.13582658214947096,0.2892953157424927,0.04022599756717682,0.10535302758216858,-0.06880572438240051,0.11726202070713043,0.0,0.0,89.27073363301776,83.78383658213826,6.208918360315522,-7.112474014142151,94.28571428571428,80.0,84.0,32
66.65176131354326,73.24707317097065,0.13345489863859328,0.3036081790924072,0.040608055889606476,0.11704251170158386,-0.06829917430877686,0.11664099991321564,0.0,0.0,82.97097546108459,85.94548819626064,5.507452957153362,6.2997581719331635,94.28571428571428,80.0,84.0,32
76.68694308724406,83.5792027196484,0.13142316827114597,0.32233405113220215,0.040794737637043,0.1307794600725174,-0.06702656298875809,0.1151692122220993,0.0,0.0,73.44202489113913,81.80634446524368,8.891924199373918,9.528950569945465,94.28571428571428,80.0,84.0,32
86.35874625595721,91.6632261872284,0.13631572016741722,0.3431304097175598,0.04127679765224457,0.1488281637430191,-0.06574509292840958,0.11657294631004333,0.0,0.0,65.12203126715167,73.42346642533542,7.673829185386182,8.319993623987457,94.28571428571428,80.0,84.0,32
85.76103158805893,90.52145980023897,0.13866327082471558,0.3419557213783264,0.04196332395076752,0.1586858481168747,-0.06499824672937393,0.11852468550205231,0.0,0.0,66.66500068373037,69.50622932363976,1.5429694165786998,-1.5429694165786998,94.28571428571428,80.0,84.0,32
91.29329611102162,96.02456173980973,0.14108801194821044,0.3551682233810425,0.04167850315570831,0.1677819788455963,-0.0647042766213417,0.12143246829509735,0.0,0.0,61.603317894113744,66.54655257438341,5.061682789616626,5.061682789616626,94.28571428571428,80.0,84.0,32
94.60660648040397,99.58641048744182,0.14711588354243862,0.3661441206932068,0.04021923989057541,0.18203836679458618,-0.0642758160829544,0.12687966227531433,0.0,0.0,59.38095568881457,62.20159545557998,1.7761518668466465,2.22236220529917,94.28571428571428,80.0,84.0,32
100.4139691041209,105.28833216935948,0.15455129165004647,0.3843977451324463,0.03784458339214325,0.19659669697284698,-0.06459188461303711,0.13392138481140137,0.0,0.0,54.740874965382375,58.575295121911026,4.281367312403532,4.640080723432199,94.28571428571428,80.0,84.0,32
106.75522879388399,111.7670200025889,0.1601787405950417,0.40270859003067017,0.03520897030830383,0.21349097788333893,-0.06497680395841599,0.14174257218837738,0.0,0.0,49.392314370382124,54.483129704163346,5.384772832720863,5.348560595000251,94.28571428571428,80.0,84.0,32
108.97139425978105,113.37848845755754,0.1611117193629046,0.4071725010871887,0.033612415194511414,0.2228766530752182,-0.06489401310682297,0.14454922080039978,0.0,0.0,47.44396161756685,51.58855953910859,1.9483527528152749,1.9483527528152749,94.28571428571428,80.0,84.0,32
113.62036225185864,117.63943435379092,0.16548461779063803,0.42291998863220215,0.03226117789745331,0.23272506892681122,-0.06455658376216888,0.14768248796463013,0.0,0.0,43.78236388994983,48.84893177025045,3.6615977276170213,3.6615977276170213,94.28571428571428,80.0,84.0,32
115.97597678953986,118.54934189874955,0.16483339534320657,0.43120241165161133,0.03120126575231552,0.2433914989233017,-0.06387966871261597,0.14984406530857086,0.0,0.0,41.66801360116187,45.57166336976516,2.1143502887879606,2.1143502887879606,94.28571428571428,80.0,84.0,32
119.8882924666269,122.2071465956499,0.16966592304723238,0.4455241560935974,0.030543208122253418,0.25365373492240906,-0.06298507750034332,0.15278100967407227,0.0,0.0,38.969722864893555,42.96601549339303,2.698290736268312,2.698290736268312,94.28571428571428,80.0,84.0,32
126.59587498368614,128.76253677589722,0.16660109597300624,0.46088463068008423,0.0292152538895607,0.2707238644361496,-0.06048189848661423,0.15596620738506317,0.0,0.0,33.180258199501864,38.12258146881081,5.492073010184086,5.789464665391691,94.28571428571428,80.0,84.0,32
131.7609383367028,133.54165616039717,0.16837975025883006,0.4784979224205017,0.026897870004177094,0.2852346897125244,-0.05764184892177582,0.15730273723602295,0.0,0.0,29.18291814984086,33.61146569867758,4.227437085840762,3.9973400496610054,94.28571428571428,80.0,84.0,32
138.917185592028,138.55339854721797,0.17178634264501616,0.49879616498947144,0.02450733631849289,0.30231302976608276,-0.05362138897180557,0.16052886843681335,0.0,0.0,24.666802017393863,28.972684660411808,3.9638612213370195,4.516116132446996,94.28571428571428,80.0,84.0,32
144.64141105250317,143.08493177879103,0.18104413218434082,0.5158630013465881,0.022681772708892822,0.32026252150535583,-0.04809269309043884,0.16756224632263184,0.0,0.0,21.639698542672704,24.941510401003924,3.189179262545551,3.0271034747211587,94.28571428571428,80.0,84.0,32
148.75487218693183,147.33275518744048,0.18821289143457276,0.5331492125988007,0.020852550864219666,0.3388293832540512,-0.04349684715270996,0.17738299071788788,0.0,0.0,18.928154458602165,21.79733735604986,2.864464159104145,2.711544084070539,94.28571428571428,80.0,84.0,32
150.870423011933,149.95040446870792,0.18779687002199896,0.5409695506095886,0.01898779720067978,0.34920352697372437,-0.041468456387519836,0.1812165081501007,0.0,0.0,17.029307682881793,19.847444825465743,1.8988467757203722,1.8988467757203722,94.28571428571428,80.0,84.0,32
154.31924521802028,153.6815298893155,0.19236495186573177,0.5489726066589355,0.016562506556510925,0.3580154478549957,-0.039882779121398926,0.18445980548858643,0.0,0.0,14.714592525594725,18.11616832119625,2.3147151572870683,2.3147151572870683,94.28571428571428,80.0,84.0,32
160.62404768863445,159.7091859307883,0.19509282879438206,0.5562950670719147,0.011794179677963257,0.3744635358452797,-0.03481139987707138,0.18896016478538513,0.0,0.0,10.793661330526646,14.145147831769247,3.2493684575471775,3.9209311950680785,94.28571428571428,80.0,84.0,32
164.55596766934144,163.2533706371702,0.19180432500374306,0.5529355704784393,0.008123107254505157,0.38177578151226044,-0.02911599725484848,0.19151662290096283,0.0,0.0,8.40026048463264,11.07190095781921,2.6503917434110917,2.393400845894007,94.28571428571428,80.0,84.0,32
167.0105398932951,165.6542259950064,0.1932363171779929,0.5661438405513763,0.004576541483402252,0.3845042958855629,-0.024654977023601532,0.19122280180454254,0.0,0.0,6.6560416420265085,8.616363460996528,1.7024578472567242,1.7442188426061307,94.28571428571428,80.0,84.0,32
172.601890781817,170.44110416475343,0.19078690159115744,0.571638286113739,0.0010237544775009155,0.3903849646449089,-0.020105630159378052,0.1909663826227188,0.0,0.0,3.1533660359115316,6.084195050517412,3.015506998936843,3.502675606114977,94.28571428571428,80.0,84.0,32
176.31607244175038,173.16272230310202,0.18847064134976202,0.5716350674629211,-0.0020777657628059387,0.39378825575113297,-0.014344640076160431,0.18994927406311035,0.0,0.0,1.1718581296646278,3.4543342294456103,2.1513815876932796,1.9815079062469039,94.28571428571428,80.0,84.0,32
177.2153234992945,179.60809983347787,0.22900863970925203,0.4844256639480591,,,,,0.0,0.0,-1.2983053471148196,,4.494463755240858,,93.33333333333333,80.0,60.97560975609756,33
164.35039063454636,160.99268298300598,0.231394395792196,0.4782630205154419,0.020153552293777466,0.44848915934562683,-0.015048474073410034,0.23228344321250916,0.0,0.0,11.098847356351726,9.2472560614951,1.5392020124676264,-12.397152703466546,93.33333333333333,80.0,60.97560975609756,33
161.50149521665062,158.24234948166156,0.23030596585456178,0.47149693965911865,0.02392175793647766,0.4441688805818558,-0.018880099058151245,0.2301856428384781,0.0,0.0,12.940890839001625,11.318026256875662,1.2681693507364287,-1.842043482649899,93.33333333333333,80.0,60.97560975609756,33
158.07335201036162,155.4938303933548,0.2285998997955691,0.4623149633407593,0.027210906147956848,0.4376378655433655,-0.022944584488868713,0.22849826514720917,0.0,0.0,15.340874430534143,13.501078203705543,1.291048373512936,-2.399983591532518,93.33333333333333,80.0,60.97560975609756,33
151.69800276627493,149.55743857752503,0.2207228458205854,0.44128555059432983,0.032653361558914185,0.4195864647626877,-0.03015705943107605,0.222230464220047,0.0,0.0,19.59674097782215,17.67802546421734,1.5927102539199325,-4.255866547288008,93.33333333333333,80.0,60.97560975609756,33
148.99433553662146,147.2442981482088,0.2182904256972229,0.4341554641723633,0.03397904336452484,0.4121120423078537,-0.03211914002895355,0.21976317465305328,0.0,0.0,21.59314603641569,19.007298253722816,1.9964050585935382,-1.9964050585935382,93.33333333333333,80.0,60.97560975609756,33
145.73926533096002,143.26078520517945,0.21889976393646401,0.42139482498168945,0.03652089834213257,0.39640818536281586,-0.03629353642463684,0.21605631709098816,0.0,0.0,24.111912193658924,22.03039525333048,1.2921303882337725,-2.5187661572432347,93.33333333333333,80.0,60.97560975609756,33
135.59728025672106,132.15330637084085,0.2076998994575009,0.38568663597106934,0.0419527143239975,0.3659599721431732,-0.04632490873336792,0.20617885887622833,0.0,0.0,30.600043016533846,28.92773335796514,1.5127392762649663,-6.488130822874922,93.33333333333333,80.0,60.97560975609756,33
131.8903993253171,128.80557306092626,0.20480382799537103,0.3756450414657593,0.041852131485939026,0.3549204617738724,-0.05067510902881622,0.20057380199432373,0.0,0.0,32.7135255530575,30.956995424183763,1.2864161661826756,-2.113482536523655,93.33333333333333,80.0,60.97560975609756,33
129.56586614052782,127.11761290924518,0.20373112433135204,0.3676964044570923,0.04194328188896179,0.3484038859605789,-0.05282817780971527,0.19839850068092346,0.0,0.0,34.475542094516186,32.30405501274559,1.762016541458685,-1.762016541458685,93.33333333333333,80.0,60.97560975609756,33
127.11176707409157,125.59168384899354,0.2018659050973389,0.3602485656738281,0.041863396763801575,0.34213583171367645,-0.05511943995952606,0.1962573081254959,0.0,0.0,35.977854495119274,33.64850788239195,1.5023124006030883,-1.5023124006030883,93.33333333333333,80.0,60.97560975609756,33
123.4744665766305,121.59091267592392,0.1949661984217115,0.34733718633651733,0.04215654730796814,0.3270532786846161,-0.05862237513065338,0.190883070230484,0.0,0.0,38.52086456193269,36.532325493649836,1.36582373890149,-2.543010066813416,93.33333333333333,80.0,60.97560975609756,33
117.13572200641482,118.68927070140508,0.18635049558220226,0.32136720418930054,0.040069013833999634,0.3019874095916748,-0.06315188109874725,0.18007628619670868,0.0,0.0,42.24067855652125,40.28311182847131,1.5505379673806274,-3.719813994588563,93.33333333333333,80.0,60.97560975609756,33
115.26017516338649,117.07410056475639,0.18405040926569535,0.31345421075820923,0.03893008828163147,0.29368773102760315,-0.06469205021858215,0.17663311958312988,0.0,0.0,43.58439256040499,41.548993828089394,1.3437140038837398,-1.3437140038837398,93.33333333333333,80.0,60.97560975609756,33
112.45440391538727,114.76613980933041,0.18058627450703232,0.30405789613723755,0.037813857197761536,0.28459979593753815,-0.06610415875911713,0.1728375405073166,0.0,0.0,45.366253318852536,42.97036625622985,1.781860758447543,-1.781860758447543,93.33333333333333,80.0,60.97560975609756,33
108.23643170600806,113.62508627421934,0.17623029809966062,0.29008948802948,0.03450419008731842,0.2674029469490051,-0.06919392943382263,0.1659756451845169,0.0,0.0,47.58161490933213,45.672403601587895,1.4242612915702253,-2.2153615904795956,93.33333333333333,80.0,60.97560975609756,33
106.20445570429337,111.30478851859866,0.17400454467625293,0.28387510776519775,0.0332716703414917,0.25952982902526855,-0.07078470289707184,0.16257646679878235,0.0,0.0,49.068003788931435,47.0433064087195,1.4863888795993034,-1.4863888795993034,93.33333333333333,80.0,60.97560975609756,33
99.86647689078472,104.77943580343857,0.16872230456334442,0.2640222907066345,0.03363242745399475,0.24181760847568512,-0.07420901954174042,0.1543823629617691,0.0,0.0,53.61927184353338,50.98242706880968,2.660282855533737,-4.551268054601948,93.33333333333333,80.0,60.97560975609756,33
97.7929649051132,102.96621443869144,0.16603758423990903,0.2568761110305786,0.034155264496803284,0.2356230467557907,-0.07491578161716461,0.1518252044916153,0.0,0.0,55.11625235269609,52.49448920975084,1.4969805091627038,-1.4969805091627038,93.33333333333333,80.0,60.97560975609756,33
95.49463619510885,100.43194753016876,0.1652606954048033,0.25114375352859497,0.03472380340099335,0.2290952354669571,-0.07553210854530334,0.14937210083007812,0.0,0.0,56.98362176632418,54.16953373763832,1.86736941362809,-1.86736941362809,93.33333333333333,80.0,60.97560975609756,33
91.5541860724694,95.19363550956584,0.16273710760829624,0.23977398872375488,0.03579118847846985,0.21639850735664368,-0.07615359127521515,0.14553774893283844,0.0,0.0,60.517181692797394,57.69356181477597,2.3599902455111916,-3.5335599264732167,93.33333333333333,80.0,60.97560975609756,33
88.98867083897983,92.46131107278663,0.1632276908950127,0.23326349258422852,0.03608429431915283,0.2106630504131317,-0.0765208899974823,0.144552543759346,0.0,0.0,62.83139274373839,59.62234691253654,2.3142110509409974,-2.3142110509409974,93.33333333333333,80.0,60.97560975609756,33
85.49940733210377,88.1470274120787,0.1594119535013439,0.22329437732696533,0.0364360511302948,0.20308902859687805,-0.07602553069591522,0.14316129684448242,0.0,0.0,66.6861778137735,62.04798592439887,3.8547850700351063,-3.8547850700351063,93.33333333333333,80.0,60.97560975609756,33
82.56366643725102,84.1386325457836,0.16014373729677217,0.21903234720230103,0.036987364292144775,0.195899099111557,-0.07605955004692078,0.1423300802707672,0.0,0.0,68.88065238267033,64.72885115824491,2.194474568896837,-2.194474568896837,93.33333333333333,80.0,60.97560975609756,33
79.42597319185666,81.75007745876107,0.1622393051345326,0.2126181721687317,0.03729373216629028,0.18905335664749146,-0.07650113105773926,0.14195063710212708,0.0,0.0,71.84318002453853,67.56035074118019,2.962527641868192,-2.962527641868192,93.33333333333333,80.0,60.97560975609756,33
77.94431318269227,78.48558877572897,0.16072459751483129,0.20940887928009033,0.038342759013175964,0.1825108677148819,-0.07642218470573425,0.14128215610980988,0.0,0.0,73.52483067499388,70.23371022399405,1.681650650455353,-1.681650650455353,93.33333333333333,80.0,60.97560975609756,33
74.50033137857298,66.08495892445313,0.15153195549997908,0.20451843738555908,0.042067378759384155,0.17140606045722961,-0.07582142949104309,0.13748878240585327,0.0,0.0,76.23592927628928,73.9398371863567,2.0805205066841808,-2.7110986012954044,93.33333333333333,80.0,60.97560975609756,33
72.0644676210847,74.6912699184322,0.15751984138812505,0.206498384475708,0.045881375670433044,0.16669295728206635,-0.07472853362560272,0.13673721253871918,0.0,0.0,80.0734249527024,75.99739841839767,3.8374956764131127,-3.8374956764131127,93.33333333333333,80.0,60.97560975609756,33
71.0107730466907,69.48844671928721,0.15924280071161556,0.20567524433135986,0.05026482045650482,0.16217659413814545,-0.07249939441680908,0.13745176792144775,0.0,0.0,83.76999425815141,78.55868931418705,3.6965693054490174,-3.6965693054490174,93.33333333333333,80.0,60.97560975609756,33
66.35017190559898,65.75553529321886,0.1561087545364117,0.1945357322692871,0.05581972002983093,0.15464875102043152,-0.06962086260318756,0.14135532081127167,0.0,0.0,87.42329482866187,83.99348399744994,2.7160728783777586,-3.653300570510453,93.33333333333333,80.0,60.97560975609756,33
58.68123354783236,57.09848667871552,0.15332794537853356,0.17551547288894653,0.05437515676021576,0.14609982073307037,-0.06816823780536652,0.14092057943344116,0.0,0.0,84.92724699832107,85.20693950885462,2.4960478303407996,2.4960478303407996,93.33333333333333,80.0,60.97560975609756,33
55.531109573506924,51.669733461716824,0.15096699123678659,0.16859841346740723,0.05058971047401428,0.12905174493789673,-0.06684732437133789,0.13785316050052643,0.0,0.0,81.26145892092887,84.34346371348607,2.5003951851036277,3.665788077392193,93.33333333333333,80.0,60.97560975609756,33
53.51879973865801,49.80477051139107,0.1473062141922313,0.1667352318763733,0.04978083074092865,0.12037622928619385,-0.06545260548591614,0.13608373701572418,0.0,0.0,79.0153313484504,82.24147284343321,2.2461275724784713,2.2461275724784713,93.33333333333333,80.0,60.97560975609756,33
49.40745966395286,44.641034643760804,0.14461177336275854,0.1550281047821045,0.05018197000026703,0.11362539231777191,-0.06376056373119354,0.13447843492031097,0.0,0.0,74.37332397052892,79.60299208648517,4.642007377921487,4.642007377921487,93.33333333333333,80.0,60.97560975609756,33
49.5064455993845,42.09930526113284,0.14441760752651983,0.15485864877700806,0.051556333899497986,0.10671491920948029,-0.06169196963310242,0.13321110606193542,0.0,0.0,72.65857835029934,76.82717314755189,1.7147456202295785,1.7147456202295785,93.33333333333333,80.0,60.97560975609756,33
52.873604507224115,33.43115593664229,0.12890132797719658,0.15515553951263428,0.05364641547203064,0.09646905958652496,-0.0455404669046402,0.1289014220237732,0.0,0.0,65.93576033328904,71.6830325604163,7.8287072542588305,6.722818017010297,93.33333333333333,80.0,60.97560975609756,33
48.11762336789658,21.284470093790986,0.08764616834594735,0.15437579154968262,0.05262216925621033,0.07887706160545349,-0.026683926582336426,0.1134030669927597,0.0,0.0,59.46492316764328,66.07531171077113,5.671172586961035,6.4708371656457615,93.33333333333333,80.0,60.97560975609756,33
46.456193878468845,14.43779828922712,0.09260568805740103,0.15041351318359375,0.051413655281066895,0.0659179836511612,-0.02255578339099884,0.10453926026821136,0.0,0.0,58.10476784074999,62.160386774071654,1.3601553268932847,1.3601553268932847,93.33333333333333,80.0,60.97560975609756,33
42.27623860078856,1.3226291518685043,0.1068744824444243,0.15167635679244995,0.047784432768821716,0.058974117040634155,-0.017982512712478638,0.09972858428955078,0.0,0.0,48.097417158432535,57.70080098035753,10.007350682317458,10.007350682317458,93.33333333333333,80.0,60.97560975609756,33
42.27263812171427,3.7873001700545177,0.12643249368270293,0.15958625078201294,0.04423058032989502,0.0606059730052948,-0.023361727595329285,0.10796691477298737,0.0,0.0,57.52619562754522,54.639905444191704,9.428778469112686,-9.428778469112686,93.33333333333333,80.0,60.97560975609756,33
45.03736192812457,3.6405402087978143,0.11260046664994676,0.17006587982177734,0.04285453259944916,0.06530122458934784,-0.027452170848846436,0.1120431125164032,0.0,0.0,63.17875863881234,55.90840314370729,5.6525630112671195,-5.6525630112671195,93.33333333333333,80.0,60.97560975609756,33
63.27275601112276,15.527294181656929,0.12225705378598575,0.2046249508857727,0.04395166039466858,0.07635997235774994,-0.03498031198978424,0.11426082253456116,0.0,0.0,82.84335048440556,64.59488647520055,19.664591845593222,-19.664591845593222,93.33333333333333,80.0,60.97560975609756,33
60.201965184439,22.57622967949213,0.1490573859304572,0.19519108533859253,0.0467238575220108,0.09253357350826263,-0.04410851001739502,0.11931160092353821,0.0,0.0,86.98142953677045,72.6324335718834,4.138079052364887,-4.138079052364887,93.33333333333333,80.0,60.97560975609756,33
64.64180833092632,10.694938716775477,0.13707992634119986,0.18999159336090088,0.04934062063694,0.10670863091945648,-0.052861496806144714,0.11853379011154175,0.0,0.0,85.48588700274361,79.62235641568299,1.4955425340268391,1.4955425340268391,93.33333333333333,80.0,60.97560975609756,33
71.84518236513236,9.400671083297452,0.12340120093668741,0.18648523092269897,0.051081299781799316,0.12241044640541077,-0.05928416550159454,0.11863589286804199,0.0,0.0,78.66300761999562,83.49341866097882,6.822879382747985,6.822879382747985,93.33333333333333,80.0,60.97560975609756,33
73.17288035312191,1.3626104511231605,0.13027453776585007,0.2001076340675354,0.05255715548992157,0.13132832944393158,-0.06536376476287842,0.1180233359336853,0.0,0.0,76.75938340093647,81.97242689011154,1.9036242190591537,1.9036242190591537,93.33333333333333,80.0,60.97560975609756,33
91.27279291527213,21.118293096205203,0.15554545962059285,0.26224541664123535,0.050774455070495605,0.1498774290084839,-0.06621856987476349,0.11940853297710419,0.0,0.0,61.74291694996115,75.66279874340921,15.016466450975322,15.016466450975322,93.33333333333333,80.0,60.97560975609756,33
71.99694909863979,8.783812927469638,0.1226925020478505,0.2849607467651367,0.04659298062324524,0.15086044371128082,-0.06630469858646393,0.115119069814682,0.0,0.0,73.99688175470195,72.7905474313988,12.253964804740797,-12.253964804740797,93.33333333333333,80.0,60.97560975609756,33
89.78398482204017,21.68336107980669,0.1283444536127657,0.30263906717300415,0.044292956590652466,0.16254635155200958,-0.06806115806102753,0.11551351845264435,0.0,0.0,58.340193097303455,67.70984380072576,15.65668865739849,15.65668865739849,93.33333333333333,80.0,60.97560975609756,33
86.13733125191578,4.587663495413003,0.15634531066198054,0.31413787603378296,0.041691720485687256,0.17376963794231415,-0.06890672445297241,0.12244397401809692,0.0,0.0,67.81552714335197,65.47387973632962,9.475334046048516,-9.475334046048516,93.33333333333333,80.0,60.97560975609756,33
92.42863237580184,3.041519338264474,0.12575064527842703,0.3291042447090149,0.03800992667675018,0.16564181447029114,-0.06700041890144348,0.1150057315826416,0.0,0.0,57.53052572041568,64.42078192894326,10.28500142293629,10.28500142293629,93.33333333333333,80.0,60.97560975609756,33
110.56418432754538,0.5647274082789293,0.1486927074927337,0.3352102041244507,0.03762584924697876,0.18597479164600372,-0.06232742965221405,0.1245933473110199,0.0,0.0,49.8159482680256,58.37554855727418,7.714577452390081,7.714577452390081,93.33333333333333,80.0,60.97560975609756,33
120.93780070747778,1.2529481868226793,0.14099132981781576,0.3484379053115845,0.039045900106430054,0.19892102479934692,-0.05514807999134064,0.13121427595615387,0.0,0.0,42.979208966658035,54.535302524612824,6.836739301367565,6.836739301367565,93.33333333333333,80.0,60.97560975609756,33
122.3748570815238,5.730119107603495,0.15631828926894703,0.3533967137336731,0.042220503091812134,0.21805152297019958,-0.049068450927734375,0.13357271254062653,0.0,0.0,41.149010999776465,47.86867348871895,1.8301979668815704,1.8301979668815704,93.33333333333333,80.0,60.97560975609756,33
122.677962728323,13.35613343237497,0.1531595697345135,0.3690221905708313,0.04742443561553955,0.24569843709468842,-0.04632662236690521,0.1423749029636383,0.0,0.0,37.48041633013305,42.85614614114829,3.6685946696434115,3.6685946696434115,93.33333333333333,80.0,60.97560975609756,33
129.45436818875407,6.88732532171717,0.18582689690043874,0.39282482862472534,0.05097566545009613,0.2986758202314377,-0.0521494597196579,0.16062918305397034,0.0,0.0,33.00434832381582,37.02689438855561,3.469453576681289,4.4760680063172344,93.33333333333333,80.0,60.97560975609756,33
133.89581947201253,128.32489176347397,0.20432091974408836,0.37314319610595703,0.044780582189559937,0.3331232815980911,-0.05348791182041168,0.18639715015888214,0.0,0.0,31.90092311653084,33.80075341458601,1.9230172009694328,1.1034252072849782,93.33333333333333,80.0,60.97560975609756,33
136.28899675192346,129.96221948821622,0.20036677115570176,0.38092440366744995,0.04200205206871033,0.3408489376306534,-0.05140624940395355,0.1921926587820053,0.0,0.0,29.866793062298186,32.149001205036285,2.034130054232655,2.034130054232655,93.33333333333333,80.0,60.97560975609756,33
139.8831031937414,132.2051860214755,0.2016466956536829,0.3947468400001526,0.039979949593544006,0.34652194380760193,-0.04853324592113495,0.1970641314983368,0.0,0.0,27.3634049948052,30.738765372783625,2.5033880674929847,2.5033880674929847,93.33333333333333,80.0,60.97560975609756,33
143.27621231930624,134.44333369947182,0.20481823106065078,0.40605688095092773,0.040440455079078674,0.3558477312326431,-0.0456593781709671,0.1975395828485489,0.0,0.0,25.44881148460253,28.644983164559186,1.9145935102026712,1.9145935102026712,93.33333333333333,80.0,60.97560975609756,33
149.28989372250075,137.12340911054585,0.21510348889897496,0.4275091886520386,0.041822969913482666,0.38032566010951996,-0.03556084632873535,0.20725196599960327,0.0,0.0,22.38090566850643,24.09692656629494,1.363895683763758,3.0679058160961006,93.33333333333333,80.0,60.97560975609756,33
151.29715868912544,138.72810780410563,0.21595853074043678,0.4353899359703064,0.04188176989555359,0.38636910915374756,-0.03269295394420624,0.21055060625076294,0.0,0.0,21.09958822014491,23.00962075018053,1.28131744836152,1.28131744836152,93.33333333333333,80.0,60.97560975609756,33
153.69607903765612,141.00800130842177,0.21608798378554606,0.4431667923927307,0.04167155921459198,0.39362458884716034,-0.029934421181678772,0.2128266543149948,0.0,0.0,19.36946457309955,21.64868995350527,1.7301236470453603,1.7301236470453603,93.33333333333333,80.0,60.97560975609756,33
156.06330496365175,143.11193888851776,0.2165478167144664,0.4518532156944275,0.04128663241863251,0.4016329348087311,-0.027299880981445312,0.21417102217674255,0.0,0.0,17.73953719256589,20.147373913579194,1.6299273805336583,1.6299273805336583,93.33333333333333,80.0,60.97560975609756,33
158.11936070279805,145.9249312799664,0.2194554882248834,0.4629119634628296,0.04040102660655975,0.409738153219223,-0.024835944175720215,0.21556711196899414,0.0,0.0,16.309719075791023,18.629577265400343,1.429818116774868,1.429818116774868,93.33333333333333,80.0,60.97560975609756,33
161.7724858179965,149.59901237253447,0.21748956861916457,0.470064640045166,0.036893367767333984,0.4221799969673157,-0.020702451467514038,0.21667638421058655,0.0,0.0,13.484452348237056,15.675607240937392,1.6842679989185427,2.8252667275539665,93.33333333333333,80.0,60.97560975609756,33
163.98243096338052,151.79418959970195,0.21988010727331272,0.4744521975517273,0.03378172218799591,0.42607367038726807,-0.018907785415649414,0.21767646074295044,0.0,0.0,11.792993059641844,14.18897120770638,1.6914592885952118,1.6914592885952118,93.33333333333333,80.0,60.97560975609756,33
165.80730637503132,154.07240897129395,0.2208946178151896,0.4785141348838806,0.030340418219566345,0.4281870275735855,-0.01714220643043518,0.21818047761917114,0.0,0.0,10.496048110768328,12.735553466450707,1.2969449488735165,1.2969449488735165,93.33333333333333,80.0,60.97560975609756,33
167.78514274073248,156.97672654921251,0.2209404554996204,0.4796246290206909,0.026021674275398254,0.43002672493457794,-0.015449926257133484,0.2192494124174118,0.0,0.0,8.743871860693147,11.129341344835094,1.7521762500751805,1.7521762500751805,93.33333333333333,80.0,60.97560975609756,33
171.9968515424196,163.7783504030613,0.22280725681688646,0.4778655171394348,0.014188960194587708,0.433131143450737,-0.012315317988395691,0.22206366062164307,0.0,0.0,5.130139833659712,7.147097149849479,1.7646599282533373,3.6137320270334357,93.33333333333333,80.0,60.97560975609756,33
149.52964611498322,115.36038367000933,0.2140926439115148,0.41576582193374634,0.07543932646512985,0.367663636803627,-0.004413589835166931,0.21404902637004852,0.0,0.0,28.94516439790636,27.48034562441778,1.3623311181140636,,75.0,0.0,91.66666666666666,34
145.61283913819844,109.47977321052089,0.2165949870202337,0.4059990644454956,0.07837361097335815,0.3596417307853699,-0.006706312298774719,0.21620026230812073,0.0,0.0,32.42260962788228,30.687312081263116,1.4557646248069815,-3.4774452299759204,75.0,0.0,91.66666666666666,34
144.0415799072669,106.60293148084041,0.2131504870780178,0.39790040254592896,0.08100734651088715,0.35270166397094727,-0.0068208277225494385,0.2151293009519577,0.0,0.0,34.1923090450028,32.573613004748026,1.4796207019710792,-1.7696994171205205,75.0,0.0,91.66666666666666,34
142.61257652075162,105.68859343546958,0.2131880499789311,0.39442670345306396,0.08238742500543594,0.3481244146823883,-0.006851509213447571,0.21427258849143982,0.0,0.0,35.52522010985531,33.713206781443034,1.3329110648525102,-1.3329110648525102,75.0,0.0,91.66666666666666,34
142.56446291841831,105.630777083998,0.2156765819386417,0.3876833915710449,0.08157891780138016,0.334043025970459,-0.007905915379524231,0.21758294105529785,0.0,0.0,35.51925735179288,37.54952826374943,1.8816388386424663,0.005962758062430851,75.0,0.0,91.66666666666666,34
144.68568322473007,107.11512855179541,0.21440691862886366,0.393523633480072,0.08047499507665634,0.3363063335418701,-0.007299542427062988,0.21642930805683136,0.0,0.0,33.667809658186464,36.24560644083539,1.851447693606417,1.851447693606417,75.0,0.0,91.66666666666666,34
146.68780133806172,110.86992908770075,0.21455015363730598,0.400265634059906,0.07947015017271042,0.3402983844280243,-0.006539881229400635,0.21549610793590546,0.0,0.0,31.933358417795105,34.63033040455245,1.7344512403913583,1.7344512403913583,75.0,0.0,91.66666666666666,34
150.0486572321613,116.39660067218239,0.214559162897766,0.4133763909339905,0.07858473807573318,0.3514198660850525,-0.0047049373388290405,0.214556023478508,0.0,0.0,28.98930228548471,31.384183955426646,1.956963174755586,2.9440561323103935,75.0,0.0,91.66666666666666,34
151.79629902864826,118.28617919642812,0.21475676054679188,0.42143046855926514,0.0782853364944458,0.35862329602241516,-0.003951236605644226,0.21465985476970673,0.0,0.0,27.364403095422347,29.808332314735615,1.624899190062365,1.624899190062365,75.0,0.0,91.66666666666666,34
155.80833957609593,121.32421321291812,0.21451307313366638,0.44439637660980225,0.07648852467536926,0.3797420561313629,-0.0025066733360290527,0.21438449621200562,0.0,0.0,23.677048423979343,25.581110757839497,1.449165349510352,3.6873546714430034,75.0,0.0,91.66666666666666,34
164.2055696049656,135.67879517465667,0.21976953347895922,0.4708636403083801,0.06363251805305481,0.4143470376729965,-0.00045099854469299316,0.2178604006767273,0.0,0.0,16.013428198844764,18.07736333511339,1.7027530615848008,7.663620225134579,75.0,0.0,91.66666666666666,34
165.8065845009286,138.73515986842972,0.21986356315710293,0.4748436212539673,0.0602010041475296,0.4185151606798172,7.891654968261719e-05,0.21868745982646942,0.0,0.0,14.406417140829902,16.761754638044604,1.6070110580148622,1.6070110580148622,75.0,0.0,91.66666666666666,34
168.491827874068,145.44812198974844,0.21953911328934514,0.4882084131240845,0.04716870188713074,0.4332912266254425,-0.00022241473197937012,0.2192537635564804,0.0,0.0,11.170081590095705,12.491624588702603,1.283409570934083,3.2363355507341964,75.0,0.0,91.66666666666666,34
170.67445392434075,151.6009668103522,0.22024602708023677,0.49348509311676025,0.03881193697452545,0.4381337910890579,-0.0018319934606552124,0.21953991055488586,0.0,0.0,8.482309308458397,10.54389191605447,1.5873762961755915,2.687772281637308,75.0,0.0,91.66666666666666,34
173.34102824508082,158.24617184125407,0.22635247241161077,0.49640750885009766,0.026565372943878174,0.4425894469022751,-0.0037484318017959595,0.22260288894176483,0.0,0.0,5.401659037353397,7.8316217415489575,1.9711739783966493,3.080650271105,75.0,0.0,91.66666666666666,34
172.35504849569648,171.45353146610898,0.2312960146975905,0.487560510635376,-0.0034402012825012207,0.45334021747112274,-0.013280808925628662,0.23008714616298676,0.0,0.0,4.308825723090109,2.533897869503253,1.2704457492301202,,97.22222222222221,80.0,91.17647058823529,35
170.806579095666,169.67977853032932,0.23134230669346423,0.48413312435150146,0.0006811320781707764,0.45143020153045654,-0.01360522210597992,0.23038475215435028,0.0,0.0,5.656023977118878,3.715724590558054,1.3471982540287684,-1.3471982540287684,97.22222222222221,80.0,91.17647058823529,35
169.18478740682838,167.54038934037482,0.23173569271582523,0.481151282787323,0.004988536238670349,0.4490451365709305,-0.014074578881263733,0.23077286779880524,0.0,0.0,7.049579888402391,5.013202390617842,1.3935559112835136,-1.3935559112835136,97.22222222222221,80.0,91.17647058823529,35
167.0449606418542,165.01282300483166,0.2333756754525199,0.4784870743751526,0.009355694055557251,0.44660584628582,-0.014933913946151733,0.23145310580730438,0.0,0.0,8.831208481797518,6.461409517602224,1.7816285933951264,-1.7816285933951264,97.22222222222221,80.0,91.17647058823529,35
165.50150303558175,163.052276743041,0.23377503665019003,0.47644299268722534,0.013753175735473633,0.4445496052503586,-0.015879258513450623,0.23201169073581696,0.0,0.0,10.26899740693895,7.951452438564434,1.437788925141433,-1.437788925141433,97.22222222222221,80.0,91.17647058823529,35
163.88261896565234,161.126989842726,0.2339995935783825,0.47462666034698486,0.017917081713676453,0.44299255311489105,-0.016972526907920837,0.2326001673936844,0.0,0.0,11.546764490724158,9.424137566965754,1.277767083785207,-1.277767083785207,97.22222222222221,80.0,91.17647058823529,35
159.007103818336,155.27299132377678,0.2305649353310236,0.4598454236984253,0.02850191295146942,0.4346971809864044,-0.01997692883014679,0.23096123337745667,0.0,0.0,15.636298293849777,13.403203906354168,1.9294526576736786,-4.089533803125619,97.22222222222221,80.0,91.17647058823529,35
151.6263942729838,149.90901602543275,0.22351466763111685,0.4417540431022644,0.038184866309165955,0.41505561769008636,-0.026268139481544495,0.22406625747680664,0.0,0.0,20.94068729446407,18.669997988681278,1.805758759663064,-5.304389000614293,97.22222222222221,80.0,91.17647058823529,35
147.9486701131012,144.79165385149443,0.22326012683439628,0.4295220375061035,0.042103350162506104,0.40339145064353943,-0.02926023304462433,0.2216566652059555,0.0,0.0,23.843893510869194,21.475483222233947,1.8614699620676731,-2.903206216405124,97.22222222222221,80.0,91.17647058823529,35
144.18000739888848,136.9768354653533,0.21888720125444597,0.4099840521812439,0.04398703575134277,0.38888147473335266,-0.03229305148124695,0.21945105493068695,0.0,0.0,26.54969175510052,24.294049350581744,1.7495031675447663,-2.7057982442313246,97.22222222222221,80.0,91.17647058823529,35
139.06784774619243,132.4886241688901,0.2075222053982139,0.391426146030426,0.0443376749753952,0.3678247630596161,-0.038512274622917175,0.2098606824874878,0.0,0.0,29.16546498560809,27.678256394351845,1.5001111642291605,-2.615773230507571,97.22222222222221,80.0,91.17647058823529,35
137.3795148367594,130.90346358250716,0.2080010041468201,0.3856513500213623,0.044307708740234375,0.36224374175071716,-0.04064130783081055,0.20668908953666687,0.0,0.0,30.47081471946695,28.658537135443453,1.3053497338588613,-1.3053497338588613,97.22222222222221,80.0,91.17647058823529,35
133.49876429366992,127.6963040228649,0.20744882129525574,0.37693363428115845,0.04439912736415863,0.35147640109062195,-0.04484158754348755,0.20270328223705292,0.0,0.0,33.12366744189449,30.974680956728065,1.9848907619517604,-2.6528527224275393,97.22222222222221,80.0,91.17647058823529,35
131.2414990222339,127.05831149656842,0.20667821648594803,0.3713115453720093,0.04481261968612671,0.34714938700199127,-0.046958163380622864,0.20199830830097198,0.0,0.0,34.533916346830694,32.31679379703372,1.4102489049362035,-1.4102489049362035,97.22222222222221,80.0,91.17647058823529,35
127.88746626782435,123.95181337481826,0.20493650468163802,0.3613823652267456,0.04518657922744751,0.3417656868696213,-0.049556851387023926,0.2005745768547058,0.0,0.0,36.78508322380045,33.895360923117096,2.251166876969755,-2.251166876969755,97.22222222222221,80.0,91.17647058823529,35
123.4692614267002,120.51644712387085,0.19976703789270286,0.3427478075027466,0.045148804783821106,0.3268119841814041,-0.054562270641326904,0.195670485496521,0.0,0.0,39.830359592701,37.29348615196053,1.8057741481910128,-3.045276368900552,97.22222222222221,80.0,91.17647058823529,35
121.30227235004753,119.25264186419503,0.19853362459518475,0.3358750343322754,0.04492978751659393,0.31817881762981415,-0.05645547807216644,0.19302579760551453,0.0,0.0,41.60328364062809,39.06082797540988,1.7729240479270914,-1.7729240479270914,97.22222222222221,80.0,91.17647058823529,35
118.83087078356255,117.35081997248679,0.1964484437762465,0.32606571912765503,0.044270992279052734,0.30940140783786774,-0.05790090560913086,0.19038310647010803,0.0,0.0,43.399678219364596,40.71447672430092,1.7963945787365034,-1.7963945787365034,97.22222222222221,80.0,91.17647058823529,35
116.32786840235957,115.81108298472464,0.19180569490487354,0.31660276651382446,0.043237775564193726,0.3001466393470764,-0.059490203857421875,0.18740145862102509,0.0,0.0,44.73642885169407,42.39243757609694,1.3367506323294762,-1.3367506323294762,97.22222222222221,80.0,91.17647058823529,35
112.5248671807773,112.85230164373479,0.191015611687088,0.3066427707672119,0.04220525920391083,0.29084014892578125,-0.06143517792224884,0.18445336818695068,0.0,0.0,47.52136753064217,44.31518956058223,2.7849386789481017,-2.7849386789481017,97.22222222222221,80.0,91.17647058823529,35
110.190447087818,111.42788497472777,0.1884596483871753,0.29922056198120117,0.04080797731876373,0.2814306616783142,-0.06355370581150055,0.18106552958488464,0.0,0.0,49.039057399201866,46.17413300022567,1.5176898685596925,-1.5176898685596925,97.22222222222221,80.0,91.17647058823529,35
107.76068835992345,108.66674709017488,0.18489446534961124,0.2897571921348572,0.03960074484348297,0.2721205800771713,-0.06551098823547363,0.17730186879634857,0.0,0.0,50.73307954435014,48.007483331472066,1.6940221451482742,-1.6940221451482742,97.22222222222221,80.0,91.17647058823529,35
104.50803574617129,105.99033846299464,0.1766399012042713,0.27658748626708984,0.03813457489013672,0.2567578852176666,-0.06821006536483765,0.1690988391637802,0.0,0.0,52.20655753455703,50.51265199923704,2.1346440157178748,-1.473477990206888,97.22222222222221,80.0,91.17647058823529,35
102.92575076819907,104.24516620111517,0.17794268616905937,0.27224355936050415,0.0380871444940567,0.2506822496652603,-0.06916682422161102,0.16587400436401367,0.0,0.0,53.677731332759116,51.67232048262636,1.4711737982020878,-1.4711737982020878,97.22222222222221,80.0,91.17647058823529,35
100.62102095515775,102.26041388184625,0.17700345945128385,0.26387840509414673,0.03842373192310333,0.24547390639781952,-0.07003720104694366,0.16337446868419647,0.0,0.0,55.6372154092217,52.89835444884425,1.9594840764625872,-1.9594840764625872,97.22222222222221,80.0,91.17647058823529,35
97.58073313351485,99.68207529345408,0.17418262468409065,0.2547454237937927,0.03897590935230255,0.2389315813779831,-0.07093153893947601,0.1615510880947113,0.0,0.0,58.012460748994876,54.88349125638318,2.3752453397731728,-2.3752453397731728,97.22222222222221,80.0,91.17647058823529,35
94.10334461246191,96.79275427534375,0.1684027097998101,0.24508827924728394,0.038963645696640015,0.23142209649085999,-0.07185792922973633,0.1588631272315979,0.0,0.0,60.0062045330999,56.8334030060189,1.9937437841050212,-1.9937437841050212,97.22222222222221,80.0,91.17647058823529,35
91.56449542939328,94.39001179780858,0.16732276159803625,0.23774081468582153,0.0381779670715332,0.22233793139457703,-0.07257607579231262,0.15560998022556305,0.0,0.0,62.365857899231685,59.00543464763704,2.3596533661317878,-2.3596533661317878,97.22222222222221,80.0,91.17647058823529,35
87.13335367841495,88.9444587743176,0.16621024900650802,0.22815239429473877,0.03771412372589111,0.21240921318531036,-0.07339327037334442,0.15224459767341614,0.0,0.0,66.22388523595036,61.652102104319205,3.8580273367186777,-3.8580273367186777,97.22222222222221,80.0,91.17647058823529,35
83.85933370031177,85.57593038125638,0.1658459902877996,0.22168010473251343,0.03735184669494629,0.20317621529102325,-0.07435403764247894,0.14946570992469788,0.0,0.0,68.93691127968526,64.3832147369918,2.7130260437348994,-2.7130260437348994,97.22222222222221,80.0,91.17647058823529,35
81.96057038860641,81.15470181994567,0.1635735519636935,0.21780717372894287,0.03819788992404938,0.19558081030845642,-0.07454532384872437,0.1480221301317215,0.0,0.0,71.02462266779338,67.13781927066518,2.0877113881081186,-2.0877113881081186,97.22222222222221,80.0,91.17647058823529,35
77.97875334650325,76.95650285566694,0.15577584638463157,0.21025973558425903,0.042741984128952026,0.1814395636320114,-0.07361108064651489,0.14272280037403107,0.0,0.0,74.68514062643042,71.58602923097175,2.987698276452491,-3.660517958637044,97.22222222222221,80.0,91.17647058823529,35
74.18953797618701,74.84702809563743,0.15345885959607916,0.20537972450256348,0.046841248869895935,0.17433494329452515,-0.07272399961948395,0.13969162106513977,0.0,0.0,77.71543295500629,73.780659649802,3.030292328575868,-3.030292328575868,97.22222222222221,80.0,91.17647058823529,35
70.98927524295124,74.26051108941866,0.15948050022241708,0.2034285068511963,0.05124770104885101,0.1680278182029724,-0.07213565707206726,0.13884273171424866,0.0,0.0,82.19504427625687,76.57326505191787,4.479611321250573,-4.479611321250573,97.22222222222221,80.0,91.17647058823529,35
67.76444091027605,72.94233399132678,0.1563455106494448,0.19745737314224243,0.05564813315868378,0.1612812727689743,-0.0718984454870224,0.13873672485351562,0.0,0.0,84.87866931012815,79.86857179195543,2.68362503387128,-2.68362503387128,97.22222222222221,80.0,91.17647058823529,35
64.64420314858057,65.13699300587395,0.15668974669695332,0.19005948305130005,0.059016019105911255,0.15458068251609802,-0.07223755121231079,0.13881762325763702,0.0,0.0,87.63341841392784,83.10564123882978,2.7547491037996963,-2.7547491037996963,97.22222222222221,80.0,91.17647058823529,35
58.650103682756594,53.225977188917476,0.15436343745292508,0.17975878715515137,0.05868348479270935,0.13685475289821625,-0.06895066797733307,0.1393442451953888,0.0,0.0,82.75425723485569,86.77902000482962,5.518842199681401,4.879161179072156,97.22222222222221,80.0,91.17647058823529,35
54.73763048649843,52.919189846742526,0.1534659376698033,0.17075413465499878,0.05653409659862518,0.13021738827228546,-0.06681099534034729,0.1395011991262436,0.0,0.0,79.52112501316357,84.75094665463854,3.2331322216921166,3.2331322216921166,97.22222222222221,80.0,91.17647058823529,35
53.036553407448075,49.65868462319111,0.15357645647135273,0.16684889793395996,0.0547705739736557,0.12309746444225311,-0.06510788202285767,0.13963526487350464,0.0,0.0,77.7955509898589,82.0860081681038,1.7255740233046737,1.7255740233046737,97.22222222222221,80.0,91.17647058823529,35
48.25333149443066,41.983567586483076,0.1445314452987257,0.15560686588287354,0.05508825182914734,0.11312663555145264,-0.06290580332279205,0.1378035843372345,0.0,0.0,72.7515189315108,78.20561304234724,5.044032058348094,5.044032058348094,97.22222222222221,80.0,91.17647058823529,35
53.46689773502068,16.929066392394162,0.16624796851484722,0.20449501276016235,0.06037752330303192,0.1091817319393158,-0.04104498028755188,0.14954476058483124,0.0,0.0,68.72194617303481,68.31810999211646,4.029572758475993,4.029572758475993,97.22222222222221,80.0,91.17647058823529,35
58.64566207975792,28.880387142816435,0.16867848256736023,0.22734856605529785,0.057037025690078735,0.1227121651172638,-0.04173409938812256,0.15884461998939514,0.0,0.0,72.19763912729451,69.9879323095199,2.7201224213987985,-3.4756929542596993,97.22222222222221,80.0,91.17647058823529,35
74.4987063086578,57.16067608972399,0.13998496379627903,0.23974090814590454,0.05376380681991577,0.13231292366981506,-0.04763324558734894,0.15312908589839935,0.0,0.0,78.05277940190985,72.11247035203371,5.855140274615337,-5.855140274615337,97.22222222222221,80.0,91.17647058823529,35
83.38516354765198,62.015003586859486,0.14821841529344734,0.24491262435913086,0.05058363080024719,0.14652422070503235,-0.0540291965007782,0.14578305184841156,0.0,0.0,68.7277279170093,72.11391578802734,9.325051484900541,9.325051484900541,97.22222222222221,80.0,91.17647058823529,35
86.49789773647956,61.11509408138775,0.1569083744725638,0.2501679062843323,0.04840517044067383,0.16281916201114655,-0.06112295389175415,0.13977064192295074,0.0,0.0,66.55195944087338,71.38252647177177,2.1757684761359286,2.1757684761359286,97.22222222222221,80.0,91.17647058823529,35
94.12309546825446,78.38448391426243,0.1618768697943366,0.2683582901954651,0.048584893345832825,0.1824064552783966,-0.06838449835777283,0.13543400168418884,0.0,0.0,60.814386201843455,68.536713240409,5.737573239029921,5.737573239029921,97.22222222222221,80.0,91.17647058823529,35
98.54043270283393,86.39188392248467,0.16875325310788353,0.2821287512779236,0.05067145824432373,0.20368099212646484,-0.06934526562690735,0.1429482400417328,0.0,0.0,57.55943054581637,63.41337602638563,3.254955656027086,3.254955656027086,97.22222222222221,80.0,91.17647058823529,35
101.05345933486171,85.58380621652708,0.1866584251329984,0.2886636257171631,0.05517013370990753,0.24160024523735046,-0.06840445101261139,0.16592660546302795,0.0,0.0,57.82751976895817,58.52520114800323,2.131775768314199,-0.26808922314179995,97.22222222222221,80.0,91.17647058823529,35
106.71435570787509,95.477722381784,0.1846604191174021,0.30303412675857544,0.05507341027259827,0.24947614967823029,-0.06758144497871399,0.1705591231584549,0.0,0.0,52.65047827543183,57.297963080407094,5.177041493526339,5.177041493526339,97.22222222222221,80.0,91.17647058823529,35
113.72203580898963,105.60208875364962,0.19112440585187623,0.31316810846328735,0.053828731179237366,0.26605479419231415,-0.06409265100955963,0.17536959052085876,0.0,0.0,47.85886501016611,52.495584541967446,3.7866101031475665,4.791613265265717,97.22222222222221,80.0,91.17647058823529,35
116.80693043406524,109.951191232252,0.19247429701916507,0.3203428387641907,0.05157002806663513,0.27528056502342224,-0.062164515256881714,0.1775975525379181,0.0,0.0,45.17307605864647,49.331973614389526,2.6857889515196405,2.6857889515196405,97.22222222222221,80.0,91.17647058823529,35
122.01993167383725,115.22786095077761,0.19319795471460674,0.3305816054344177,0.04840356111526489,0.2833894342184067,-0.05982184410095215,0.18064236640930176,0.0,0.0,41.22149218352976,46.47472709141401,3.951583875116711,3.951583875116711,97.22222222222221,80.0,91.17647058823529,35
126.78871107289558,119.21931770433343,0.2008810779803313,0.3440288305282593,0.045486271381378174,0.29589052498340607,-0.05719289183616638,0.18577133119106293,0.0,0.0,37.87359588011599,43.03175728311458,3.347896303413769,3.347896303413769,97.22222222222221,80.0,91.17647058823529,35
131.33278490171395,122.7330227265215,0.20418036745491083,0.3566285967826843,0.043143898248672485,0.3074333369731903,-0.054275646805763245,0.19000868499279022,0.0,0.0,34.86263364242204,39.782699441178565,3.0109622376939527,3.0109622376939527,97.22222222222221,80.0,91.17647058823529,35
134.73878913998388,126.72168489758111,0.20790133687568643,0.37527167797088623,0.04270365834236145,0.3220427334308624,-0.051048725843429565,0.19490130245685577,0.0,0.0,32.29899730224814,36.564179752078985,2.5636363401739004,2.5636363401739004,97.22222222222221,80.0,91.17647058823529,35
139.75806119701946,131.134893506916,0.20937758887397337,0.3911411166191101,0.04402129352092743,0.34747952222824097,-0.04537832736968994,0.20309782028198242,0.0,0.0,28.852493955047052,31.85036502172166,2.5348412321223677,3.4465033472010873,97.22222222222221,80.0,91.17647058823529,35
143.10674522059847,133.58623485203427,0.2121883411351661,0.4021773338317871,0.044818490743637085,0.35828356444835663,-0.042469337582588196,0.20575782656669617,0.0,0.0,26.82809378590011,29.841730057591178,2.0244001691469435,2.0244001691469435,97.22222222222221,80.0,91.17647058823529,35
145.45710430714016,135.09842842111536,0.21426856600483632,0.40826284885406494,0.044910773634910583,0.36582688987255096,-0.03927944600582123,0.20800040662288666,0.0,0.0,25.44664643704003,28.128642341289154,1.3814473488600783,1.3814473488600783,97.22222222222221,80.0,91.17647058823529,35
148.14695141070024,137.01471422407013,0.21594274999592658,0.4204446077346802,0.044595420360565186,0.3740459829568863,-0.03591412305831909,0.20985147356987,0.0,0.0,23.505206137653857,26.158110078910262,1.9414402993861728,1.9414402993861728,97.22222222222221,80.0,91.17647058823529,35
150.55384984085683,139.1783182414867,0.21797592147413988,0.4303877353668213,0.04405674338340759,0.3824490010738373,-0.03284068405628204,0.21254561841487885,0.0,0.0,21.786548449592445,24.39162370254661,1.7186576880614126,1.7186576880614126,97.22222222222221,80.0,91.17647058823529,35
153.11899051373786,142.16962147909206,0.22203831505262883,0.4435321092605591,0.04289118945598602,0.3911018967628479,-0.030275151133537292,0.2154180407524109,0.0,0.0,19.94289430449352,22.670323832194963,1.843654145098924,1.843654145098924,97.22222222222221,80.0,91.17647058823529,35
155.77945267240653,144.46364097774293,0.22252029367588388,0.4546690583229065,0.041744962334632874,0.40124276280403137,-0.027769386768341064,0.21783412992954254,0.0,0.0,18.067334662187776,20.8254958884819,1.8755596423057455,1.8755596423057455,97.22222222222221,80.0,91.17647058823529,35
157.84366853267412,146.7705658388473,0.2211380341898657,0.45637935400009155,0.03987191617488861,0.4093516021966934,-0.025482341647148132,0.21942557394504547,0.0,0.0,16.393957393173608,19.047683702361837,1.6733772690141677,1.6733772690141677,97.22222222222221,80.0,91.17647058823529,35
160.46363332662676,149.78661469608159,0.22043970991179726,0.462759792804718,0.0372706800699234,0.41678015887737274,-0.02326725423336029,0.22029604017734528,0.0,0.0,14.280491369911843,17.171169432441687,2.113466023261765,2.113466023261765,97.22222222222221,80.0,91.17647058823529,35
163.09196392727276,152.76759818067603,0.22050347882611407,0.4696221947669983,0.03409883379936218,0.42249658703804016,-0.02098347246646881,0.22014120221138,0.0,0.0,12.307424925130348,15.262302087600894,1.9730664447814945,1.9730664447814945,97.22222222222221,80.0,91.17647058823529,35
165.92736862019208,155.5831298136435,0.2218629246856258,0.47562509775161743,0.029987603425979614,0.42703433334827423,-0.01875370740890503,0.22017158567905426,0.0,0.0,10.213460265199473,13.298833488353818,2.093964659930876,2.093964659930876,97.22222222222221,80.0,91.17647058823529,35
169.61113806442853,160.64298466985426,0.2269928081241228,0.4783685803413391,0.02208380401134491,0.4352218210697174,-0.01440553367137909,0.22257490456104279,0.0,0.0,7.412174306881241,9.734664224408363,1.5934230935411478,2.801285958318232,97.22222222222221,80.0,91.17647058823529,35
172.45206544575277,164.4263856681644,0.22075238071230271,0.4763684868812561,0.01753009855747223,0.43573661148548126,-0.012283429503440857,0.22276681661605835,0.0,0.0,5.159905138699472,7.947784277800643,2.252269168181769,2.252269168181769,97.22222222222221,80.0,91.17647058823529,35
177.09938055075912,173.04938757761434,0.22833549241420223,0.48762351274490356,0.0019981414079666138,0.4412345141172409,-0.008176401257514954,0.22311849892139435,0.0,0.0,1.114197605779509,2.68091576359825,1.4682863371432973,4.0457075329199625,97.22222222222221,80.0,91.17647058823529,35
178.0674457806153,177.2031918968107,0.19483488970961538,0.5611335337162018,,,,,0.0,0.0,-0.09971716074062442,,2.43767272759618,,94.73684210526315,100.0,88.46153846153845,36
170.91561554735097,169.95554083975145,0.1847271569678828,0.5508362650871277,-0.0025426074862480164,0.3827187046408653,-0.012247733771800995,0.18512170016765594,0.0,0.0,4.384615087324363,2.8167841421834083,1.5886378287564895,-4.484332248064987,94.73684210526315,100.0,88.46153846153845,36
165.5773375046763,165.88780600726454,0.18292284387096686,0.5408605933189392,0.0014466866850852966,0.3733903095126152,-0.017745114862918854,0.18249183893203735,0.0,0.0,7.656226547764646,5.758461813359478,1.9096555011076646,-3.2716114604402833,94.73684210526315,100.0,88.46153846153845,36
161.579782040974,162.0374637069649,0.18259778479126326,0.5358529090881348,0.005316220223903656,0.36540354788303375,-0.023034177720546722,0.18065521121025085,0.0,0.0,10.280080554457996,8.726376030313254,1.7584860035459826,-2.6238540066933496,94.73684210526315,100.0,88.46153846153845,36
155.86448520335577,157.31679442764738,0.17667886017893059,0.5246848165988922,0.009320683777332306,0.36016320437192917,-0.028179198503494263,0.1774006336927414,0.0,0.0,13.657606128929459,11.6034838711324,2.308539686368391,-3.3775255744714627,94.73684210526315,100.0,88.46153846153845,36
149.8745991699079,153.64955484271493,0.17532236110288957,0.5188667178153992,0.012402452528476715,0.3497285768389702,-0.034495189785957336,0.17250709235668182,0.0,0.0,17.010499678361455,14.834804465773079,2.6259825905579532,-3.3528935494319967,94.73684210526315,100.0,88.46153846153845,36
145.4041046329865,150.15437234232982,0.17533541387984078,0.509066641330719,0.012918315827846527,0.3432648852467537,-0.04183848947286606,0.17244276404380798,0.0,0.0,19.632803148850414,17.7885484314183,2.467600961426484,-2.6223034704889585,94.73684210526315,100.0,88.46153846153845,36
140.25973706499852,144.8330441464658,0.1708040772656277,0.5011794567108154,0.01497793197631836,0.3341403380036354,-0.045223236083984375,0.16935069859027863,0.0,0.0,23.311653852910425,20.112996320416357,2.9693277604297634,-3.678850704060011,94.73684210526315,100.0,88.46153846153845,36
137.25978836211576,142.0527372625774,0.17146440708326632,0.4897518754005432,0.019757531583309174,0.31937505304813385,-0.049383267760276794,0.16436077654361725,0.0,0.0,25.402677499814686,24.047121216735025,1.7409484986425667,-2.0910236469042616,94.73684210526315,100.0,88.46153846153845,36
132.59112259398944,138.18556546998485,0.16565350707157345,0.4761601686477661,0.020006254315376282,0.30512024462223053,-0.05332469940185547,0.15767261385917664,0.0,0.0,27.823726456228513,26.449203913505798,1.8866324832301586,-2.421048956413827,94.73684210526315,100.0,88.46153846153845,36
128.05471435789653,134.3633158084889,0.16267714790188625,0.4686487317085266,0.02103959023952484,0.29365308582782745,-0.05685475468635559,0.15345393121242523,0.0,0.0,30.810862127691692,29.065801720731002,1.852097944949854,-2.9871356714631787,94.73684210526315,100.0,88.46153846153845,36
123.68959387130212,131.50489673112872,0.1628713753940988,0.45656323432922363,0.022679656744003296,0.2836373895406723,-0.0600142702460289,0.15125219523906708,0.0,0.0,33.845064580749856,32.00726688898381,2.0163922656464663,-3.034202453058164,94.73684210526315,100.0,88.46153846153845,36
121.14749467684592,128.52566394980371,0.1645475549201653,0.4444127678871155,0.023348957300186157,0.2750759422779083,-0.06181657314300537,0.15235185623168945,0.0,0.0,36.56431755322871,34.77651228834149,2.1576723641442612,-2.7192529724788557,94.73684210526315,100.0,88.46153846153845,36
117.95436356473866,125.09334996410897,0.16468683935268216,0.4319506883621216,0.02432040125131607,0.2682182788848877,-0.06210050731897354,0.15281440317630768,0.0,0.0,39.715046096178696,36.88351020691025,2.86701410702954,-3.1507285429499845,94.73684210526315,100.0,88.46153846153845,36
114.2736566114558,121.47873781562326,0.16296371761870726,0.4197917580604553,0.025354087352752686,0.2545514404773712,-0.06295072287321091,0.1511080116033554,0.0,0.0,42.741816136240736,40.509330809870875,2.96478049223105,-3.02677004006204,94.73684210526315,100.0,88.46153846153845,36
110.18354486552323,117.87540032684902,0.15806279249472824,0.41281813383102417,0.026937365531921387,0.2431730180978775,-0.06420034915208817,0.14684197306632996,0.0,0.0,45.515716397520215,43.426544730381494,3.0907307265175206,-2.773900261279479,94.73684210526315,100.0,88.46153846153845,36
106.50594520253352,115.514368835661,0.15238709991489482,0.40343189239501953,0.028562478721141815,0.2305050939321518,-0.0654381513595581,0.1404893845319748,0.0,0.0,47.818472726330974,46.24795409572628,1.8723391267004104,-2.3027563288107586,94.73684210526315,100.0,88.46153846153845,36
103.28238083846969,111.4678808766505,0.14876399010628027,0.3916478157043457,0.03041113168001175,0.219731867313385,-0.06557001918554306,0.13576944172382355,0.0,0.0,50.643556268333086,48.83421019554699,2.6034070527003976,-2.825083542002112,94.73684210526315,100.0,88.46153846153845,36
99.58843170153722,105.75276598751637,0.14905535499194117,0.37479567527770996,0.03274989128112793,0.20904192328453064,-0.06520205736160278,0.1315910965204239,0.0,0.0,54.53095011361418,51.69586624308072,3.34293558241621,-3.887393845281096,94.73684210526315,100.0,88.46153846153845,36
95.42367349950274,100.9266099931109,0.14863758947568986,0.36573338508605957,0.033982016146183014,0.20139774680137634,-0.065311498939991,0.13390083611011505,0.0,0.0,58.414363352625216,55.81113285809667,3.2279334850300714,-3.883413239011034,94.73684210526315,100.0,88.46153846153845,36
92.25246236918252,96.61824479446078,0.14747053902405072,0.35795509815216064,0.035827264189720154,0.1920662820339203,-0.06547681987285614,0.1329045593738556,0.0,0.0,61.548041857364886,59.71926497318057,1.9139066862319396,-3.1336785047396702,94.73684210526315,100.0,88.46153846153845,36
88.19917897419833,92.35740040375686,0.14703920697349634,0.3489490747451782,0.03808988630771637,0.18384809792041779,-0.0650084912776947,0.13127285242080688,0.0,0.0,65.67512825380787,62.99730434237876,3.106902378245195,-4.127086396442984,94.73684210526315,100.0,88.46153846153845,36
84.48527028266074,87.536745617995,0.14683571820451222,0.3413604497909546,0.03941481560468674,0.17708495259284973,-0.0645054280757904,0.13215874135494232,0.0,0.0,69.61043333427338,66.63735290296663,3.940315100920728,-3.935305080465511,94.73684210526315,100.0,88.46153846153845,36
79.30960635599814,81.6611560272446,0.15025163505098862,0.33138203620910645,0.04037606716156006,0.16925020515918732,-0.0642787367105484,0.1338903307914734,0.0,0.0,75.19426292311694,71.35434167461516,4.653435714196135,-5.583829588843557,94.73684210526315,100.0,88.46153846153845,36
77.02680888716492,78.40320130725091,0.14765141805415563,0.32463371753692627,0.04133656620979309,0.16181053221225739,-0.06417268514633179,0.13515007495880127,0.0,0.0,77.30874961904249,75.81971328548457,1.3917983150476658,-2.1144866959255495,94.73684210526315,100.0,88.46153846153845,36
72.91626572457665,73.95780477397437,0.14343887183376244,0.316295325756073,0.0424426794052124,0.15479697287082672,-0.06358619779348373,0.13236118853092194,0.0,0.0,81.06612605769452,78.0602316858609,3.1170262949827503,-3.757376438652031,94.73684210526315,100.0,88.46153846153845,36
68.07573765838322,69.37122651132971,0.1432291876031357,0.3075162172317505,0.04432713985443115,0.1426914632320404,-0.06277831643819809,0.12903325259685516,0.0,0.0,86.00643650570912,82.7332261801534,3.897096783208127,-4.9403104480146,94.73684210526315,100.0,88.46153846153845,36
66.54697484040634,68.39553166926852,0.14358220468784105,0.30497586727142334,0.04480186849832535,0.1397550404071808,-0.06279067695140839,0.1290670931339264,0.0,0.0,87.44138054650418,84.32703980235581,1.4349440407950595,-1.4349440407950595,94.73684210526315,100.0,88.46153846153845,36
62.17193101571551,64.74191964660758,0.14374096388402255,0.29669153690338135,0.0457029789686203,0.13301381468772888,-0.0631520003080368,0.12897567451000214,0.0,0.0,88.50005014567095,87.11517328146977,1.9872242176761432,-1.0586695991667767,94.73684210526315,100.0,88.46153846153845,36
59.27708258719501,61.764807402529186,0.1461671509612925,0.29266583919525146,0.0469561442732811,0.12583892047405243,-0.06370859593153,0.12961047887802124,0.0,0.0,85.05344109279129,88.05173350377842,4.428492656778232,3.4466090528796656,94.73684210526315,100.0,88.46153846153845,36
58.13429156954283,61.29320458492828,0.14740205270394038,0.29143160581588745,0.04720412194728851,0.12454630434513092,-0.0637136772274971,0.1306261569261551,0.0,0.0,83.76908518262485,86.86899226301688,1.2843559101664397,1.2843559101664397,94.73684210526315,100.0,88.46153846153845,36
55.048025577378446,57.92115774413694,0.1469159750012037,0.28535836935043335,0.04679332673549652,0.11957184970378876,-0.06402456015348434,0.13217201828956604,0.0,0.0,81.15242286369222,83.51519539657167,2.9334095834860676,2.616662318932626,94.73684210526315,100.0,88.46153846153845,36
52.306000623218154,56.120281835275684,0.14559249380508288,0.28103137016296387,0.04582653194665909,0.11186696588993073,-0.06446897238492966,0.1309547871351242,0.0,0.0,78.48459436814109,80.18280481785789,1.8237697336674188,2.6678284955511344,94.73684210526315,100.0,88.46153846153845,36
49.66339856103602,52.97590716848559,0.14228937254558557,0.27426332235336304,0.045716531574726105,0.10661454498767853,-0.06408392637968063,0.12946121394634247,0.0,0.0,76.28003541044296,78.24852499113213,1.6410706736929797,2.2045589576981257,94.73684210526315,100.0,88.46153846153845,36
49.716719427150004,53.16886843616908,0.136722944067892,0.2737182378768921,0.04660825431346893,0.09677816927433014,-0.06219223141670227,0.12306560575962067,0.0,0.0,77.17559973083742,76.416243195877,1.3363313945790907,-0.8955643203944561,94.73684210526315,100.0,88.46153846153845,36
52.912699445642836,56.901614594960634,0.13649169249073378,0.2796844244003296,0.04641569405794144,0.09830878674983978,-0.06363385915756226,0.12059642374515533,0.0,0.0,80.92247093692635,78.55613991876959,2.665180276622607,-3.746871206088926,94.73684210526315,100.0,88.46153846153845,36
60.28824719925718,64.70183593948518,0.1372471080445357,0.29130738973617554,0.046069853007793427,0.10842087864875793,-0.06404795497655869,0.1212664544582367,0.0,0.0,88.07510456676737,83.35789977054263,5.567348212368984,-7.15263362984102,94.73684210526315,100.0,88.46153846153845,36
61.64650715407646,66.11589846902046,0.13735542596951703,0.29406774044036865,0.046154171228408813,0.11281266808509827,-0.06406012177467346,0.12150439620018005,0.0,0.0,89.48775405885196,85.49922055102402,1.4126494920845971,-1.4126494920845971,94.73684210526315,100.0,88.46153846153845,36
66.75713037450339,71.321347031976,0.1373360675365578,0.30443888902664185,0.04629366099834442,0.12265759706497192,-0.06427639722824097,0.12139174342155457,0.0,0.0,85.20875420242248,88.13246455619306,4.549491194307933,4.278999856429479,94.73684210526315,100.0,88.46153846153845,36
68.39375755592971,72.89338799254793,0.13715926961209912,0.3073052167892456,0.04621376097202301,0.12666210532188416,-0.06450755894184113,0.12124387919902802,0.0,0.0,83.36248552862781,86.95430979665817,1.8462686737946683,1.8462686737946683,94.73684210526315,100.0,88.46153846153845,36
70.1944319523592,74.6092926568616,0.13603219058227992,0.3096662163734436,0.04623951017856598,0.1306878626346588,-0.06469003111124039,0.12077096104621887,0.0,0.0,81.32036459363455,84.91246243035381,2.042120934993264,2.042120934993264,94.73684210526315,100.0,88.46153846153845,36
75.48806527840725,79.54450953593002,0.1357954197371766,0.3208373188972473,0.046346381306648254,0.13699552416801453,-0.0648113489151001,0.12022289633750916,0.0,0.0,75.95586129940475,81.4618664060224,5.364503294229806,5.364503294229806,94.73684210526315,100.0,88.46153846153845,36
86.3321579756759,88.97414182281963,0.13861985609573207,0.3423643112182617,0.04633260518312454,0.15158763527870178,-0.06446980684995651,0.1208602637052536,0.0,0.0,66.17705156045608,74.62602813920046,8.87378354285039,9.778809738948667,94.73684210526315,100.0,88.46153846153845,36
94.6766103187357,95.60639000726049,0.1441646958925549,0.36148571968078613,0.04642229527235031,0.17860764265060425,-0.06227542459964752,0.1273815780878067,0.0,0.0,60.16976780380112,64.82083113343027,6.790040423453462,6.007283756654957,94.73684210526315,100.0,88.46153846153845,36
96.44593112331785,97.84198910315612,0.15065058001838824,0.37536054849624634,0.04558444023132324,0.19382041692733765,-0.06181690841913223,0.13339772820472717,0.0,0.0,58.99669733697162,60.64951404471385,3.3025324000254557,1.1730704668295004,94.73684210526315,100.0,88.46153846153845,36
99.80517446035714,101.14008413438413,0.15609839103268697,0.38726240396499634,0.042383693158626556,0.2057334929704666,-0.06281998008489609,0.14004117250442505,0.0,0.0,56.42739655819932,58.01950090051673,1.7859613331089008,2.569300778772302,94.73684210526315,100.0,88.46153846153845,36
101.4380540768538,102.44888281862552,0.15726912763970366,0.3918522596359253,0.0415504053235054,0.20969896018505096,-0.06294281035661697,0.14179888367652893,0.0,0.0,54.906357411554225,56.99691591916239,1.5210391466450943,1.5210391466450943,94.73684210526315,100.0,88.46153846153845,36
106.40019535510993,107.70605535183813,0.16216213992047798,0.4090259075164795,0.040184468030929565,0.22014881670475006,-0.06307683885097504,0.1453970968723297,0.0,0.0,50.69536942677194,54.14572114550659,3.858391758728935,4.210987984782285,94.73684210526315,100.0,88.46153846153845,36
115.02880705846565,115.98551317759332,0.16413698867020818,0.4307019114494324,0.03768772631883621,0.24008698761463165,-0.06232284754514694,0.15069463849067688,0.0,0.0,43.28629563032183,48.29068158658664,5.795405671622227,7.409073796450109,94.73684210526315,100.0,88.46153846153845,36
116.75968132084205,117.95762631630673,0.16400865304774923,0.43459194898605347,0.0361919179558754,0.24650295078754425,-0.06176009029150009,0.15142501890659332,0.0,0.0,41.45756200349154,45.98122973076654,1.8287336268302923,1.8287336268302923,94.73684210526315,100.0,88.46153846153845,36
120.80673746718645,122.4984262955994,0.16601015792608367,0.44911783933639526,0.034556545317173004,0.255979523062706,-0.06109403073787689,0.15256555378437042,0.0,0.0,37.919867864609735,42.93635670009179,3.537694138881804,3.537694138881804,94.73684210526315,100.0,88.46153846153845,36
126.06876079812216,125.36216311348807,0.1718119123157734,0.4668735861778259,0.0315689817070961,0.27636630833148956,-0.058773793280124664,0.15747494995594025,0.0,0.0,34.887118727668486,37.2458098558809,3.1215855875284646,3.0327491369412485,94.73684210526315,100.0,88.46153846153845,36
128.73956343487495,126.96291903993416,0.17103786179343008,0.46969741582870483,0.03138299286365509,0.2810458540916443,-0.05701734870672226,0.159438356757164,0.0,0.0,33.13634433847454,36.049928974347104,1.7507743891939498,1.7507743891939498,94.73684210526315,100.0,88.46153846153845,36
133.01849835094984,131.05630736740952,0.1697623361156327,0.4886375665664673,0.03093666583299637,0.29373008012771606,-0.05326087027788162,0.16223043203353882,0.0,0.0,29.62673416662902,32.6847934577482,3.462242431591747,3.509610171845516,94.73684210526315,100.0,88.46153846153845,36
139.36168440756177,136.11733094371758,0.17821032313887405,0.5043484568595886,0.029063649475574493,0.3127286434173584,-0.04967278242111206,0.16618478298187256,0.0,0.0,25.736241705837543,28.26132624110097,2.870536344838314,3.890492460791478,94.73684210526315,100.0,88.46153846153845,36
146.82899656490778,143.18448379118428,0.1876753059010102,0.525956928730011,0.025236323475837708,0.3313576877117157,-0.04350035637617111,0.17781876027584076,0.0,0.0,20.895264315817286,24.167916582058638,3.8123941177311025,4.840977390020257,94.73684210526315,100.0,88.46153846153845,36
153.0330120229119,150.57297441996545,0.19597249553901389,0.5490445494651794,0.0212266743183136,0.35715368390083313,-0.03898215293884277,0.18821413815021515,0.0,0.0,16.514894323506283,19.668616952330314,4.063714010195795,4.380369992311003,94.73684210526315,100.0,88.46153846153845,36
154.7830553248196,152.7344295974199,0.20084402557582778,0.5559777021408081,0.019171319901943207,0.3665451109409332,-0.03790672868490219,0.19178396463394165,0.0,0.0,15.006861422575852,18.196516229019956,1.5080329009304307,1.5080329009304307,94.73684210526315,100.0,88.46153846153845,36
160.98480898282472,157.6347911100901,0.19993993937838114,0.5617314279079437,0.015298858284950256,0.38401347398757935,-0.03292830288410187,0.19689573347568512,0.0,0.0,11.404524932438136,14.485923857616417,3.6128898195072594,3.6023364901377164,94.73684210526315,100.0,88.46153846153845,36
165.95932464963056,162.87739414287304,0.19918139626302747,0.5658893287181854,0.012032121419906616,0.3908153101801872,-0.02703326940536499,0.19842052459716797,0.0,0.0,7.9833617522288165,11.520444468368051,3.693114684631041,3.4211631802093194,94.73684210526315,100.0,88.46153846153845,36
169.794384747425,167.62091419358293,0.19392309943244762,0.5625611245632172,0.005311697721481323,0.39252375066280365,-0.020007535815238953,0.19644013047218323,0.0,0.0,5.5235959208946355,7.3618192306383,2.683635824667107,2.459765831334181,94.73684210526315,100.0,88.46153846153845,36
176.1140577274733,172.6456876902915,0.19128362493559298,0.578098475933075,0.0016704648733139038,0.3950708881020546,-0.012820102274417877,0.19176433980464935,0.0,0.0,1.6640806233882444,4.110104337499553,2.7123290434002314,3.859515297506391,94.73684210526315,100.0,88.46153846153845,36
178.95842172905145,174.57504038638763,0.18881522375613283,0.5784906148910522,6.692111492156982e-05,0.39744848012924194,-0.009677477180957794,0.1906421184539795,0.0,0.0,0.0527056881768857,2.742381779320116,1.6113749352113587,1.6113749352113587,94.73684210526315,100.0,88.46153846153845,36
177.47685826221445,175.46841273660465,0.182022480531539,0.5556431114673615,,,,,0.0,0.0,0.6251089585179841,,1.2962334739303714,,85.71428571428571,100.0,93.02325581395348,37
173.39630513918067,172.37419569131356,0.18304962290101126,0.549098551273346,-0.002346031367778778,0.38106538355350494,-0.007617287337779999,0.1820273995399475,0.0,0.0,3.09487082691291,1.526249358824817,1.8052802753869628,-2.469761868394926,85.71428571428571,100.0,93.02325581395348,37
169.6703760951491,169.87993662773758,0.18480202909725982,0.5456486642360687,0.0017538219690322876,0.38001085817813873,-0.011784441769123077,0.1837041974067688,0.0,0.0,5.656108193069443,3.9506564264279547,2.0456569230536417,-2.561237366156533,85.71428571428571,100.0,93.02325581395348,37
163.11756543468223,164.8117733786673,0.17892108438148077,0.540475457906723,0.005722455680370331,0.37348806113004684,-0.017314694821834564,0.18235184252262115,0.0,0.0,9.612322910039737,6.889007887383908,3.249855500358663,-3.956214716970294,85.71428571428571,100.0,93.02325581395348,37
161.20687571527301,162.93844557277183,0.17977356069621184,0.5388673543930054,0.007450290024280548,0.36972832679748535,-0.01970527321100235,0.1808248907327652,0.0,0.0,10.921862047617225,8.205446351020854,1.309539137577488,-1.309539137577488,85.71428571428571,100.0,93.02325581395348,37
152.3171407841896,156.01865635369322,0.18193492687271864,0.5289115905761719,0.011776790022850037,0.3605944439768791,-0.027087166905403137,0.1781144142150879,0.0,0.0,16.32614490856703,12.060987215770549,4.942525911708827,-5.404282860949806,85.71428571428571,100.0,93.02325581395348,37
147.4553583520544,152.5556727723254,0.17212727138346684,0.5139049589633942,0.015736311674118042,0.3447471037507057,-0.03715161979198456,0.17265112698078156,0.0,0.0,18.927866838528487,17.10329407432424,2.4129528381195087,-2.6017219299614567,85.71428571428571,100.0,93.02325581395348,37
138.5570972225229,144.57120001909033,0.16848298058453856,0.4949875473976135,0.017153844237327576,0.32678643614053726,-0.044117338955402374,0.16518260538578033,0.0,0.0,24.330804569852788,20.80221948359602,4.148848105181045,-5.4029377313243,85.71428571428571,100.0,93.02325581395348,37
133.56497984618312,138.96147207327004,0.16578269205076293,0.48116958141326904,0.020620010793209076,0.3107697516679764,-0.05047547072172165,0.16031873226165771,0.0,0.0,28.055706179954846,25.33333621533898,3.7181691832888006,-3.7249016101020587,85.71428571428571,100.0,93.02325581395348,37
129.21366950755635,134.94172494468896,0.16332260952216676,0.4671850800514221,0.022480487823486328,0.2959674000740051,-0.05292560160160065,0.15653878450393677,0.0,0.0,30.86556023335561,28.437788069541725,3.8005483674845237,-2.8098540534007626,85.71428571428571,100.0,93.02325581395348,37
123.01033159048362,130.10138119430883,0.15383751282654692,0.44878047704696655,0.023702792823314667,0.27794401347637177,-0.05680634081363678,0.1484411358833313,0.0,0.0,34.8453892629361,31.912351170641053,3.8168933530760114,-3.9798290295804932,85.71428571428571,100.0,93.02325581395348,37
117.07734286270855,123.50538962994109,0.16060068330405922,0.42685163021087646,0.026208356022834778,0.2587517648935318,-0.05846744030714035,0.14477621018886566,0.0,0.0,40.870199070781574,36.68833005486367,5.234222733681264,-6.024809807845472,85.71428571428571,100.0,93.02325581395348,37
110.01534992868429,117.50583196653949,0.15826506438090085,0.4095703363418579,0.02790907770395279,0.24551813304424286,-0.06135273724794388,0.14786840975284576,0.0,0.0,46.246696461153356,42.47481996128604,5.1700046707698135,-5.376497390371782,85.71428571428571,100.0,93.02325581395348,37
103.02118232627794,112.0139165389974,0.1494995672591581,0.3921658992767334,0.029893390834331512,0.2267211526632309,-0.06456045061349869,0.13980549573898315,0.0,0.0,50.820169713108065,47.410104340201485,4.656076969133686,-4.573473251954709,85.71428571428571,100.0,93.02325581395348,37
97.76721753351421,106.65159929689338,0.14379315481647456,0.373657763004303,0.03249180316925049,0.20861096680164337,-0.06541723012924194,0.13224278390407562,0.0,0.0,55.21413138490542,52.08302257618341,4.261331597591109,-4.393961671797356,85.71428571428571,100.0,93.02325581395348,37
90.20713617441686,99.77941079213147,0.13707095617390008,0.352955162525177,0.034086741507053375,0.19005118310451508,-0.06558714061975479,0.12569640576839447,0.0,0.0,61.192745916502034,57.18980464116985,4.94500783899764,-5.978614531596612,85.71428571428571,100.0,93.02325581395348,37
82.2369029091858,90.10744809100707,0.1395120641438578,0.3351379632949829,0.036431677639484406,0.17235031723976135,-0.06530790776014328,0.12234555184841156,0.0,0.0,70.08561261169396,63.91216625673938,7.789908259062699,-8.892866695191927,85.71428571428571,100.0,93.02325581395348,37
81.40605461139211,88.4062142572439,0.14207481346118753,0.3331429958343506,0.03743764013051987,0.16869758069515228,-0.0650746151804924,0.12388336658477783,0.0,0.0,71.51189676031959,66.49195396769377,1.4262841486256264,-1.4262841486256264,85.71428571428571,100.0,93.02325581395348,37
72.05737639939616,78.87061560274904,0.14473910414681262,0.3148565888404846,0.03936585783958435,0.15699875354766846,-0.06465111672878265,0.12680043280124664,0.0,0.0,81.4499586746724,73.87447209082673,8.999538358051439,-9.938061914352815,85.71428571428571,100.0,93.02325581395348,37
66.64182117081691,73.49507166694553,0.14281371960997893,0.3007551431655884,0.04075584560632706,0.1421535611152649,-0.06418170779943466,0.12956471741199493,0.0,0.0,86.85900386305342,83.16806970333229,4.543246751486933,-5.409045188381015,85.71428571428571,100.0,93.02325581395348,37
62.193155691156825,68.65494929611076,0.13636093176188835,0.2893785834312439,0.04281026870012283,0.12579429149627686,-0.062402285635471344,0.12409976124763489,0.0,0.0,89.82051078069357,88.01058158838572,1.7715290373867134,-2.9615069176401505,85.71428571428571,100.0,93.02325581395348,37
57.714973406190744,63.42780524649041,0.13263216685244278,0.28004610538482666,0.04319673031568527,0.11720740795135498,-0.06216654181480408,0.12060080468654633,0.0,0.0,85.08751530477619,88.14815364628207,4.548091451575459,4.732995475917377,85.71428571428571,100.0,93.02325581395348,37
52.077337101920214,55.768442031311494,0.13776562610123208,0.2734771966934204,0.04410931468009949,0.10646985471248627,-0.0593126118183136,0.11961284279823303,0.0,0.0,76.706317789239,82.75903478031532,8.13710407295332,8.381197515537195,85.71428571428571,100.0,93.02325581395348,37
49.61632608223789,54.1651121665166,0.1360649592300513,0.2697117328643799,0.04458366334438324,0.10305014252662659,-0.058664679527282715,0.12089228630065918,0.0,0.0,75.02848664481617,80.24427761532532,1.677831144422825,1.677831144422825,85.71428571428571,100.0,93.02325581395348,37
50.153343362797884,54.93371995974916,0.13343187672787982,0.2720167636871338,0.04492899775505066,0.09980857372283936,-0.058437131345272064,0.12143787741661072,0.0,0.0,76.35307782899595,78.23282603131085,1.3245911841797806,-1.3245911841797806,85.71428571428571,100.0,93.02325581395348,37
47.74960150966743,52.26436881959161,0.13354768171745948,0.268499493598938,0.0449099987745285,0.09516584873199463,-0.05818206071853638,0.12203577160835266,0.0,0.0,73.49818397874907,75.39651656045004,2.8548938502468815,2.8548938502468815,85.71428571428571,100.0,93.02325581395348,37
46.35864634667652,50.24799028058699,0.13355151219692632,0.26539748907089233,0.04485417157411575,0.09167017042636871,-0.05814496427774429,0.12089057266712189,0.0,0.0,71.74877472076219,74.15713079333085,1.7494092579868834,1.7494092579868834,85.71428571428571,100.0,93.02325581395348,37
49.50135383074007,54.35556706656024,0.1328435393441008,0.27068275213241577,0.04449232667684555,0.08886687457561493,-0.05922917276620865,0.12042535841464996,0.0,0.0,76.45863318909178,73.07956532224439,3.904474137959795,-4.7098584683296,85.71428571428571,100.0,93.02325581395348,37
50.84156188037411,55.860265081056795,0.13281120782682937,0.2733917832374573,0.0447918176651001,0.09086178243160248,-0.059790462255477905,0.11957469582557678,0.0,0.0,78.0476720386015,74.6518934453957,1.5890388495097199,-1.5890388495097199,85.71428571428571,100.0,93.02325581395348,37
52.31437147481983,58.01512141159826,0.13099459190254228,0.2752792239189148,0.045100145041942596,0.0934736430644989,-0.06036938726902008,0.1181933730840683,0.0,0.0,80.17743437992331,76.80947466468714,2.1297623413218076,-2.1297623413218076,85.71428571428571,100.0,93.02325581395348,37
58.87458121620291,65.25650203870708,0.12791898258603,0.28391164541244507,0.045498885214328766,0.09841307997703552,-0.060890860855579376,0.11613881587982178,0.0,0.0,87.55944419461045,80.56079595055675,7.382009814687137,-7.382009814687137,85.71428571428571,100.0,93.02325581395348,37
60.803906647832356,67.55907619911721,0.12889952729640244,0.28723037242889404,0.045746952295303345,0.1031518429517746,-0.06123500317335129,0.11484368145465851,0.0,0.0,89.35068479922228,83.7838088530894,1.7912406046118292,-1.7912406046118292,85.71428571428571,100.0,93.02325581395348,37
63.33822965366994,71.35332224285534,0.13106103551755638,0.2932804226875305,0.045325614511966705,0.11297442018985748,-0.062335334718227386,0.11357948184013367,0.0,0.0,87.59298430902022,88.47206383483558,1.7921577274691458,1.7577004902020548,85.71428571428571,100.0,93.02325581395348,37
64.87892573995788,73.4547861655652,0.1312225210704693,0.29635298252105713,0.04490251839160919,0.11660270392894745,-0.06293603032827377,0.11419129371643066,0.0,0.0,86.02872768792746,88.08938470816483,1.5642566210927669,1.5642566210927669,85.71428571428571,100.0,93.02325581395348,37
66.52953336510126,74.73843030544616,0.13106679225159243,0.2993236780166626,0.04447277635335922,0.11992096900939941,-0.06352580338716507,0.1144847720861435,0.0,0.0,84.26300733984185,86.81746534331972,1.7657203480856083,1.7657203480856083,85.71428571428571,100.0,93.02325581395348,37
71.16254077054344,79.49789486691252,0.130210049795621,0.30874770879745483,0.044320933520793915,0.12504662573337555,-0.06382434815168381,0.11427421867847443,0.0,0.0,79.46794313891374,84.33816561892581,4.79506420092811,4.79506420092811,85.71428571428571,100.0,93.02325581395348,37
73.10505213108246,81.22444044635873,0.12957811920996778,0.31192225217819214,0.04472737014293671,0.12943477928638458,-0.06362012028694153,0.11396357417106628,0.0,0.0,77.87493019311992,81.90865208995075,1.5930129457938165,1.5930129457938165,85.71428571428571,100.0,93.02325581395348,37
76.1886507678754,81.83941308863764,0.13221560214672917,0.3151031732559204,0.04535745829343796,0.13479499518871307,-0.06296350806951523,0.11459954082965851,0.0,0.0,76.24976536391377,79.46391150894732,1.625164829206156,1.625164829206156,85.71428571428571,100.0,93.02325581395348,37
80.89530126768773,86.08482697251232,0.13388038091541632,0.32381051778793335,0.04594025760889053,0.14202842116355896,-0.0622415766119957,0.11578400433063507,0.0,0.0,71.96582708093936,76.3896164442217,4.283938282974404,4.283938282974404,85.71428571428571,100.0,93.02325581395348,37
86.74711532677122,90.37784068734939,0.13773433448943168,0.33800971508026123,0.04679544270038605,0.15919409692287445,-0.06104724854230881,0.12174670398235321,0.0,0.0,67.1102563747598,70.86878101570844,5.144778234681027,4.855570706179563,85.71428571428571,100.0,93.02325581395348,37
91.23936152304645,94.11811106929345,0.14333909477157214,0.35058820247650146,0.0456254780292511,0.17256136238574982,-0.06039764732122421,0.12680655717849731,0.0,0.0,63.814530221381474,66.66872828796716,3.81967049451859,3.2957261533783253,85.71428571428571,100.0,93.02325581395348,37
94.149295180987,96.50473693567405,0.14700995416901258,0.3616458773612976,0.04384325444698334,0.18412254750728607,-0.06042668968439102,0.131539985537529,0.0,0.0,61.581193654770416,63.23857721223527,1.9929206802417099,2.233336566611058,85.71428571428571,100.0,93.02325581395348,37
97.46732683642836,98.96947051753833,0.15411933812298872,0.3751067519187927,0.041540734469890594,0.19429686665534973,-0.0606444850564003,0.13748808205127716,0.0,0.0,59.22926902218569,60.93388549807641,2.1217358857336137,2.3519246325847263,85.71428571428571,100.0,93.02325581395348,37
102.00023165115795,103.96305550694373,0.16064045487980813,0.3857559561729431,0.03840936720371246,0.2070510983467102,-0.06148618459701538,0.14461712539196014,0.0,0.0,55.401234599399125,57.99987287063261,2.744702012492226,3.8280344227865655,85.71428571428571,100.0,93.02325581395348,37
107.05368566354136,108.17632165163508,0.16444843437508883,0.4018954634666443,0.03550781309604645,0.22130759060382843,-0.061289772391319275,0.1503700315952301,0.0,0.0,51.319751044536694,53.785074345519504,2.426538995212205,4.08148355486243,85.71428571428571,100.0,93.02325581395348,37
109.20422927419213,110.49113715733101,0.16212474683208067,0.40745747089385986,0.03529103845357895,0.22584648430347443,-0.06098703294992447,0.1508948802947998,0.0,0.0,48.87745908366641,52.154130466586324,2.4422919608702855,2.4422919608702855,85.71428571428571,100.0,93.02325581395348,37
112.44362423374221,113.21982833187698,0.16487878971732176,0.41890275478363037,0.034420475363731384,0.23466041684150696,-0.060018911957740784,0.15200455486774445,0.0,0.0,46.5560419786725,48.83002399324227,2.0108018874209748,2.3214171049939054,85.71428571428571,100.0,93.02325581395348,37
114.2914111281581,114.70082873333519,0.16445513043541626,0.4237150549888611,0.03387928009033203,0.23892773687839508,-0.059628404676914215,0.15215887129306793,0.0,0.0,44.66719325342382,47.16688454546405,1.8888487252486854,1.8888487252486854,85.71428571428571,100.0,93.02325581395348,37
116.72304699304632,116.42788004623351,0.16696579241931878,0.4333477020263672,0.03343042731285095,0.243729829788208,-0.05880247801542282,0.15377157926559448,0.0,0.0,43.23705127047106,45.756782592165216,1.4301419829527546,1.4301419829527546,85.71428571428571,100.0,93.02325581395348,37
121.90522366265392,120.42504981114091,0.17227754304342952,0.44975024461746216,0.033153727650642395,0.2588760405778885,-0.05620082467794418,0.16025051474571228,0.0,0.0,39.60068278508267,42.20801594180051,2.97985181166424,3.6363684853883953,85.71428571428571,100.0,93.02325581395348,37
127.32582786324602,124.91359297633625,0.17393430031453166,0.4615899920463562,0.0333743542432785,0.27389124035835266,-0.052794814109802246,0.16508755087852478,0.0,0.0,35.791362678126035,38.406473960908265,3.12854318196964,3.8093201069566334,85.71428571428571,100.0,93.02325581395348,37
132.90136860858854,129.89619507335576,0.17477572274927652,0.4775228500366211,0.032995373010635376,0.28808967769145966,-0.04925749450922012,0.16704684495925903,0.0,0.0,31.355945565755434,34.24901368489231,3.4959271338593325,4.435417112370601,85.71428571428571,100.0,93.02325581395348,37
136.0902008134803,132.76204932190163,0.17643292975682892,0.48682302236557007,0.03285142034292221,0.302737295627594,-0.046173758804798126,0.16914322972297668,0.0,0.0,29.324335398028595,30.610877097163744,1.609632400464939,2.0316101677268392,85.71428571428571,100.0,93.02325581395348,37
140.00905017979412,136.71689401367297,0.17149886062278394,0.5012512505054474,0.03166859596967697,0.3064829036593437,-0.04290441423654556,0.16661927103996277,0.0,0.0,26.10672990596283,28.08731852258772,2.132056497593247,3.217605492065765,85.71428571428571,100.0,93.02325581395348,37
145.40623910008378,141.58541541550323,0.18256011416743648,0.5080471932888031,0.030288688838481903,0.31728070974349976,-0.03944750875234604,0.17224358022212982,0.0,0.0,23.503997628723354,25.68868129543153,3.140618500791092,2.6027322772394754,85.71428571428571,100.0,93.02325581395348,37
146.9961066865345,143.19862476512654,0.18417166059480752,0.5132323503494263,0.02953636646270752,0.32244087010622025,-0.037807077169418335,0.17584505677223206,0.0,0.0,22.178261000299713,24.706564069015755,1.3257366284236412,1.3257366284236412,85.71428571428571,100.0,93.02325581395348,37
150.15909451663742,147.4404247038971,0.19326510549144768,0.5223889350891113,0.02603168785572052,0.3361773118376732,-0.03487411141395569,0.18368718028068542,0.0,0.0,19.662135537957028,21.78250068308983,2.1234730274222073,2.5161254623426856,85.71428571428571,100.0,93.02325581395348,37
155.86061585173533,152.9507901950981,0.1977474762662238,0.5463728904724121,0.021622784435749054,0.3554747775197029,-0.031771644949913025,0.19310709834098816,0.0,0.0,15.649838489127745,18.25700850429628,2.8875862683944433,4.012297048829282,85.71428571428571,100.0,93.02325581395348,37
160.68756269768224,157.54528215018695,0.20344950301237855,0.5556353330612183,0.017677247524261475,0.3789631500840187,-0.027549438178539276,0.20048409700393677,0.0,0.0,12.168876207611945,14.243536196074334,2.425770981490345,3.480962281515801,85.71428571428571,100.0,93.02325581395348,37
164.515647595355,162.79522646216057,0.2008334960959066,0.5554915070533752,0.012102879583835602,0.3846156969666481,-0.024014636874198914,0.2006480097770691,0.0,0.0,9.279938343426622,11.108864927893077,1.9797086024234147,2.8889378641853227,85.71428571428571,100.0,93.02325581395348,37
169.28602368039773,167.31963171983494,0.1971269930577736,0.5601813495159149,0.007109135389328003,0.3863901346921921,-0.019501544535160065,0.1978972852230072,0.0,0.0,6.186235918881465,8.04150684508349,1.903060745729661,3.0937024245451568,85.71428571428571,100.0,93.02325581395348,37
174.96483612845086,171.10604032817457,0.196651736607477,0.5679401755332947,0.0046961307525634766,0.3894619718194008,-0.011687971651554108,0.19638976454734802,0.0,0.0,3.044222642302401,4.868042026829848,2.0269722347304935,3.142013276579064,85.71428571428571,100.0,93.02325581395348,37
177.7761831552028,177.7315122248258,0.18426010306679774,0.5665115416049957,-0.0016351863741874695,0.3923754394054413,-0.0008840486407279968,0.18537446856498718,0.0,0.0,-1.5977503979364513,-0.2097149480890188,1.8178683191188583,4.641973040238852,85.71428571428571,100.0,93.02325581395348,37
160.7766915607552,156.54780453245428,0.23709198603479809,0.47108739614486694,0.03005935251712799,0.4441334307193756,-0.017539411783218384,0.23653428256511688,0.0,0.0,14.463419211182071,12.931903719195333,1.2580788483602845,,80.0,0.0,87.5,38
149.3273367501079,146.04251541626664,0.22478082052259238,0.436503529548645,0.03566893935203552,0.40424638986587524,-0.031523481011390686,0.22297227382659912,0.0,0.0,22.021355717865745,20.355062368082574,1.272743228997669,-7.557936506683674,80.0,0.0,87.5,38
145.38865963505435,141.48606654230647,0.22337255010409823,0.42071807384490967,0.03674766421318054,0.3938925415277481,-0.035135433077812195,0.2215542048215866,0.0,0.0,24.761469747386897,22.681136802294112,1.5683604923311663,-2.740114029521152,80.0,0.0,87.5,38
137.8927903594597,134.63399376056927,0.2110859413298519,0.39743107557296753,0.03797999024391174,0.3650212734937668,-0.04437868297100067,0.2082061618566513,0.0,0.0,29.173276005478137,27.71290537778129,1.5170843651418053,-4.411806258091239,80.0,0.0,87.5,38
135.6780164013867,131.34642517800916,0.20902532275024946,0.3899405002593994,0.03774529695510864,0.36042165756225586,-0.04654960334300995,0.20610912144184113,0.0,0.0,30.52918667354058,28.67086795508671,1.3559106680624424,-1.3559106680624424,80.0,0.0,87.5,38
131.35397652279573,127.40933730130517,0.20679812800218667,0.37454521656036377,0.035603925585746765,0.34449557960033417,-0.0525808185338974,0.20136703550815582,0.0,0.0,33.110540935977255,31.655112837863747,1.2959393079940256,-2.581354262436676,80.0,0.0,87.5,38
123.37697694921297,120.85965255565348,0.19382701565959204,0.3375288248062134,0.03180401027202606,0.30362725257873535,-0.05663405358791351,0.18768374621868134,0.0,0.0,39.212370485058074,37.34906255522621,1.382889262663248,-6.1018295490808185,80.0,0.0,87.5,38
118.70604231177305,118.6763997342343,0.1906371924674299,0.3295712471008301,0.032683148980140686,0.2947148382663727,-0.060043081641197205,0.18337954580783844,0.0,0.0,41.7196525830722,39.78967414614934,1.3224602889999346,-2.507282098014123,80.0,0.0,87.5,38
116.00821704631673,116.29383489115308,0.18986360311034783,0.3225210905075073,0.03276132047176361,0.28956516087055206,-0.06220544874668121,0.18130888044834137,0.0,0.0,43.724877590422075,41.263523238156154,2.0052250073498783,-2.0052250073498783,80.0,0.0,87.5,38
108.69337852893682,109.81360315934141,0.1837977620251368,0.29842329025268555,0.03350807726383209,0.25441616773605347,-0.07062920928001404,0.16943302750587463,0.0,0.0,49.2321017158926,50.789963847814285,1.311867992797346,-5.507224125470522,80.0,0.0,87.5,38
113.4555645795368,112.06055251930832,0.18376241048933784,0.3102771043777466,0.033536553382873535,0.261156290769577,-0.06830421090126038,0.17043939232826233,0.0,0.0,45.52283828744123,48.33062537801331,2.500753512588247,3.709263428451365,80.0,0.0,87.5,38
115.56642385400735,113.69257387554012,0.1837054741571483,0.31403815746307373,0.033548325300216675,0.2655089795589447,-0.06659309566020966,0.17119483649730682,0.0,0.0,44.184542294096794,46.74076852436502,1.3382959933444383,1.3382959933444383,80.0,0.0,87.5,38
125.40842496335978,117.30864363478669,0.19078242854827676,0.3358393907546997,0.03383515775203705,0.2849842458963394,-0.05661630630493164,0.1801767200231552,0.0,0.0,38.4110195563601,40.81654071706593,2.0304834890015186,5.773522737736691,80.0,0.0,87.5,38
130.05824339152662,123.05883208081707,0.1957010937695305,0.35563772916793823,0.03516042232513428,0.3054429739713669,-0.05187375843524933,0.1865706592798233,0.0,0.0,34.74012637814105,36.2274208056889,1.3161079741120005,3.6708931782190533,80.0,0.0,87.5,38
131.36985101691113,124.88251653349194,0.19626888498132447,0.3621320128440857,0.034951597452163696,0.3104690909385681,-0.051643744111061096,0.18782320618629456,0.0,0.0,33.43405174763393,35.25661612689286,1.3060746305071191,1.3060746305071191,80.0,0.0,87.5,38
138.31812261532025,130.64166124874572,0.1973814156779443,0.3873387575149536,0.03775155544281006,0.3362111449241638,-0.045924365520477295,0.19236069917678833,0.0,0.0,28.764910222366524,30.204501169299967,1.2913870451766627,4.669141525267406,80.0,0.0,87.5,38
156.4689536963525,144.47912670386643,0.21807261747450019,0.4571727514266968,0.029078200459480286,0.40120837092399597,-0.0313556045293808,0.21363312005996704,0.0,0.0,16.222301206006335,17.87786154985192,1.3424687426331445,12.542609016360188,80.0,0.0,87.5,38
161.8506480824316,150.38941250309145,0.2225453985088083,0.4750206470489502,0.02706412971019745,0.41970980167388916,-0.024879589676856995,0.218390554189682,0.0,0.0,12.463237238160715,14.494051446479265,1.6514057898164651,3.75906396784562,80.0,0.0,87.5,38
165.47535795446515,154.04318537404131,0.22926497776757088,0.4895727038383484,0.02323339879512787,0.4325476288795471,-0.020972728729248047,0.22373247146606445,0.0,0.0,10.015576241876317,11.966782146712944,1.258095836961246,2.447660996284398,80.0,0.0,87.5,38
167.60419272082032,157.11697007208065,0.22916560410110312,0.49089330434799194,0.02063119411468506,0.4373043328523636,-0.01877366006374359,0.22620168328285217,0.0,0.0,8.586596686530811,10.584770561351352,1.4289795553455065,1.4289795553455065,80.0,0.0,87.5,38
169.92410908501625,160.76363602544566,0.22954333103551236,0.49139922857284546,0.01798519492149353,0.44077368080616,-0.016426652669906616,0.2281375527381897,0.0,0.0,6.9138891162837695,9.197433530882115,1.6727075702470415,1.6727075702470415,80.0,0.0,87.5,38
172.87167355198594,164.30873080723708,0.22857872178269995,0.49309659004211426,0.014317557215690613,0.44317401945590973,-0.01401597261428833,0.22869041562080383,0.0,0.0,4.582304120652097,7.524591541335749,2.3315849956316725,2.3315849956316725,80.0,0.0,87.5,38
174.80411954718303,167.05988688000411,0.2262350384968003,0.49560874700546265,0.010078057646751404,0.4439479410648346,-0.011684775352478027,0.2280685007572174,0.0,0.0,2.992172443049583,5.768740591629065,1.590131677602514,1.590131677602514,80.0,0.0,87.5,38
176.71382809776324,170.2647006921811,0.22694356967173096,0.49446016550064087,0.00493091344833374,0.4447970688343048,-0.009921252727508545,0.2276027798652649,0.0,0.0,1.2229775564932623,3.927835809119678,1.7691948865563205,1.7691948865563205,80.0,0.0,87.5,38
178.76483061368498,173.73748158298326,0.23009617808237823,0.4950144290924072,-0.0003574937582015991,0.44666312634944916,-0.008370131254196167,0.2278057038784027,0.0,0.0,-0.37287891882506585,2.106143800342469,1.5958564753183282,1.5958564753183282,80.0,0.0,87.5,38
146.85257826872996,130.32482306237293,0.21754274436410886,0.42388421297073364,0.05275942385196686,0.3867630809545517,-0.02418898046016693,0.2167564183473587,0.0,0.0,26.00878695097635,24.362885273670415,1.39667436238512,,90.9090909090909,0.0,95.23809523809523,39
139.20574063139247,123.95940468022705,0.21049807197895573,0.40046972036361694,0.05485232174396515,0.36260977387428284,-0.03155180811882019,0.21120133996009827,0.0,0.0,31.280876492225154,29.722004022358306,1.2501363745455762,-5.272089541248803,90.9090909090909,0.0,95.23809523809523,39
132.9007099028042,118.1654145661345,0.20366605798027823,0.3761482834815979,0.05486197769641876,0.34065942466259,-0.037522092461586,0.2021877020597458,0.0,0.0,35.623607294902406,33.73806458250817,1.372990431535797,-4.342730802677252,90.9090909090909,0.0,95.23809523809523,39
131.04060737841593,117.24974205306772,0.20270255125044542,0.3703917860984802,0.05433374643325806,0.33435559272766113,-0.03926509618759155,0.20038701593875885,0.0,0.0,36.87466810817375,34.96815602884638,1.2510608132713443,-1.2510608132713443,90.9090909090909,0.0,95.23809523809523,39
129.42560619294554,116.24586936391191,0.2015233745288616,0.36457496881484985,0.05374115705490112,0.32834872603416443,-0.04102762043476105,0.19884933531284332,0.0,0.0,38.157743022628416,36.226658822267794,1.2830749144546658,-1.2830749144546658,90.9090909090909,0.0,95.23809523809523,39
127.46113377591925,114.56584088095319,0.2005804965714532,0.35654252767562866,0.053144991397857666,0.3221161365509033,-0.042662039399147034,0.19755715131759644,0.0,0.0,39.76191380894557,37.60448305866254,1.6041707863171553,-1.6041707863171553,90.9090909090909,0.0,95.23809523809523,39
123.78639887650218,109.79864420568892,0.19944805173894387,0.34468162059783936,0.05303613841533661,0.310191810131073,-0.04467327892780304,0.19534602761268616,0.0,0.0,42.878541803664824,40.43060547526961,1.9543185378252161,-3.116627994719252,90.9090909090909,0.0,95.23809523809523,39
121.18170608858142,106.20153381026249,0.19888058447815454,0.33628588914871216,0.05321007966995239,0.30356284976005554,-0.04551847279071808,0.19447284936904907,0.0,0.0,45.23401479273501,42.199673417796255,2.3554729890701864,-2.3554729890701864,90.9090909090909,0.0,95.23809523809523,39
119.50613667886341,105.02970313729702,0.19775487117616197,0.3300706744194031,0.05350165069103241,0.29724128544330597,-0.046171873807907104,0.19359315931797028,0.0,0.0,46.7529053558196,43.94742130451476,1.5188905630845895,-1.5188905630845895,90.9090909090909,0.0,95.23809523809523,39
117.36024650380716,102.51535116499214,0.1976620773751703,0.3234027624130249,0.053691938519477844,0.29038119316101074,-0.046760380268096924,0.1928471028804779,0.0,0.0,48.77844251260964,45.91097611620727,2.025537156790037,-2.025537156790037,90.9090909090909,0.0,95.23809523809523,39
111.70013819312211,93.1811932884504,0.19841378207282426,0.30446457862854004,0.05450233817100525,0.26899778842926025,-0.05146855115890503,0.1909114420413971,0.0,0.0,54.07633238578474,53.61594147256194,3.9547054944972686,-5.297889873175102,90.9090909090909,0.0,95.23809523809523,39
120.20033781222935,87.63958635354032,0.2113790444737136,0.33170080184936523,0.0713443011045456,0.2884253263473511,-0.03509144484996796,0.2061004489660263,0.0,0.0,50.64519090130361,52.29157897449729,1.3943847387818522,3.431141484481131,90.9090909090909,0.0,95.23809523809523,39
122.22755981385822,87.87829229661895,0.21278489526726876,0.3386966586112976,0.07196922600269318,0.2933868318796158,-0.03410369157791138,0.2078782320022583,0.0,0.0,49.10315437984954,51.14893885490915,1.5420365214540652,1.5420365214540652,90.9090909090909,0.0,95.23809523809523,39
123.81430630577665,87.42115180688207,0.2088366423257898,0.34296393394470215,0.07265815138816833,0.29852738976478577,-0.0320245623588562,0.20822295546531677,0.0,0.0,47.71013857402049,49.21997148587876,1.7112635143209047,1.3930158058290516,90.9090909090909,0.0,95.23809523809523,39
125.96818830084848,89.72637015963603,0.20783423825556385,0.3482649326324463,0.07207192480564117,0.3004848212003708,-0.031157970428466797,0.2074597179889679,0.0,0.0,45.686902804949135,47.98039946179014,2.0232357690713556,2.0232357690713556,90.9090909090909,0.0,95.23809523809523,39
128.5884029064808,94.00956165860134,0.20674550478565373,0.35571718215942383,0.07157866656780243,0.30223506689071655,-0.03008265793323517,0.20608919858932495,0.0,0.0,43.69175022490521,46.62754842305406,1.9951525800439214,1.9951525800439214,90.9090909090909,0.0,95.23809523809523,39
133.15972820330498,97.91626809675142,0.2067626038029373,0.36770492792129517,0.07133030891418457,0.30777792632579803,-0.028157174587249756,0.20560911297798157,0.0,0.0,40.198778279233885,44.321892470777186,3.4929719456713286,3.4929719456713286,90.9090909090909,0.0,95.23809523809523,39
137.27962879980035,101.5979979232551,0.20689008728215183,0.3784027695655823,0.07160940766334534,0.31529971957206726,-0.025633692741394043,0.20543347299098969,0.0,0.0,36.982046283915054,41.63986939825082,3.216731995318831,3.216731995318831,90.9090909090909,0.0,95.23809523809523,39
140.97075544878814,102.60189762004735,0.20838836744514538,0.39107179641723633,0.07312647998332977,0.3250541239976883,-0.02221374213695526,0.20595888793468475,0.0,0.0,34.49240194174521,38.84124418244984,2.4896443421698464,2.4896443421698464,90.9090909090909,0.0,95.23809523809523,39
143.46346503334598,101.58911640000588,0.20914926210289633,0.397480845451355,0.0746694803237915,0.3349463939666748,-0.01851007342338562,0.2069278359413147,0.0,0.0,32.98463953957171,36.164466511116466,1.5077624021734977,1.5077624021734977,90.9090909090909,0.0,95.23809523809523,39
145.31508343056586,100.35763521135476,0.20899014772465196,0.4004645347595215,0.07587844133377075,0.34288734197616577,-0.015225350856781006,0.20776212215423584,0.0,0.0,31.72970450744085,34.04719806816821,1.2549350321308594,1.2549350321308594,90.9090909090909,0.0,95.23809523809523,39
148.29328611971695,102.3295981663623,0.2086147453597789,0.4095134735107422,0.077423095703125,0.3504646569490433,-0.011931359767913818,0.20841866731643677,0.0,0.0,29.643654215687008,32.212600051111195,2.0860502917538426,2.0860502917538426,90.9090909090909,0.0,95.23809523809523,39
150.89033945350081,104.86876379115154,0.21026495290642705,0.42040473222732544,0.0782211497426033,0.3575502336025238,-0.009087130427360535,0.20903554558753967,0.0,0.0,27.718002090988165,30.519000088421933,1.9256521246988427,1.9256521246988427,90.9090909090909,0.0,95.23809523809523,39
153.95335179143532,107.47758185042123,0.21025812497318072,0.4260299801826477,0.07852040976285934,0.3685789257287979,-0.004252836108207703,0.20957572758197784,0.0,0.0,25.732632499780607,27.522257993618872,1.262110668239096,1.985369591207558,90.9090909090909,0.0,95.23809523809523,39
158.4296753674552,115.17132296435257,0.2163171954231511,0.4422299861907959,0.07743168622255325,0.3807081878185272,0.0018753111362457275,0.2134408801794052,0.0,0.0,22.68543028829076,24.324890774224453,1.3130642893091675,3.0472022114898465,90.9090909090909,0.0,95.23809523809523,39
160.27337142870115,120.62239914048676,0.21911067259109002,0.4528033137321472,0.07706595957279205,0.3873342424631119,0.0036111176013946533,0.21563567221164703,0.0,0.0,21.241078546101775,23.202002285804745,1.444351742188985,1.444351742188985,90.9090909090909,0.0,95.23809523809523,39
165.93256133385034,129.13629283968797,0.22626785390214718,0.4840478301048279,0.07330228388309479,0.4215243011713028,0.008612751960754395,0.2241978496313095,0.0,0.0,16.559318328617053,18.172859254099432,1.4309048565863378,4.681760217484722,90.9090909090909,0.0,95.23809523809523,39
167.28996746335469,132.37791615125718,0.22330012532295013,0.48805010318756104,0.07140380144119263,0.42684829235076904,0.00947636365890503,0.22475582361221313,0.0,0.0,15.20151065138809,17.064396370312323,1.357807677228962,1.357807677228962,90.9090909090909,0.0,95.23809523809523,39
168.84730278454666,135.50712775829805,0.21991026658628762,0.4923638105392456,0.06819137930870056,0.4306104928255081,0.00966179370880127,0.2237362414598465,0.0,0.0,13.58245528188263,15.833376861772791,1.6190553695054604,1.6190553695054604,90.9090909090909,0.0,95.23809523809523,39
170.9115061028568,137.72529591981427,0.22028909288799695,0.49475449323654175,0.06337280571460724,0.4340611398220062,0.009678825736045837,0.22223109006881714,0.0,0.0,11.650655975401918,14.248485059322423,1.9317993064807126,1.9317993064807126,90.9090909090909,0.0,95.23809523809523,39
174.7212708055562,156.8949919337895,0.22160633181555087,0.5030460059642792,0.035312533378601074,0.4481521546840668,0.00450509786605835,0.22108793258666992,0.0,0.0,6.09607542365076,7.731319311540815,1.6001734321686598,5.554580551751158,90.9090909090909,0.0,95.23809523809523,39
168.63064100744583,169.34927256895332,0.1798298479321304,0.5521604418754578,-0.0027352124452590942,0.3829474523663521,-0.014946147799491882,0.1802303045988083,0.0,0.0,5.250706748339738,3.4570202437914688,2.0747886517151244,,96.875,100.0,92.0,40
164.09830685234076,165.75270419799426,0.18191459905613816,0.5447961688041687,0.0005256161093711853,0.3756997212767601,-0.021403491497039795,0.17959903180599213,0.0,0.0,8.065570523174657,6.394488714717724,1.7985619161117654,-2.814863774834919,96.875,100.0,92.0,40
160.25686768230446,162.2036794374957,0.18165842807773255,0.5384818315505981,0.003178134560585022,0.37016264349222183,-0.025311581790447235,0.17985710501670837,0.0,0.0,10.608316159522943,8.539236255076705,1.3922664289766118,-2.542745636348286,96.875,100.0,92.0,40
157.96248167353562,160.25378243173114,0.18017061389779643,0.5348657369613647,0.005055047571659088,0.36660266667604446,-0.02789311110973358,0.1791788637638092,0.0,0.0,12.04114625410115,9.98277066683627,1.4328300945782075,-1.4328300945782075,96.875,100.0,92.0,40
154.43109457117913,157.876723633215,0.18140297899817315,0.5337198972702026,0.006953895092010498,0.3641022518277168,-0.030732788145542145,0.17856545746326447,0.0,0.0,14.070504616706884,11.484004190219327,2.029358362605734,-2.029358362605734,96.875,100.0,92.0,40
143.8922301074672,150.18442963742396,0.17255498598129712,0.5086812674999237,0.011366300284862518,0.34630145132541656,-0.04426199942827225,0.17088046669960022,0.0,0.0,19.937818486855207,17.620626132315724,2.164310006024138,-5.8673138701483225,96.875,100.0,92.0,40
139.5523084715498,145.8860104316779,0.17203538374100916,0.4891358017921448,0.014193452894687653,0.32493361830711365,-0.04974950850009918,0.16503384709358215,0.0,0.0,23.14441894577395,21.81503640364668,1.3196728245943774,-3.206600458918743,96.875,100.0,92.0,40
135.57985686723387,142.2207766769747,0.16688822430575406,0.4856352210044861,0.01578254997730255,0.31685520708560944,-0.051851555705070496,0.1627039909362793,0.0,0.0,25.6883967111944,23.70602055864231,1.5218762547730762,-2.5439777654204505,96.875,100.0,92.0,40
131.04124301870965,137.09624932089804,0.16486716430427234,0.46875274181365967,0.01896410435438156,0.2998819500207901,-0.05457499623298645,0.15632744133472443,0.0,0.0,28.96353662197822,27.14784571066764,1.8851382985991307,-3.275139910783821,96.875,100.0,92.0,40
126.99393287003608,133.9876949926637,0.16083787494574564,0.4586789608001709,0.01948915421962738,0.2903108447790146,-0.05686068534851074,0.1536424309015274,0.0,0.0,31.481879856997857,29.21791453201468,2.1340365312942993,-2.5183432350196355,96.875,100.0,92.0,40
123.85068355884661,131.59541798047482,0.16140693689075644,0.4499267339706421,0.02143871784210205,0.27780529856681824,-0.05985455960035324,0.1492769867181778,0.0,0.0,33.90855057471262,32.32367558416155,1.7752815380472171,-2.4266707177147637,96.875,100.0,92.0,40
121.26211647478883,129.18778851491268,0.1608915422971487,0.4407147169113159,0.02201925963163376,0.2722976505756378,-0.0612238273024559,0.14888745546340942,0.0,0.0,35.872166090461384,34.0292979547138,1.6689599734456095,-1.9636155157487636,96.875,100.0,92.0,40
119.07648472681453,126.67792788939795,0.16068522977972413,0.4324537515640259,0.022365190088748932,0.2647100239992142,-0.0622008740901947,0.14845269918441772,0.0,0.0,38.02098002434683,36.0665154721775,1.8512703674608133,-2.1488139338854424,96.875,100.0,92.0,40
115.20635151153226,123.5923950428138,0.15872764414689564,0.4222380518913269,0.022553138434886932,0.25191670656204224,-0.0631922259926796,0.14680790901184082,0.0,0.0,40.88076982214199,39.2235247663031,1.9826866316145626,-2.859789797795166,96.875,100.0,92.0,40
111.56460030204883,120.21294857808796,0.1565212461039971,0.41357654333114624,0.022862926125526428,0.24370718002319336,-0.06415111571550369,0.14431501924991608,0.0,0.0,43.92709407459255,41.240492934008145,2.6710694258219405,-3.0463242524505603,96.875,100.0,92.0,40
109.60013850949474,118.7899169240549,0.15652599972879175,0.409629225730896,0.02319793403148651,0.23837529122829437,-0.06494750082492828,0.14328084886074066,0.0,0.0,45.387001988803696,42.862722633577214,1.4599079142111435,-1.4599079142111435,96.875,100.0,92.0,40
106.58197705121532,115.70160856918513,0.15096204686379136,0.4000602960586548,0.026051871478557587,0.2266625165939331,-0.06677219271659851,0.1374184936285019,0.0,0.0,47.20845361503718,46.12946044063309,1.7145646198063957,-1.8214516262334826,96.875,100.0,92.0,40
102.58628999243922,111.44516649800912,0.14451191853751866,0.3829069137573242,0.029060840606689453,0.2148936241865158,-0.06620541214942932,0.1315016895532608,0.0,0.0,50.05434589198608,48.808540075250534,1.60615249359941,-2.845892276948902,96.875,100.0,92.0,40
98.12675948873562,107.38328372271376,0.14359865334307823,0.3729405999183655,0.02942086011171341,0.20441226661205292,-0.06710273027420044,0.12724073231220245,0.0,0.0,53.68156540283442,51.37712457742575,2.710423880765731,-3.6272195108483416,96.875,100.0,92.0,40
95.21356349166234,104.64274354732348,0.14099550467641517,0.36518174409866333,0.02994547039270401,0.19694209098815918,-0.06769530475139618,0.12532338500022888,0.0,0.0,56.02139868988527,53.767645805507094,1.6249210826452796,-2.339833287050844,96.875,100.0,92.0,40
92.24871098692654,100.77540153738444,0.14041924666551284,0.3592889904975891,0.031302884221076965,0.1894092559814453,-0.06771770864725113,0.12392860651016235,0.0,0.0,59.042905683457555,56.54613661321987,2.3191412111608756,-3.021506993572288,96.875,100.0,92.0,40
89.01296816740563,97.10352926147094,0.1412473781142243,0.35094738006591797,0.03255895525217056,0.18032695353031158,-0.06737177819013596,0.12361927330493927,0.0,0.0,62.55073443727541,60.44191086735323,2.1596836796207697,-3.5078287538178543,96.875,100.0,92.0,40
87.75380833892166,95.75819211673257,0.14118314742331145,0.3479086756706238,0.032828234136104584,0.1778893768787384,-0.06721161305904388,0.1239234060049057,0.0,0.0,64.00299979398223,61.6819343949844,1.4522653567068176,-1.4522653567068176,96.875,100.0,92.0,40
85.0040770751333,92.14124982279243,0.1408806248832956,0.3421615958213806,0.03309118002653122,0.17442680895328522,-0.0670781061053276,0.12417693436145782,0.0,0.0,66.6576090826067,63.40059851787974,2.6546092886244708,-2.6546092886244708,96.875,100.0,92.0,40
81.80384275213203,88.21539073125687,0.14215533144733733,0.3347036838531494,0.03378252685070038,0.16752168536186218,-0.0669289082288742,0.12473280727863312,0.0,0.0,70.01279034819561,67.00645663412618,2.6603630364754167,-3.355181265588911,96.875,100.0,92.0,40
77.77846116514644,83.40493406614553,0.1436714634309388,0.3281131982803345,0.034890614449977875,0.16091860830783844,-0.06748027354478836,0.12557126581668854,0.0,0.0,73.89748512817013,70.95754508239756,3.8202515143340037,-3.8846947799745237,96.875,100.0,92.0,40
74.08492043131986,79.1397487542679,0.14386105083463993,0.3202365040779114,0.034913234412670135,0.15656374394893646,-0.06838161498308182,0.12656015157699585,0.0,0.0,77.24567426811953,73.83036082228656,3.1446239890991023,-3.3481891399493975,96.875,100.0,92.0,40
71.60382289243682,77.10485928440814,0.14223860157670154,0.31418073177337646,0.03471007198095322,0.1497150957584381,-0.06875190883874893,0.1259213387966156,0.0,0.0,79.69071242513269,77.06381246087084,2.472899553922005,-2.4450381570131583,96.875,100.0,92.0,40
69.87146122806473,75.65896240849257,0.140625242415612,0.3099236488342285,0.03531432896852493,0.1451723277568817,-0.06826971471309662,0.12496082484722137,0.0,0.0,81.72410014337653,78.96957492695987,2.0333877182438442,-2.0333877182438442,96.875,100.0,92.0,40
68.40036117815339,71.64497419677382,0.1402633701861891,0.30557239055633545,0.037216171622276306,0.1383862942457199,-0.06582667678594589,0.12441463768482208,0.0,0.0,85.48097177761144,82.30720602059257,3.147932041361784,-3.756871634234912,96.875,100.0,92.0,40
66.4041526998302,71.4191564295332,0.13804249662484508,0.30055493116378784,0.03960350155830383,0.13341830670833588,-0.06313321739435196,0.12426306307315826,0.0,0.0,86.76284059618298,84.92021192296191,1.6588450143794091,-1.2818688185715388,96.875,100.0,92.0,40
63.902729029254715,68.66768187095224,0.13780747932299986,0.29576218128204346,0.04117511212825775,0.12891624867916107,-0.06256795674562454,0.12328490614891052,0.0,0.0,88.66077692815564,86.88426471060153,1.6513311918917424,-1.8979363319726588,96.875,100.0,92.0,40
60.14936759806536,63.17049490987066,0.13878438352525457,0.28834253549575806,0.042293936014175415,0.1213020384311676,-0.06443621963262558,0.12198208272457123,0.0,0.0,87.91711974800494,89.04220856969178,1.7828272282616666,0.7436571801507057,96.875,100.0,92.0,40
63.77782503144937,70.96207920691295,0.13250193996149598,0.29494673013687134,0.04253416508436203,0.117741659283638,-0.06662770360708237,0.1167110800743103,0.0,0.0,85.97447045483872,87.64803903778133,2.273428657780599,1.9426492931662125,96.875,100.0,92.0,40
66.57973467564562,74.29699610665826,0.13248232577362912,0.30073249340057373,0.042134933173656464,0.12295965850353241,-0.06680554151535034,0.11474782228469849,0.0,0.0,83.08166190171727,85.68596775188465,2.3581776366460474,2.892808553121455,96.875,100.0,92.0,40
68.55470311426097,76.50385849175184,0.13144758978277435,0.30513203144073486,0.041740208864212036,0.12578751146793365,-0.06687668710947037,0.1140332967042923,0.0,0.0,80.77933923113903,83.81882778151459,2.302322670578235,2.302322670578235,96.875,100.0,92.0,40
72.35682584459994,80.69693567269391,0.13140999734251538,0.3138084411621094,0.04123973101377487,0.1297311633825302,-0.06694824993610382,0.11367452144622803,0.0,0.0,76.97245249905114,81.5683232925677,3.8068867320878894,3.8068867320878894,96.875,100.0,92.0,40
80.84864432046976,89.76829463349887,0.13551753894477617,0.33276963233947754,0.040605247020721436,0.14185687899589539,-0.06705533713102341,0.1144351065158844,0.0,0.0,69.50451430955182,75.78259150428148,6.369545667832128,7.467938189499321,96.875,100.0,92.0,40
88.87625493022324,95.7978999011033,0.14084081315356622,0.3501740097999573,0.04009607434272766,0.1643325239419937,-0.06639701873064041,0.12093095481395721,0.0,0.0,63.7852009415766,67.83932314000431,4.9824669260314,5.719313367975225,96.875,100.0,92.0,40
94.48887258963202,100.55880400777393,0.14701759216009336,0.3666338324546814,0.039166614413261414,0.17800013720989227,-0.06530379503965378,0.1262124478816986,0.0,0.0,59.32997183163285,63.67562859320875,3.489701900384702,4.455229109943751,96.875,100.0,92.0,40
102.14292512474839,106.93288425895842,0.15629608842189385,0.38672083616256714,0.036900341510772705,0.19610770046710968,-0.06503399461507797,0.13394778966903687,0.0,0.0,53.02005703525019,58.70769779165366,6.641031532463856,6.309914796382657,96.875,100.0,92.0,40
108.95148429344934,112.68090839271893,0.1636567765753607,0.4051275849342346,0.03266797959804535,0.2240302860736847,-0.0648832693696022,0.14631445705890656,0.0,0.0,47.814554189899184,51.488967327357074,4.412472482185628,5.205502845351006,96.875,100.0,92.0,40
111.06129523090118,114.77728958875176,0.161068181839733,0.41078925132751465,0.03152959793806076,0.2297174036502838,-0.06448855251073837,0.1477985829114914,0.0,0.0,45.49853625893306,49.60858713327778,2.316017930966126,2.316017930966126,96.875,100.0,92.0,40
115.97788433112348,118.88332326341198,0.16624358487391333,0.4298899173736572,0.030181288719177246,0.23856906592845917,-0.06408862769603729,0.14970697462558746,0.0,0.0,41.78485689065923,46.83124350289407,3.71367936827383,3.71367936827383,96.875,100.0,92.0,40
122.22540223765793,122.52799139637399,0.16911238551418817,0.453848659992218,0.028707392513751984,0.25742945075035095,-0.06203068047761917,0.15355655550956726,0.0,0.0,37.170184727688586,41.25448529611119,3.394178579475316,4.614672162970642,96.875,100.0,92.0,40
130.68353526845772,129.60847202475992,0.17113933616039323,0.47362953424453735,0.02844880521297455,0.28064289689064026,-0.0565352737903595,0.1591603010892868,0.0,0.0,31.2255672845845,35.046644984526424,4.371932807973984,5.944617443104086,96.875,100.0,92.0,40
138.70336707635752,136.2455522055183,0.17517588902892375,0.5011569857597351,0.02770734578371048,0.2977525442838669,-0.051968611776828766,0.1625816822052002,0.0,0.0,25.692222365841488,30.712960860410185,4.6443313328147795,5.533344918743012,96.875,100.0,92.0,40
143.7011863116381,141.41216496367468,0.18402780336364294,0.5246784090995789,0.025754272937774658,0.32014597207307816,-0.04731270670890808,0.1683790385723114,0.0,0.0,22.44321675767013,25.83306829956758,2.4170636184322944,3.249005608171359,96.875,100.0,92.0,40
150.4450529206839,148.65448429732226,0.18797002448936384,0.5485395193099976,0.020640499889850616,0.3480471819639206,-0.04209870845079422,0.18109183013439178,0.0,0.0,17.372656731130988,20.67632439236271,3.9429476243278714,5.070560026539141,96.875,100.0,92.0,40
157.25664693989896,155.02619665552345,0.19433046825509478,0.5575275421142578,0.016079820692539215,0.36349736899137497,-0.038188591599464417,0.18490074574947357,0.0,0.0,13.130844257950415,17.053746062545084,3.26503464768966,4.241812473180573,96.875,100.0,92.0,40
163.38744365494668,161.35686020670053,0.19790304835749314,0.5615723431110382,0.010579973459243774,0.3900471106171608,-0.03006083518266678,0.19507266581058502,0.0,0.0,9.203014210555267,11.767903155496118,3.4198375252412347,3.9278300473951475,96.875,100.0,92.0,40
167.23544538953908,165.1011939232028,0.19527965053668545,0.5593486726284027,0.006703183054924011,0.3898507133126259,-0.02507179230451584,0.1959214061498642,0.0,0.0,6.858435090973231,9.284647301246217,1.5958530766866375,2.3445791195820362,96.875,100.0,92.0,40
168.64474865030417,166.86469637538704,0.19421246229643693,0.5620907247066498,0.003664061427116394,0.3890761137008667,-0.02201036363840103,0.19466017186641693,0.0,0.0,5.591204701642383,7.526735542707687,1.267230389330848,1.267230389330848,96.875,100.0,92.0,40
172.33867155262007,169.73352976098454,0.19347098666858345,0.5613070726394653,0.0016752779483795166,0.3886469528079033,-0.01912461221218109,0.19383887946605682,0.0,0.0,3.5179674580769102,6.105473854588098,2.0732372435654725,2.0732372435654725,96.875,100.0,92.0,40
177.54312619630292,174.2096262638829,0.18825774755404284,0.5651423037052155,-0.0024783238768577576,0.38800129294395447,-0.01132773607969284,0.1902574896812439,0.0,0.0,0.542465351373977,2.5699375147473944,2.1186786821410095,2.9755021067029332,96.875,100.0,92.0,40
179.90460482127548,176.89453917523429,0.18546717368067145,0.5689014792442322,-0.005349278450012207,0.3891043961048126,-0.0070466548204422,0.18728908896446228,0.0,0.0,-1.2640609001129803,0.5041288634437286,1.3410278691119117,1.8065262514869573,96.875,100.0,92.0,40
170.06794484771197,168.8030478675212,0.18484013972690055,0.549636721611023,-0.0017013177275657654,0.3825627788901329,-0.011456497013568878,0.18213102221488953,0.0,0.0,4.9483375055067995,2.788578769176116,2.58258842841488,,87.5,100.0,90.625,41
165.74197545486183,165.12148360561324,0.17308068131550952,0.5404772758483887,0.002792365849018097,0.37435634434223175,-0.0174652561545372,0.17964579164981842,0.0,0.0,7.510865843562385,5.956814532426691,1.483182310688818,-2.5625283380555857,87.5,100.0,90.625,41
162.2582469857032,162.47608900858344,0.17552255529163333,0.5402707755565643,0.004267401993274689,0.36873822659254074,-0.01963021606206894,0.17705382406711578,0.0,0.0,9.646353801565638,7.1313186064414005,2.135487958003253,-2.135487958003253,87.5,100.0,90.625,41
156.21915824391982,158.15979367519606,0.17194263403050616,0.5308489799499512,0.0061443522572517395,0.3607194647192955,-0.023533612489700317,0.1737343966960907,0.0,0.0,13.141181683212778,9.081521215303592,3.49482788164714,-3.49482788164714,87.5,100.0,90.625,41
153.0811450138838,156.09735733401376,0.17204536763868747,0.5259991586208344,0.008017055690288544,0.3524097800254822,-0.028098270297050476,0.1707412451505661,0.0,0.0,14.978614497853073,11.319253956548469,1.8374328146402945,-1.8374328146402945,87.5,100.0,90.625,41
148.1907635366419,151.89358732065025,0.17095468277198225,0.5189186632633209,0.011552885174751282,0.3407486453652382,-0.03523622453212738,0.1675337255001068,0.0,0.0,17.955772400502923,15.138631869305609,3.476813504849261,-2.97715790264985,87.5,100.0,90.625,41
139.85187936642478,144.43784024781726,0.16822301295587028,0.5008625090122223,0.014253020286560059,0.3298795074224472,-0.04379447549581528,0.16593308746814728,0.0,0.0,23.38573514503608,19.535761212221825,5.422368602150172,-5.429962744533157,87.5,100.0,90.625,41
134.2455434265039,138.0374607894621,0.16446535041424876,0.4854915738105774,0.020774714648723602,0.31239908188581467,-0.04980965703725815,0.15929360687732697,0.0,0.0,27.493255355741923,24.775830548264295,3.2078021790660642,-4.107520210705843,87.5,100.0,90.625,41
130.89930712343133,133.9384565719731,0.16543589444848278,0.4707421064376831,0.023171089589595795,0.30262303352355957,-0.0513034388422966,0.15708892047405243,0.0,0.0,30.11663870811867,27.167657173137425,3.341357256105425,-2.6233833523767487,87.5,100.0,90.625,41
124.92681810800022,129.78893697789144,0.15849787663563608,0.4538338780403137,0.02459602802991867,0.28434325754642487,-0.055330559611320496,0.15220704674720764,0.0,0.0,33.61886265719944,31.197510358882568,3.165014925528979,-3.502223949080772,87.5,100.0,90.625,41
119.36287173783285,122.97150933796159,0.15936237318450053,0.4358673691749573,0.026652313768863678,0.2674333304166794,-0.05798608064651489,0.14803758263587952,0.0,0.0,38.79662113596749,35.379799304958084,4.07500437443862,-5.177758478768048,87.5,100.0,90.625,41
111.08121511464026,114.7622213893797,0.15987465120869163,0.4143911600112915,0.02881453186273575,0.2545657306909561,-0.059742093086242676,0.14785076677799225,0.0,0.0,45.98384247737491,39.87072204188765,6.003034684695578,-7.187221341407415,87.5,100.0,90.625,41
112.45198275066062,117.06300012834215,0.15332211008535196,0.4157586693763733,0.03086564689874649,0.24151396751403809,-0.06162367761135101,0.14455685019493103,0.0,0.0,43.72565255981779,43.705993293852,1.4080177857181866,2.258189917557118,87.5,100.0,90.625,41
107.29993325567554,112.11793822806948,0.15266563920932108,0.3991512060165405,0.03170163184404373,0.23389601707458496,-0.062276408076286316,0.14235109090805054,0.0,0.0,48.31322473198434,45.789097528678255,4.587572172166553,-4.587572172166553,87.5,100.0,90.625,41
101.57754311094698,106.82556264414596,0.1480738915821984,0.381226122379303,0.0332767590880394,0.21928410232067108,-0.06273776292800903,0.1370156705379486,0.0,0.0,53.01838918896188,49.45085296038675,5.015885098936543,-4.705164456977542,87.5,100.0,90.625,41
99.94790510126484,105.34589062303907,0.14998842861665349,0.37831223011016846,0.03386270999908447,0.21467135846614838,-0.06302034109830856,0.136147141456604,0.0,0.0,54.72399336840705,51.053545119492426,1.7056041794451673,-1.7056041794451673,87.5,100.0,90.625,41
94.13865111059488,99.97101897667466,0.14617028176119093,0.36278218030929565,0.034498900175094604,0.20640496909618378,-0.06361187249422073,0.13427773118019104,0.0,0.0,59.54690849786225,53.82294878631413,4.822915129455197,-4.822915129455197,87.5,100.0,90.625,41
87.24910125854387,93.07823757296356,0.14129086401273294,0.3456697463989258,0.037086278200149536,0.1847505271434784,-0.0644390881061554,0.12837888300418854,0.0,0.0,65.6961194055014,61.00919049743655,6.26408927951411,-6.149210907639159,87.5,100.0,90.625,41
86.01120141626154,91.80859864177339,0.14113015620939764,0.34218472242355347,0.03773225098848343,0.1795112043619156,-0.06424129009246826,0.127068430185318,0.0,0.0,67.01890198329231,62.877188868794065,1.3227825777909032,-1.3227825777909032,87.5,100.0,90.625,41
78.74440241611694,83.84224959069445,0.14133367971916797,0.32794201374053955,0.0385386198759079,0.16613087058067322,-0.06406639516353607,0.1259770393371582,0.0,0.0,74.31015538346209,68.69320112524827,6.5625276547248035,-7.291253400169779,87.5,100.0,90.625,41
77.61704924805201,82.26115979792364,0.1423615350178182,0.32576584815979004,0.03873790055513382,0.16147419810295105,-0.06401167809963226,0.12630492448806763,0.0,0.0,75.64671013798396,71.1808488083689,1.3365547545218703,-1.3365547545218703,87.5,100.0,90.625,41
70.1353553927841,75.10438642550177,0.14121599080613711,0.31117773056030273,0.03896068036556244,0.15394000709056854,-0.06419563293457031,0.12623478472232819,0.0,0.0,82.57704437389673,75.07038440602001,6.930334235912767,-6.930334235912767,87.5,100.0,90.625,41
68.4843587600555,73.93651457664546,0.14027681836364064,0.3074645400047302,0.039273813366889954,0.145705446600914,-0.06436625868082047,0.1257830113172531,0.0,0.0,84.07984317127897,79.15343826665544,1.5027987973822405,-1.5027987973822405,87.5,100.0,90.625,41
63.083630720043004,67.00011697368515,0.13932500912966989,0.29729366302490234,0.04011232405900955,0.13336779177188873,-0.0646875873208046,0.12439809739589691,0.0,0.0,89.29361416768869,85.10343011366442,4.830395425895375,-5.213770996409721,87.5,100.0,90.625,41
57.30868252303494,61.95919209816095,0.1387305470306737,0.28644484281539917,0.04214751720428467,0.12295939028263092,-0.06504081934690475,0.12264850735664368,0.0,0.0,85.58156176107963,87.61447712781622,1.7745715498259074,3.712052406609061,87.5,100.0,90.625,41
53.09151852807533,59.03651195080597,0.13733283328985743,0.2784385085105896,0.04245752841234207,0.11460898816585541,-0.06531578302383423,0.12150637805461884,0.0,0.0,81.2112854903214,85.02503066217488,4.739856596071604,4.370276270758225,87.5,100.0,90.625,41
49.09122939523717,54.342398895008856,0.13224753302763667,0.2737581133842468,0.04110952466726303,0.09906747937202454,-0.06618747115135193,0.11659848690032959,0.0,0.0,79.13994336763142,80.71706901998262,1.6927129628402753,2.071342122689984,87.5,100.0,90.625,41
57.116057716015995,63.057104471732934,0.13110276609522237,0.2898033857345581,0.03981218487024307,0.09945978224277496,-0.06902236491441727,0.11096687614917755,0.0,0.0,88.93663985533196,83.96327078091173,6.156562507995986,-9.796696487700544,87.5,100.0,90.625,41
63.35247958561041,69.20138631255078,0.12938537217220697,0.3010489344596863,0.041791632771492004,0.11378183960914612,-0.06896470487117767,0.1116430014371872,0.0,0.0,84.58902584125092,88.13142611081467,4.919321067413435,4.347614014081046,87.5,100.0,90.625,41
66.12442060453543,72.32330536183065,0.1288890759194046,0.30508822202682495,0.04239296913146973,0.11776793003082275,-0.06881174445152283,0.11108611524105072,0.0,0.0,81.7639969199282,86.33826537696373,2.825028921322712,2.825028921322712,87.5,100.0,90.625,41
68.44399816540664,74.16639595555824,0.12935115613664236,0.3094683289527893,0.04293518513441086,0.12223117053508759,-0.06859307736158371,0.11069047451019287,0.0,0.0,79.64232247011773,83.87592303499031,2.1216744498104703,2.1216744498104703,87.5,100.0,90.625,41
71.89824764372258,78.06086744434378,0.12900128151319998,0.3162609934806824,0.042813874781131744,0.1281876266002655,-0.06858252733945847,0.1094433069229126,0.0,0.0,75.89191971321675,80.4718162361284,3.750402756900982,3.750402756900982,87.5,100.0,90.625,41
75.48610198882653,80.17740087206192,0.13155931929740358,0.31937944889068604,0.0426165834069252,0.13451431691646576,-0.06843513250350952,0.11017219722270966,0.0,0.0,73.34702486546956,77.66131599218306,2.5448948477471873,2.5448948477471873,87.5,100.0,90.625,41
82.10812072903911,86.71979338260785,0.13208712543657292,0.33296287059783936,0.04235730320215225,0.14312373101711273,-0.06821203231811523,0.11124581098556519,0.0,0.0,67.09850887663866,73.99494398136068,6.248515988830903,6.248515988830903,87.5,100.0,90.625,41
85.1973951928394,89.40000670897749,0.1318089772587359,0.33842283487319946,0.04201574623584747,0.15184609591960907,-0.06764234602451324,0.11230500042438507,0.0,0.0,64.70362801950503,70.2602703687075,2.3948808571336286,2.3948808571336286,87.5,100.0,90.625,41
90.59779541093638,95.04959183371408,0.1352745356846381,0.3509739637374878,0.041782818734645844,0.16672345995903015,-0.06613350659608841,0.1152946949005127,0.0,0.0,60.65190197766537,64.54343687358143,5.067806642851274,4.051726041839665,87.5,100.0,90.625,41
95.97227405950957,98.66210671753333,0.14314977590810873,0.3659747242927551,0.04046190530061722,0.1837603896856308,-0.06457149982452393,0.12230290472507477,0.0,0.0,57.52514225216136,59.669889628464716,3.1135211500951527,3.1267597255040087,87.5,100.0,90.625,41
101.34653520096737,104.45324914617953,0.1494740899854174,0.3820810914039612,0.03881664574146271,0.19546733796596527,-0.06396807730197906,0.12899470329284668,0.0,0.0,53.391329757670086,57.1404678040123,3.6154060462911772,4.1338124944912735,87.5,100.0,90.625,41
107.37785247105285,111.13731804583408,0.1554780198959874,0.3991861343383789,0.0349007174372673,0.2160266786813736,-0.0643330067396164,0.13809895515441895,0.0,0.0,48.047234942726334,51.89752716677801,4.768113352714138,5.344094814943752,87.5,100.0,90.625,41
110.01190819114282,113.1442479291923,0.1553906984497702,0.4059988856315613,0.03247872740030289,0.2268439531326294,-0.06449371576309204,0.1406441032886505,0.0,0.0,45.6441975799204,48.429003925253596,1.5650373030067897,2.4030373628059323,87.5,100.0,90.625,41
112.85638216832885,116.5492221659877,0.15934504689440765,0.4174896478652954,0.03092414140701294,0.23451678454875946,-0.06435555964708328,0.1426270455121994,0.0,0.0,43.36065499823755,46.06533060095287,2.283542581682852,2.283542581682852,87.5,100.0,90.625,41
118.7080668564088,120.8359330729582,0.1644479954168323,0.44060081243515015,0.028518885374069214,0.24718616902828217,-0.06379349529743195,0.14647658169269562,0.0,0.0,38.86673700528998,42.56923635226144,3.5386188203078746,4.493917992947573,87.5,100.0,90.625,41
125.03308260292428,125.23380032121396,0.1678860467742115,0.45962417125701904,0.02704203873872757,0.26874464750289917,-0.06091110408306122,0.15401645004749298,0.0,0.0,34.56008314576792,37.51492552243975,3.8738488907803372,4.306653859522058,87.5,100.0,90.625,41
127.94992799298069,127.97351965823735,0.16694506412192225,0.46426862478256226,0.02647925168275833,0.27911438047885895,-0.05833670496940613,0.15622837841510773,0.0,0.0,32.242952090900395,34.683988783699746,1.2560357706820184,2.3171310548675237,87.5,100.0,90.625,41
131.85428803240717,132.2975392686792,0.16743697423684512,0.47301429510116577,0.025522582232952118,0.28755131363868713,-0.056695833802223206,0.15770825743675232,0.0,0.0,29.242800084239896,32.38620579562266,3.0001520066604996,3.0001520066604996,87.5,100.0,90.625,41
137.4364810888787,136.7291500448414,0.17176340844672508,0.49448591470718384,0.023067206144332886,0.30066239833831787,-0.05406806617975235,0.1599348485469818,0.0,0.0,25.198684218611163,28.811708314024266,3.363712643734445,4.044115865628733,87.5,100.0,90.625,41
141.72087543431618,140.5097278159752,0.1809333778577366,0.5086962282657623,0.01917843520641327,0.3207729235291481,-0.050717130303382874,0.16794145107269287,0.0,0.0,22.947373228804864,24.582154398146443,2.2144643930047465,2.2513109898062993,87.5,100.0,90.625,41
149.7804183613716,146.3256636241025,0.18631930683393635,0.5315901041030884,0.017404839396476746,0.33818770945072174,-0.04468505084514618,0.1784568578004837,0.0,0.0,18.121816160032793,21.28106429277378,3.9201514278643685,4.825557068772071,87.5,100.0,90.625,41
151.6851446318937,149.67148081794087,0.1901845427603942,0.5435925722122192,0.015812896192073822,0.3506333976984024,-0.041217319667339325,0.18336239457130432,0.0,0.0,16.58982396499445,18.894293803321467,2.2337435353670116,1.5319921950383417,87.5,100.0,90.625,41
153.09679768556427,151.66399326511996,0.19294528180003037,0.5523883700370789,0.014350846409797668,0.36049340665340424,-0.0395481139421463,0.1856393814086914,0.0,0.0,15.190714574286588,17.181480549918824,1.3991093907078636,1.3991093907078636,87.5,100.0,90.625,41
156.46887290919227,155.51600693881358,0.19943091561536921,0.5552667081356049,0.011496827006340027,0.37612859159708023,-0.038288623094558716,0.191661074757576,0.0,0.0,13.335895202063568,15.120371821558741,2.02915834282679,1.8548193722230195,87.5,100.0,90.625,41
162.22181276434753,161.0415077584799,0.20094527909519952,0.5608973503112793,0.007815837860107422,0.38808998465538025,-0.032220177352428436,0.19690951704978943,0.0,0.0,9.825699694892322,11.835913263802244,1.9009396398433864,3.5101955071712467,87.5,100.0,90.625,41
167.2992816913331,165.37913415296822,0.19882173709817624,0.5619927644729614,0.0042122602462768555,0.39343198388814926,-0.025367602705955505,0.19935065507888794,0.0,0.0,6.729370707460632,8.667708546462688,2.2939529233669305,3.09632898743169,87.5,100.0,90.625,41
172.82019077955445,169.8362714720382,0.1911214138657391,0.5673066079616547,0.0023868605494499207,0.39159082621335983,-0.01935335248708725,0.19601058959960938,0.0,0.0,3.5613656132807563,6.3623539785398044,2.5739903493095113,3.1680050941798754,87.5,100.0,90.625,41
178.43701693565544,174.36350876803823,0.1874788002480997,0.5694907009601593,-0.0012052655220031738,0.3931395933032036,-0.009186550974845886,0.19045250117778778,0.0,0.0,0.18826133551182522,2.2662507998024424,2.0981777999024445,3.373104277768931,87.5,100.0,90.625,41
177.1312663244781,179.5561624871307,0.23023834036314067,0.484566867351532,,,,,0.0,0.0,-0.6437677718175223,,5.276036102716716,,97.05882352941177,60.0,67.5,42
171.1996487666395,170.16557229121457,0.23110240978400728,0.4869115352630615,0.0016857385635375977,0.4513399600982666,-0.012731567025184631,0.22981134057044983,0.0,0.0,5.481958364998718,3.7303584042815814,1.2625611235324925,-6.12572613681624,97.05882352941177,60.0,67.5,42
167.60840394396837,165.7130417599246,0.23286743481533362,0.4819182753562927,0.009564951062202454,0.4488711506128311,-0.014051586389541626,0.2311316728591919,0.0,0.0,8.525370460964055,6.20536137913717,1.9306510118443754,-3.043412095965337,97.05882352941177,60.0,67.5,42
165.19221063187064,163.09569559986713,0.23264348729174164,0.4785957932472229,0.01407681405544281,0.44717642664909363,-0.015277892351150513,0.23167195916175842,0.0,0.0,10.473020929677617,7.768767301190017,1.9476504687135616,-1.9476504687135616,97.05882352941177,60.0,67.5,42
162.1462860888877,159.94753038296756,0.23066475660345154,0.4703991413116455,0.022052854299545288,0.4430086612701416,-0.01822701096534729,0.231230229139328,0.0,0.0,12.69859690563483,10.77599737392081,1.2915957062280938,-2.225575975957213,97.05882352941177,60.0,67.5,42
158.84546429572288,155.7281210923309,0.22749242974927353,0.4595721960067749,0.027980923652648926,0.435285821557045,-0.02102138102054596,0.22849680483341217,0.0,0.0,15.414429244472487,13.351248686665503,1.5294618473245265,-2.7158323388376573,97.05882352941177,60.0,67.5,42
156.73251314113,153.97843039155669,0.22771440605016366,0.4549494981765747,0.03044794499874115,0.43043920397758484,-0.02273671329021454,0.22734160721302032,0.0,0.0,16.77257538451333,14.692642232942152,1.3581461400408443,-1.3581461400408443,97.05882352941177,60.0,67.5,42
151.94325820619437,149.75905853357565,0.22493562944506712,0.43990832567214966,0.03677687048912048,0.41679298877716064,-0.027574941515922546,0.22474496066570282,0.0,0.0,20.484699553124585,18.54721071913704,1.4670722815119461,-3.712124168611254,97.05882352941177,60.0,67.5,42
149.90179555251675,147.05660063650822,0.22194648858518085,0.4350051283836365,0.038424402475357056,0.4108228534460068,-0.029108643531799316,0.22309251129627228,0.0,0.0,21.836457303092644,19.81318119878187,1.3517577499680584,-1.3517577499680584,97.05882352941177,60.0,67.5,42
147.40808292073848,144.64617471719035,0.22198702631828485,0.4258912205696106,0.03965438902378082,0.4037536233663559,-0.03098142147064209,0.22167274355888367,0.0,0.0,23.657683437101014,21.24911689123272,1.82122613400837,-1.82122613400837,97.05882352941177,60.0,67.5,42
136.76962814331463,131.40350121428372,0.20922011003588395,0.38544535636901855,0.04208888113498688,0.3626203089952469,-0.043041810393333435,0.20610103011131287,0.0,0.0,30.472069227186864,28.555626611269965,1.481883717316279,-6.814385790085851,97.05882352941177,60.0,67.5,42
134.72368053346617,129.32780002452427,0.20931069296676852,0.3813657760620117,0.04239727556705475,0.3579377979040146,-0.045295342803001404,0.2043115496635437,0.0,0.0,31.75547128137884,29.74000028714372,1.2834020541919742,-1.2834020541919742,97.05882352941177,60.0,67.5,42
132.3822467377347,127.44406106081756,0.20981166794619757,0.37558233737945557,0.04258306324481964,0.3531126230955124,-0.04765690863132477,0.2036907821893692,0.0,0.0,33.379345564125586,31.149267895640467,1.6238742827467476,-1.6238742827467476,97.05882352941177,60.0,67.5,42
129.4762308940823,125.35526852106634,0.2068000714219248,0.3668450117111206,0.04280427098274231,0.3477685749530792,-0.050333425402641296,0.2025989443063736,0.0,0.0,35.218176050810676,32.70626553087549,1.8388304866850902,-1.8388304866850902,97.05882352941177,60.0,67.5,42
124.26196729411794,121.67110721897751,0.1977832880666468,0.3426384925842285,0.040802404284477234,0.3265892565250397,-0.05758039653301239,0.19352085888385773,0.0,0.0,38.08541570077702,36.502060797448884,1.3085004954807076,-2.8672396499663435,97.05882352941177,60.0,67.5,42
121.87546528485493,120.09626810419145,0.19710743877461992,0.3358800411224365,0.03963841497898102,0.3189419060945511,-0.05938422679901123,0.1904464066028595,0.0,0.0,39.851013295990256,37.66027010874378,1.7655975952132366,-1.7655975952132366,97.05882352941177,60.0,67.5,42
120.20546849094649,119.23545690273481,0.19564793669195837,0.33083271980285645,0.03909525275230408,0.3115058094263077,-0.060762107372283936,0.1879667192697525,0.0,0.0,41.22946309384436,38.98570182397699,1.3784497978541026,-1.3784497978541026,97.05882352941177,60.0,67.5,42
117.60232361404599,117.56774315452331,0.1927590971114098,0.3214268684387207,0.03882274031639099,0.3036646693944931,-0.06195664405822754,0.1857536882162094,0.0,0.0,43.0832900969322,40.562295546885956,1.8538270030878437,-1.8538270030878437,97.05882352941177,60.0,67.5,42
114.96629267111058,116.22650093122682,0.1897953397152262,0.3135712742805481,0.03855900466442108,0.2959504872560501,-0.06355981528759003,0.18308745324611664,0.0,0.0,44.55891744717608,42.180670983485726,1.475627350243876,-1.475627350243876,97.05882352941177,60.0,67.5,42
111.43904032796368,113.60531127561234,0.18527628892177825,0.30110061168670654,0.036914288997650146,0.27989377081394196,-0.0664641410112381,0.17678576707839966,0.0,0.0,47.06101633246214,45.10402691016696,1.3481325683647114,-2.5020988852860597,97.05882352941177,60.0,67.5,42
109.77770860783727,112.21401854417255,0.1837490163798176,0.29488688707351685,0.03637610375881195,0.2726707011461258,-0.06741797924041748,0.1740266978740692,0.0,0.0,48.646381452057575,46.49479974894831,1.585365119595437,-1.585365119595437,97.05882352941177,60.0,67.5,42
103.01275569795109,108.90079390499106,0.17127693762790985,0.2734832763671875,0.03534416854381561,0.2494579404592514,-0.0705418735742569,0.16009743511676788,0.0,0.0,51.45432946443716,49.83476615220591,1.2535759397281154,-2.8079480123795832,97.05882352941177,60.0,67.5,42
100.13769412230982,105.7641590625623,0.16915177565140335,0.265852689743042,0.03508967161178589,0.24362792074680328,-0.07254473865032196,0.15647394955158234,0.0,0.0,53.28740402708295,50.99976260071791,1.8330745626457912,-1.8330745626457912,97.05882352941177,60.0,67.5,42
97.08703685024244,102.73805459630633,0.16752601222158425,0.2567644715309143,0.035167962312698364,0.23678112030029297,-0.0743030458688736,0.15327829122543335,0.0,0.0,55.80361217821615,52.68652479861132,2.516208151133199,-2.516208151133199,97.05882352941177,60.0,67.5,42
94.83980398961677,101.14163582657679,0.1652952288403804,0.2494645118713379,0.03529585897922516,0.22958064079284668,-0.07565668225288391,0.15033209323883057,0.0,0.0,57.4789103919167,54.506064015413244,1.6752982137005503,-1.6752982137005503,97.05882352941177,60.0,67.5,42
91.98065967055362,98.0236437859487,0.1628405296782193,0.2409684658050537,0.035420775413513184,0.22157065570354462,-0.07651729881763458,0.1475299894809723,0.0,0.0,59.69251872293512,56.565611330037726,2.2136083310184205,-2.2136083310184205,97.05882352941177,60.0,67.5,42
89.46612462938043,94.29984179180495,0.16371480523345522,0.2354406714439392,0.03585889935493469,0.2140962928533554,-0.07690748572349548,0.1457977443933487,0.0,0.0,62.38541743619124,58.840114682314805,2.6928987132561204,-2.6928987132561204,97.05882352941177,60.0,67.5,42
86.90512858074084,89.00647987353315,0.16087534557814678,0.23025590181350708,0.03671354055404663,0.20676663517951965,-0.076856330037117,0.14394716918468475,0.0,0.0,64.84896602880524,61.10145314496207,2.4635485926139964,-2.4635485926139964,97.05882352941177,60.0,67.5,42
82.1358888922997,85.50548039337922,0.159237964870235,0.21819853782653809,0.0375027060508728,0.1982857882976532,-0.07695277035236359,0.1421748250722885,0.0,0.0,68.87479450062226,63.95042417213847,4.025828471817022,-4.025828471817022,97.05882352941177,60.0,67.5,42
79.29262777932894,81.00422878563388,0.16000299311377403,0.21275615692138672,0.038314029574394226,0.19061602652072906,-0.07711227238178253,0.14127841591835022,0.0,0.0,71.57016307547485,66.9198352602734,2.695368574852594,-2.695368574852594,97.05882352941177,60.0,67.5,42
76.12706568737116,75.25507510299917,0.1508075274070819,0.20432060956954956,0.04105938971042633,0.17494253814220428,-0.07530520856380463,0.13751891255378723,0.0,0.0,75.62104501186562,72.20100338124969,2.883034074829581,-4.050881936390766,97.05882352941177,60.0,67.5,42
73.8124479721443,72.24186235884085,0.15479904682382004,0.20737683773040771,0.04437026381492615,0.1694977879524231,-0.07398991286754608,0.1369674652814865,0.0,0.0,78.50601165562547,74.60880767000049,2.884966643759853,-2.884966643759853,97.05882352941177,60.0,67.5,42
70.1899169827081,67.73369808233107,0.16019961265522784,0.2052861452102661,0.04946127533912659,0.163907989859581,-0.07124432921409607,0.1384163647890091,0.0,0.0,85.11739902271223,77.99561665680983,6.611387367086763,-6.611387367086763,97.05882352941177,60.0,67.5,42
67.8612206998888,65.28312927912579,0.1627174750451349,0.20276808738708496,0.05414746701717377,0.1584424376487732,-0.06895032525062561,0.14109796285629272,0.0,0.0,88.37095720183245,81.90385322300895,3.253558179120219,-3.253558179120219,97.05882352941177,60.0,67.5,42
64.25213040700726,61.566314980196374,0.15928880935512743,0.19129222631454468,0.059908926486968994,0.14874432981014252,-0.0650910884141922,0.14661934971809387,0.0,0.0,87.82333564473684,87.6928228246684,1.636263784655199,0.54762155709561,97.05882352941177,60.0,67.5,42
56.41562239218699,51.418444241251194,0.1562312026951191,0.17367714643478394,0.0590302050113678,0.1366068571805954,-0.06308601796627045,0.14509393274784088,0.0,0.0,79.85309083508082,85.96767482479757,6.8815825548997225,7.970244809656023,97.05882352941177,60.0,67.5,42
50.886036172847234,47.25775540867436,0.14900251337770737,0.15815842151641846,0.05413356423377991,0.11313551664352417,-0.06235256791114807,0.13684754073619843,0.0,0.0,76.43520723124966,78.50173059907945,2.155160663966086,3.4178836038311573,97.05882352941177,60.0,67.5,42
51.901257263064224,41.36372444171928,0.14532976004140016,0.15422743558883667,0.053506359457969666,0.10920876264572144,-0.06373299658298492,0.13316667079925537,0.0,0.0,79.64890147490487,78.45068325903547,3.213694243655212,-3.213694243655212,97.05882352941177,60.0,67.5,42
61.94766774953046,39.730255455254884,0.12991870585685797,0.1586405634880066,0.054100751876831055,0.10595187544822693,-0.0568540096282959,0.12963636219501495,0.0,0.0,76.84245303278348,77.87923240853844,2.8064484421213933,2.8064484421213933,97.05882352941177,60.0,67.5,42
60.88881209893819,25.372804631072043,0.1301448583731403,0.1598568558692932,0.05499221384525299,0.1043938547372818,-0.046893686056137085,0.12920787930488586,0.0,0.0,70.73480241245608,75.91534103784852,6.107650620327405,6.107650620327405,97.05882352941177,60.0,67.5,42
48.356009736566534,1.956394877379363,0.10538496163829636,0.12811505794525146,0.05280810594558716,0.09437952935695648,-0.037969186902046204,0.12095975875854492,0.0,0.0,64.08278876506193,72.82723642130159,6.652013647394142,6.652013647394142,97.05882352941177,60.0,67.5,42
48.212212250793606,2.8598119019255934,0.08789880695773046,0.1409417986869812,0.04760800302028656,0.08201523125171661,-0.0248640775680542,0.11044710874557495,0.0,0.0,58.19795094088384,67.46449878779633,5.884837824178092,5.884837824178092,97.05882352941177,60.0,67.5,42
58.91184438704975,11.720194345574457,0.14009576144803917,0.19816750288009644,0.0380806028842926,0.08742302656173706,-0.039781153202056885,0.11587603390216827,0.0,0.0,87.62545178448974,61.676666616990126,29.4275008436059,-29.4275008436059,97.05882352941177,60.0,67.5,42
68.65523824944154,20.151483942433217,0.15522443856127,0.21836507320404053,0.05054621398448944,0.11351419985294342,-0.05536693334579468,0.12741853296756744,0.0,0.0,81.90165064344362,76.42591965108167,5.723801141046124,5.723801141046124,97.05882352941177,60.0,67.5,42
76.75295559144837,20.75493889240153,0.1594971953135004,0.2228066325187683,0.0527988076210022,0.13560448586940765,-0.06358925998210907,0.13279929757118225,0.0,0.0,78.23665347431789,80.43481006868153,3.6649971691257264,3.6649971691257264,97.05882352941177,60.0,67.5,42
79.63763891213807,18.917116646864397,0.13557391588603357,0.20911931991577148,0.05373959243297577,0.14975738525390625,-0.06875249743461609,0.13052991032600403,0.0,0.0,72.2087033479528,79.99311481255101,6.027950126365084,6.027950126365084,97.05882352941177,60.0,67.5,42
72.80946084902439,2.756282338866613,0.14424354727103797,0.20738327503204346,0.05262370407581329,0.15901833772659302,-0.07086658477783203,0.13049890100955963,0.0,0.0,75.50598491224063,76.96324809448873,3.297281564287829,-3.297281564287829,97.05882352941177,60.0,67.5,42
84.93012576435342,19.6912884699141,0.15969567181247726,0.2538216710090637,0.048993632197380066,0.16956663131713867,-0.07242316007614136,0.1308843046426773,0.0,0.0,63.95304707056644,72.47609720126944,11.552937841674193,11.552937841674193,97.05882352941177,60.0,67.5,42
88.19512203317345,19.99282598661759,0.16326623321204942,0.27197790145874023,0.04520997405052185,0.17864997684955597,-0.07605426013469696,0.13005027174949646,0.0,0.0,61.67352835341265,68.33531592104313,2.279518717153792,2.279518717153792,97.05882352941177,60.0,67.5,42
78.15631981169997,3.704960771836511,0.1887665012003831,0.2863699793815613,0.04099157452583313,0.18866592645645142,-0.0795908272266388,0.14312821626663208,0.0,0.0,77.39871474770266,69.63281877098059,15.725186394290006,-15.725186394290006,97.05882352941177,60.0,67.5,42
75.91973005977269,1.8079704355489554,0.10296492297793719,0.30418312549591064,0.03778752684593201,0.18145595490932465,-0.07669694721698761,0.13256946206092834,0.0,0.0,65.51616559247088,67.13536394103815,11.882549155231771,11.882549155231771,97.05882352941177,60.0,67.5,42
103.90821281655951,4.84747568091022,0.1668986724744964,0.31211191415786743,0.039198264479637146,0.18951459228992462,-0.07098111510276794,0.13735732436180115,0.0,0.0,55.14552737612743,64.93348401742841,10.370638216343451,10.370638216343451,97.05882352941177,60.0,67.5,42
115.43706570625898,5.310509635014234,0.18597667736120346,0.3243022561073303,0.04242493212223053,0.2046733945608139,-0.06290304660797119,0.14686305820941925,0.0,0.0,49.080625226086475,61.78525823559686,6.0649021500409575,6.0649021500409575,97.05882352941177,60.0,67.5,42
113.7978329064616,113.61416396834679,0.18925551558399265,0.3128286600112915,0.04349447786808014,0.22580944001674652,-0.05975055694580078,0.14829114079475403,0.0,0.0,45.95195912256489,53.92356932931242,3.1286661035215886,3.1286661035215886,97.05882352941177,60.0,67.5,42
116.83562759053211,114.30994391358696,0.18965192966581132,0.3188241124153137,0.0446019172668457,0.2796010822057724,-0.06052723526954651,0.17838244140148163,0.0,0.0,43.97799043015231,46.16764739789103,1.6820243826081267,1.9739686924125763,97.05882352941177,60.0,67.5,42
120.91521151382943,116.72040921648367,0.19190375317323724,0.32911717891693115,0.04218722879886627,0.28707174956798553,-0.06274236738681793,0.17926743626594543,0.0,0.0,41.334571076975045,44.23113386061317,2.643419353177265,2.643419353177265,97.05882352941177,60.0,67.5,42
125.50448419871529,118.96800724714379,0.19466301301080308,0.3411628007888794,0.04147994518280029,0.2934645265340805,-0.060106515884399414,0.18156373500823975,0.0,0.0,38.0954047680067,42.26699527197363,3.2391663089683433,3.2391663089683433,97.05882352941177,60.0,67.5,42
129.39124217258242,121.43963609613546,0.19947041077706426,0.3541886806488037,0.040818169713020325,0.3030294179916382,-0.05687542259693146,0.1853201687335968,0.0,0.0,35.584898771381376,39.74821626162886,2.5105059966253265,2.5105059966253265,97.05882352941177,60.0,67.5,42
133.95450373904987,124.84826553388845,0.20268743978689543,0.36740589141845703,0.0404876172542572,0.3145510256290436,-0.052989885210990906,0.18984423577785492,0.0,0.0,32.69980617881492,36.92867019879451,2.8850925925664583,2.8850925925664583,97.05882352941177,60.0,67.5,42
137.10822200002042,126.81549498229721,0.203800348888726,0.3802706003189087,0.04074995219707489,0.32689325511455536,-0.04931655526161194,0.19391106069087982,0.0,0.0,30.477718275765227,34.214456998492054,2.2220879030496903,2.2220879030496903,97.05882352941177,60.0,67.5,42
139.82629384609302,128.75065027205304,0.20403836871037637,0.3867880702018738,0.04173101484775543,0.3379760831594467,-0.04556213319301605,0.1972479224205017,0.0,0.0,28.884135003672277,31.91163955740845,1.5935832720929497,1.5935832720929497,97.05882352941177,60.0,67.5,42
143.697675166565,131.1336622140087,0.20528120925072613,0.39986515045166016,0.043047428131103516,0.3491837978363037,-0.04154287278652191,0.19962626695632935,0.0,0.0,26.307080431644167,29.592184972474143,2.5770545720281106,2.5770545720281106,97.05882352941177,60.0,67.5,42
148.3688444472325,134.61106299905495,0.21174593291055632,0.41303932666778564,0.044805288314819336,0.3669743537902832,-0.03432580828666687,0.2044169008731842,0.0,0.0,23.685166242244676,25.997536275940398,1.4285971839558016,2.62191418939949,97.05882352941177,60.0,67.5,42
150.57568540461813,136.15880589435952,0.21543365511008772,0.4200890064239502,0.04479062557220459,0.37535740435123444,-0.03100186586380005,0.20783911645412445,0.0,0.0,22.31884052538993,24.356212656369813,1.366325716854746,1.366325716854746,97.05882352941177,60.0,67.5,42
153.816443788843,138.52941393680263,0.21637964034322565,0.4403640627861023,0.04390472173690796,0.3893791288137436,-0.02629658579826355,0.21343831717967987,0.0,0.0,19.82119267919728,21.787545611319786,1.5037903192499726,2.497647846192649,97.05882352941177,60.0,67.5,42
156.0335341732671,141.11218187364975,0.2149723771607699,0.44542789459228516,0.043158918619155884,0.39606788754463196,-0.024318695068359375,0.214487224817276,0.0,0.0,18.264029287895298,20.43226137273244,1.5571633913019838,1.5571633913019838,97.05882352941177,60.0,67.5,42
157.89995911720897,142.46640438990687,0.21615529449514864,0.45370590686798096,0.04224994778633118,0.4030208885669708,-0.022595196962356567,0.2148551195859909,0.0,0.0,16.856484944145777,19.066672477421402,1.407544343749521,1.407544343749521,97.05882352941177,60.0,67.5,42
159.99711759861546,144.9217516962787,0.2177287734125314,0.4641449451446533,0.04102969169616699,0.41092194616794586,-0.020703911781311035,0.21530312299728394,0.0,0.0,15.333913244543638,17.5689050389455,1.522571699602139,1.522571699602139,97.05882352941177,60.0,67.5,42
163.5903212742844,150.07630936300757,0.2217332450970322,0.4730263352394104,0.03779841959476471,0.4241616129875183,-0.016868755221366882,0.21837057173252106,0.0,0.0,12.806529167147005,14.896908757010696,1.7841785050593586,2.5273840773966327,97.05882352941177,60.0,67.5,42
165.4154413385026,153.49033139593146,0.22223697003075546,0.4790381193161011,0.0355004221200943,0.42954468727111816,-0.014951646327972412,0.2200349122285843,0.0,0.0,11.467103964166114,13.54956351201578,1.339425202980891,1.339425202980891,97.05882352941177,60.0,67.5,42
167.88520402821712,157.06023591740214,0.22196842488888932,0.48451125621795654,0.032257407903671265,0.4332376718521118,-0.013064533472061157,0.22121712565422058,0.0,0.0,9.487601844272646,12.087985661948032,1.9795021198934677,1.9795021198934677,97.05882352941177,60.0,67.5,42
171.35683879697285,162.78935850026195,0.22335550640891894,0.4822709560394287,0.023621439933776855,0.43815144896507263,-0.010236367583274841,0.22184862196445465,0.0,0.0,6.3497443352869425,8.895820094603234,1.9290858994002917,3.1378575089857037,97.05882352941177,60.0,67.5,42
174.36741141435604,166.5191993889241,0.22583809594389548,0.48108404874801636,0.017531827092170715,0.43960948288440704,-0.00905163586139679,0.22280123829841614,0.0,0.0,3.768307566941772,6.971120995297149,2.5814367683451707,2.5814367683451707,97.05882352941177,60.0,67.5,42
169.42117388544085,166.5968334716847,0.23175493101775543,0.5035454332828522,0.012583315372467041,0.4645353779196739,-0.009654045104980469,0.2317868024110794,0.0,0.0,7.249978146146816,5.457803466594285,1.3500424640811133,,96.875,20.0,100.0,43
163.5248772900213,160.8815831801947,0.23403504265329614,0.49491631984710693,0.022296562790870667,0.4610409587621689,-0.01705215871334076,0.23252303898334503,0.0,0.0,11.678467425749801,9.77816214430495,1.5786513405598441,-4.428489279602985,96.875,20.0,100.0,43
161.12064785640405,158.57205869852197,0.2337386684377984,0.4902275800704956,0.025136291980743408,0.4588489904999733,-0.01887640357017517,0.2328585833311081,0.0,0.0,13.353893488667723,11.03746762266599,1.6754260629179214,-1.6754260629179214,96.875,20.0,100.0,43
159.32418698604184,156.4366280293668,0.2307199673740831,0.4845582842826843,0.02834199368953705,0.45523346960544586,-0.02089814841747284,0.2321581095457077,0.0,0.0,14.722601911850532,12.463694727864503,1.3687084231828095,-1.3687084231828095,96.875,20.0,100.0,43
156.50147257709537,153.7906897705367,0.22665631919104637,0.47812551259994507,0.03201736509799957,0.4499747306108475,-0.023208677768707275,0.23010163009166718,0.0,0.0,16.700534545455895,14.113874342930988,1.9779326336053629,-1.9779326336053629,96.875,20.0,100.0,43
154.1560602829153,151.83479475704038,0.22437618993067623,0.47222983837127686,0.035304486751556396,0.4437543749809265,-0.025704383850097656,0.22740314900875092,0.0,0.0,18.275478123924742,15.763127017474723,1.5749435784688472,-1.5749435784688472,96.875,20.0,100.0,43
151.1650546729369,149.02391691951527,0.22193082895829724,0.4610366225242615,0.04055769741535187,0.43093399703502655,-0.029939785599708557,0.22181303799152374,0.0,0.0,20.504622864505606,18.649429037093807,1.3875422500166223,-2.229144740580864,96.875,20.0,100.0,43
148.4467627981046,146.13900135699123,0.22199817392810522,0.4505190849304199,0.04421423375606537,0.4197402596473694,-0.032381221652030945,0.21957361698150635,0.0,0.0,22.83254841308569,20.968083724987153,1.4144654052173564,-2.327925548580083,96.875,20.0,100.0,43
146.74349204672347,144.26479022727273,0.2213312720685825,0.4434496760368347,0.04633186757564545,0.4136577248573303,-0.03317534923553467,0.2191893756389618,0.0,0.0,24.315049129817922,22.267575853819388,1.4825007167322326,-1.4825007167322326,96.875,20.0,100.0,43
144.16673380181786,140.7572424856778,0.21903042702622857,0.4327908754348755,0.05100233852863312,0.40322571992874146,-0.034391582012176514,0.21814590692520142,0.0,0.0,26.659717562369067,24.787301237753383,1.3178277166282157,-2.3446684325511455,96.875,20.0,100.0,43
139.27622200485908,136.60684321945004,0.21432437590332315,0.41579049825668335,0.056099846959114075,0.38555583357810974,-0.036889925599098206,0.21304553747177124,0.0,0.0,30.13462410949554,28.346553420724916,1.4197524775481583,-3.474906547126473,96.875,20.0,100.0,43
136.33527485901917,134.10337266168116,0.21465051182142303,0.40852028131484985,0.05681993067264557,0.379299595952034,-0.03885065019130707,0.21157526969909668,0.0,0.0,32.17357979944073,29.725018979992832,2.0389556899451904,-2.0389556899451904,96.875,20.0,100.0,43
134.1563334614578,131.63969612571685,0.21364958379012788,0.4003239870071411,0.05738575756549835,0.3729469031095505,-0.040921494364738464,0.2104254513978958,0.0,0.0,33.80455916427891,31.206908676290638,1.6309793648381827,-1.6309793648381827,96.875,20.0,100.0,43
131.17059489306132,128.4556438046812,0.21212073390022007,0.3879052400588989,0.05852589011192322,0.360164999961853,-0.044560760259628296,0.20870928466320038,0.0,0.0,36.29540400563466,34.27392994033269,1.4732272136581699,-2.490844841355745,96.875,20.0,100.0,43
124.88775654587428,122.20607522576744,0.20507514988266046,0.3615202307701111,0.06187255680561066,0.3357911705970764,-0.04761892557144165,0.20287255942821503,0.0,0.0,41.130161909855076,39.49482333712325,1.2716451973743546,-4.834757904220417,96.875,20.0,100.0,43
121.22271198212107,119.42981463857453,0.2002687973074687,0.34991228580474854,0.061685770750045776,0.32353273034095764,-0.05041038990020752,0.1972770243883133,0.0,0.0,43.40440206918226,41.61233020596305,1.348161936848129,-2.274240159327185,96.875,20.0,100.0,43
116.88531253004436,114.78870736381117,0.19374662613976196,0.33038121461868286,0.06069095432758331,0.30941885709762573,-0.05374141037464142,0.1909877359867096,0.0,0.0,46.17693495394379,44.048339877840164,1.6211525980433095,-2.7725328847615316,96.875,20.0,100.0,43
112.3394704518866,109.43028412888229,0.19058050167525625,0.3110746145248413,0.05667045712471008,0.29206298291683197,-0.057520508766174316,0.18440747261047363,0.0,0.0,49.068541423227614,46.746347876876655,1.8844086487928564,-2.891606469283822,96.875,20.0,100.0,43
110.52539087579811,107.84181126611519,0.18945014153850728,0.3044598698616028,0.05452220141887665,0.28318119049072266,-0.05907408893108368,0.18182817101478577,0.0,0.0,50.82642373298802,48.31400822114854,1.7578823097604044,-1.7578823097604044,96.875,20.0,100.0,43
107.83511851007893,105.67991556413352,0.1885848224489354,0.29946470260620117,0.053526923060417175,0.27553561329841614,-0.060283362865448,0.18008014559745789,0.0,0.0,53.20196234105649,50.07026506792673,2.3755386080684744,-2.3755386080684744,96.875,20.0,100.0,43
105.36675246064704,102.81059772236976,0.18807666055176112,0.2926288843154907,0.053049370646476746,0.26802803575992584,-0.06114302575588226,0.17901743948459625,0.0,0.0,55.40159073435963,52.12462955790794,2.1996283933031364,-2.1996283933031364,96.875,20.0,100.0,43
101.93729227276975,99.85630376085089,0.18894864400052971,0.28260624408721924,0.05307327210903168,0.2568374276161194,-0.06249767541885376,0.17804835736751556,0.0,0.0,58.13873877943534,55.74542873741023,1.8993156846458987,-2.7371480450757133,96.875,20.0,100.0,43
99.76962192413134,98.47656879291243,0.1885321801067493,0.27615779638290405,0.05269412696361542,0.25186584889888763,-0.06344427168369293,0.17769776284694672,0.0,0.0,60.04062246190754,57.455093767622984,1.9018836824721959,-1.9018836824721959,96.875,20.0,100.0,43
97.91487533306861,95.36388121305578,0.18742211193417077,0.26906752586364746,0.052430152893066406,0.24706244468688965,-0.06399478018283844,0.17732775211334229,0.0,0.0,62.068804671522,59.12189725191358,2.0281822096144637,-2.0281822096144637,96.875,20.0,100.0,43
95.09895404948907,92.895208075709,0.18565044570609462,0.2623971104621887,0.05223584175109863,0.24043487012386322,-0.06442031264305115,0.17623288929462433,0.0,0.0,64.71175710176803,61.23998075365823,2.6429524302460266,-2.6429524302460266,96.875,20.0,100.0,43
92.87308430092065,90.81769181594005,0.18550618817855152,0.2577669620513916,0.05216264724731445,0.23386172950267792,-0.06444911658763885,0.17530569434165955,0.0,0.0,66.77913159313084,63.4000789570821,2.0673744913628127,-2.0673744913628127,96.875,20.0,100.0,43
90.10881009062149,88.08773651753073,0.18495172068447263,0.2518232464790344,0.0520530641078949,0.22702381014823914,-0.06443698704242706,0.17435528337955475,0.0,0.0,69.30907701649579,65.71719259572916,2.52994542336495,-2.52994542336495,96.875,20.0,100.0,43
86.27370478072163,84.06060862529142,0.18229215093381074,0.24156427383422852,0.05229273438453674,0.2154628038406372,-0.06505073606967926,0.17231422662734985,0.0,0.0,72.6869051785914,69.83232557554915,2.1327166646128575,-3.3778281620956108,96.875,20.0,100.0,43
83.34216997149173,80.00441149714452,0.18097358443393632,0.2340506911277771,0.052350208163261414,0.20937037467956543,-0.06542173027992249,0.1709601730108261,0.0,0.0,75.27323096500102,71.95585041851669,2.586325786409617,-2.586325786409617,96.875,20.0,100.0,43
81.15723690502296,78.64519821064508,0.1796342576076921,0.22994858026504517,0.052511006593704224,0.2034846693277359,-0.06565608084201813,0.1694454401731491,0.0,0.0,77.3013134439358,73.9539095253767,2.0280824789347776,-2.0280824789347776,96.875,20.0,100.0,43
79.5958854114989,76.57954292311983,0.1795106684670242,0.22668331861495972,0.052022501826286316,0.19763115048408508,-0.06595240533351898,0.1681278795003891,0.0,0.0,78.6880882802302,75.9873844669396,1.386774836294407,-1.386774836294407,96.875,20.0,100.0,43
76.51373755225325,73.67699470109491,0.17298056303555895,0.21846193075180054,0.04903873801231384,0.1799258142709732,-0.06706862151622772,0.1621878743171692,0.0,0.0,80.68479519574475,81.31433781432737,1.4079989030589957,-1.996706915514551,96.875,20.0,100.0,43
80.70530862821266,76.94695991509614,0.17341838652173117,0.22492295503616333,0.050410494208335876,0.1851148009300232,-0.06770598888397217,0.15959838032722473,0.0,0.0,76.52961303412161,77.81546559920588,1.4277915016447338,4.155182161623145,96.875,20.0,100.0,43
83.85496035114409,79.96500925883801,0.17496364283929847,0.23261839151382446,0.05212962627410889,0.19038031995296478,-0.06678362190723419,0.16064780950546265,0.0,0.0,74.02855961367365,75.97773195853084,1.3667910368880882,2.5010534204479598,96.875,20.0,100.0,43
89.68288544006015,85.60115608064224,0.18123383751567657,0.24907708168029785,0.0531579852104187,0.2032637745141983,-0.06370222568511963,0.16620774567127228,0.0,0.0,69.79760523164761,72.415488353223,2.7832376704881483,4.230954382026042,96.875,20.0,100.0,43
93.41071549675866,89.0229288320542,0.18167974945959456,0.25810039043426514,0.052903056144714355,0.20935595035552979,-0.06336960196495056,0.168095201253891,0.0,0.0,66.15556058547998,70.50734799340682,3.6420446461676335,3.6420446461676335,96.875,20.0,100.0,43
97.14673312654259,92.15699078114787,0.18327558547683687,0.2673107385635376,0.05270899832248688,0.2171892374753952,-0.06303034722805023,0.1700214296579361,0.0,0.0,63.05551818838205,67.89738172691135,3.1000423970979227,3.1000423970979227,96.875,20.0,100.0,43
100.21833600630544,95.0659516988686,0.18530892351505066,0.2760067582130432,0.05225130915641785,0.2258976250886917,-0.06264175474643707,0.17180484533309937,0.0,0.0,60.387218229488894,64.84897555874963,2.668299958893158,2.668299958893158,96.875,20.0,100.0,43
104.59054024984101,99.28791211899053,0.18725983369405502,0.2880094647407532,0.05184522271156311,0.23528730869293213,-0.061700016260147095,0.17373812198638916,0.0,0.0,56.79912712443012,61.59935603194526,3.5880911050587727,3.5880911050587727,96.875,20.0,100.0,43
107.75435524006255,102.04601887681048,0.1898168058179828,0.297230064868927,0.05242083966732025,0.24486026167869568,-0.06005840003490448,0.17645108699798584,0.0,0.0,54.814241643774835,58.76402629651898,1.9848854806552865,1.9848854806552865,96.875,20.0,100.0,43
111.81237943702166,105.48446023577763,0.19272030744709745,0.30944156646728516,0.053651243448257446,0.2553597688674927,-0.0581081360578537,0.17957034707069397,0.0,0.0,51.83049900942741,55.95777150178032,2.983742634347422,2.983742634347422,96.875,20.0,100.0,43
115.52364582506644,108.76438462247887,0.19488956629543686,0.32115107774734497,0.055771589279174805,0.266569584608078,-0.05553077161312103,0.182881161570549,0.0,0.0,49.23732977254514,53.170299387544375,2.593169236882275,2.593169236882275,96.875,20.0,100.0,43
119.52560559897631,111.54439214324536,0.19855264883905943,0.3327629566192627,0.05750250816345215,0.27774639427661896,-0.05278044939041138,0.18663227558135986,0.0,0.0,46.258751010153205,50.53520535897515,2.9785787623919333,2.9785787623919333,96.875,20.0,100.0,43
122.96031706799937,113.18929921373484,0.20069204696428944,0.3420516848564148,0.05800245702266693,0.28864148259162903,-0.050180599093437195,0.19016724824905396,0.0,0.0,43.653513477099224,47.74502331730625,2.6052375330539803,2.6052375330539803,96.875,20.0,100.0,43
125.7749284883125,115.54522848478918,0.20686568174304387,0.3504941463470459,0.058051541447639465,0.2994193881750107,-0.047694459557533264,0.19445227086544037,0.0,0.0,41.85098121761122,45.25014386935219,1.8025322594880038,1.8025322594880038,96.875,20.0,100.0,43
128.78194849784236,118.58162946436549,0.20936340885592256,0.3634178042411804,0.057714566588401794,0.31060776114463806,-0.045627132058143616,0.19867035746574402,0.0,0.0,39.37814786501878,42.78534839247061,2.4728333525924384,2.4728333525924384,96.875,20.0,100.0,43
131.49133964730746,120.50474576481383,0.21182235116745132,0.372009813785553,0.05785922706127167,0.3211737871170044,-0.04353390634059906,0.20253637433052063,0.0,0.0,37.51734819567822,40.599997688851865,1.8607996693405653,1.8607996693405653,96.875,20.0,100.0,43
133.77469954767733,121.64127320409474,0.21585129100380557,0.38062584400177,0.05868728458881378,0.33177946507930756,-0.041305020451545715,0.20686660706996918,0.0,0.0,36.20775130942029,38.73855714693212,1.3095968862579284,1.3095968862579284,96.875,20.0,100.0,43
135.9418521421471,124.91707400816045,0.21727573164756137,0.39235973358154297,0.06032875180244446,0.3421948552131653,-0.039007604122161865,0.20995540916919708,0.0,0.0,34.75073339256718,36.96349519067112,1.4570179168531112,1.4570179168531112,96.875,20.0,100.0,43
138.4926151646831,126.99784785803725,0.21978347013201077,0.4072459936141968,0.06254249811172485,0.3530081808567047,-0.036448389291763306,0.21306169033050537,0.0,0.0,32.94575706769574,35.355397491340355,1.8049763248714399,1.8049763248714399,96.875,20.0,100.0,43
140.71871331652838,129.316681202964,0.22152556163075515,0.41709429025650024,0.06471212208271027,0.36365875601768494,-0.033943936228752136,0.21593604981899261,0.0,0.0,31.401969942689732,33.826552928093236,1.5437871250060056,1.5437871250060056,96.875,20.0,100.0,43
142.7897184538109,131.7385890465242,0.21904860861688458,0.4271402359008789,0.06659869849681854,0.37372031807899475,-0.0317363440990448,0.21708543598651886,0.0,0.0,29.677212376530605,32.19391819487081,1.724757566159127,1.724757566159127,96.875,20.0,100.0,43
146.9053413911421,135.43605740967894,0.21729619461150607,0.4412403702735901,0.06703190505504608,0.3878163695335388,-0.02760423719882965,0.2174312323331833,0.0,0.0,26.783339910062452,29.087685910069823,1.7048815009340572,2.893872466468153,96.875,20.0,100.0,43
148.86286482947145,137.35869668625188,0.21706817340128778,0.4494704604148865,0.06640736758708954,0.3936612457036972,-0.025706902146339417,0.2165401130914688,0.0,0.0,25.11348008778006,27.515563446342405,1.6698598222823904,1.6698598222823904,96.875,20.0,100.0,43
151.55137407755092,139.32205036875058,0.21761202021407886,0.4613714814186096,0.06552283465862274,0.400995135307312,-0.02366034686565399,0.21641093492507935,0.0,0.0,23.034979139400818,25.855005137059962,2.0785009483792436,2.0785009483792436,96.875,20.0,100.0,43
153.57825868169803,140.54022802689707,0.22136697430353816,0.471488356590271,0.06460000574588776,0.40961243212223053,-0.021363183856010437,0.21727579832077026,0.0,0.0,21.691326708024263,24.1557814613169,1.3436524313765545,1.3436524313765545,96.875,20.0,100.0,43
155.84835563514525,142.38689058250796,0.2238676651052174,0.4798228144645691,0.06353433430194855,0.4195108562707901,-0.01926778256893158,0.21911349892616272,0.0,0.0,20.179944849467233,22.504932696168098,1.51138185855703,1.51138185855703,96.875,20.0,100.0,43
158.2148046980444,144.23626264456746,0.22554940481709057,0.4893497824668884,0.06246677041053772,0.4295459985733032,-0.016722753643989563,0.22144539654254913,0.0,0.0,18.583082215911162,20.872333228200873,1.5968626335560714,1.5968626335560714,96.875,20.0,100.0,43
160.54230536288676,146.41613076075203,0.22663328043537612,0.49858397245407104,0.061255812644958496,0.43869730830192566,-0.01403491199016571,0.22389060258865356,0.0,0.0,16.984586564766317,19.359735084542244,1.5984956511448445,1.5984956511448445,96.875,20.0,100.0,43
162.77096648220206,149.11296618955924,0.22487023982145488,0.5017320811748505,0.05926769971847534,0.4457123801112175,-0.01133015751838684,0.22492417693138123,0.0,0.0,15.333887323226463,17.770375238342794,1.6506992415398543,1.6506992415398543,96.875,20.0,100.0,43
164.51016778762764,151.97829909848505,0.22412398282907817,0.5038873851299286,0.05644546449184418,0.451166570186615,-0.009068265557289124,0.22509939968585968,0.0,0.0,13.838572189213963,16.185032073279476,1.4953151340125004,1.4953151340125004,96.875,20.0,100.0,43
166.30658126535386,155.05031500513024,0.22335963268148093,0.505982518196106,0.052430376410484314,0.4545954614877701,-0.007380098104476929,0.22462086379528046,0.0,0.0,12.193606259707465,14.587663084228552,1.6449659295064976,1.6449659295064976,96.875,20.0,100.0,43
167.9266143801953,157.6605422451188,0.2253546027579928,0.5090426206588745,0.04749131202697754,0.4566335827112198,-0.006240531802177429,0.2243388444185257,0.0,0.0,10.745824634280524,13.027972601607104,1.4477816254269413,1.4477816254269413,96.875,20.0,100.0,43
171.48840980743884,163.81129194687543,0.2279020407239861,0.517867922782898,0.032698825001716614,0.4657859727740288,-0.005474060773849487,0.2273344248533249,0.0,0.0,7.256202728730614,9.101490670151861,1.3675725185965177,3.4896219055499103,96.875,20.0,100.0,43
173.11908906981176,166.09617466692916,0.2313604995027671,0.5197644531726837,0.02800571918487549,0.4682638496160507,-0.005176439881324768,0.22884224355220795,0.0,0.0,5.882697278402134,7.885708831182264,1.37350545032848,1.37350545032848,96.875,20.0,100.0,43
165.9625561467598,161.2923147200067,0.23241910422099807,0.47618329524993896,0.018961161375045776,0.444768950343132,-0.013713181018829346,0.2341090738773346,0.0,0.0,10.461852814310774,8.81489560162613,1.289154277924851,,82.5,60.0,86.66666666666667,44
164.3047909409047,159.4520467684267,0.22985905883239513,0.4727137088775635,0.022417277097702026,0.4428056627511978,-0.014247015118598938,0.232590451836586,0.0,0.0,11.827729683932262,9.889787617878582,1.3658768696214878,-1.3658768696214878,82.5,60.0,86.66666666666667,44
161.13680695732518,156.374347656751,0.22978765556969316,0.4651007652282715,0.02907256782054901,0.43740813434123993,-0.016242563724517822,0.2296295464038849,0.0,0.0,14.262994188652172,12.313478343140353,1.561657502985966,-2.4352645047199104,82.5,60.0,86.66666666666667,44
158.90287605198273,154.72580949662404,0.22984488059499614,0.46260035037994385,0.03191380202770233,0.4342970997095108,-0.017914339900016785,0.22885456681251526,0.0,0.0,15.809367471125071,13.650357007343928,1.5463732824728993,-1.5463732824728993,82.5,60.0,86.66666666666667,44
153.400043415755,150.87784157771014,0.22697129501246296,0.44767796993255615,0.03781209886074066,0.42140018939971924,-0.025115132331848145,0.22600491344928741,0.0,0.0,19.6142203103266,17.863282758803425,1.3532358667937245,-3.80485283920153,82.5,60.0,86.66666666666667,44
139.93899071283334,133.5070813081363,0.2078826328784295,0.3934217691421509,0.04666118323802948,0.36927857995033264,-0.03756067156791687,0.20862853527069092,0.0,0.0,28.975746015914716,27.67257963112154,1.3721032234543529,-9.361525705588114,82.5,60.0,86.66666666666667,44
133.45085416967797,127.74025997176233,0.20779736752150926,0.37930208444595337,0.04803141951560974,0.3547118604183197,-0.04458640515804291,0.20270967483520508,0.0,0.0,33.33695434942006,31.361050131666012,1.7958403374769887,-4.3612083335053455,82.5,60.0,86.66666666666667,44
129.89510881365547,126.94936912685498,0.2070683456099576,0.368164598941803,0.04949367046356201,0.347213938832283,-0.04771365225315094,0.20204949378967285,0.0,0.0,36.112132180246704,33.84128716205628,1.737184073631397,-2.7751778308266424,82.5,60.0,86.66666666666667,44
121.33525260780905,119.39205650230875,0.19834230105139292,0.3296918272972107,0.0411481112241745,0.30886149406433105,-0.05767993628978729,0.19095124304294586,0.0,0.0,41.54759468780954,39.991648251466735,1.3412039287633206,-5.435462507562839,82.5,60.0,86.66666666666667,44
116.65956813115477,115.37260850484692,0.19291855323096632,0.313385009765625,0.03984689712524414,0.29665084183216095,-0.05950525403022766,0.18716982007026672,0.0,0.0,44.64661072924809,42.26596535238929,1.9833454957947723,-3.0990160414385457,82.5,60.0,86.66666666666667,44
113.94642329014133,113.52996279142553,0.19009164478631518,0.3065863847732544,0.03911928832530975,0.2886895537376404,-0.06099826097488403,0.18428784608840942,0.0,0.0,46.531880761272376,43.847337852945834,1.8852700320242874,-1.8852700320242874,82.5,60.0,86.66666666666667,44
111.08542976795238,112.54802490428781,0.19000678478002775,0.3016887903213501,0.03839568793773651,0.2808391898870468,-0.0629519522190094,0.18142476677894592,0.0,0.0,48.52708602317507,45.59221068678721,1.9952052619026972,-1.9952052619026972,82.5,60.0,86.66666666666667,44
109.03891591623989,111.07614014432293,0.18597942439484874,0.29596006870269775,0.038546159863471985,0.27313247323036194,-0.06448866426944733,0.1784321814775467,0.0,0.0,50.04052169566844,47.43652480234099,1.5134356724933653,-1.5134356724933653,82.5,60.0,86.66666666666667,44
105.70688065812828,108.16212403975344,0.17519250280321688,0.2816711664199829,0.037790969014167786,0.25510479509830475,-0.06775501370429993,0.1668948382139206,0.0,0.0,51.002800167030074,50.11268968575249,1.3102090407360976,-0.9622784713616355,82.5,60.0,86.66666666666667,44
101.25190847337097,104.286220244223,0.17120574147667036,0.26815372705459595,0.037527889013290405,0.2442977875471115,-0.06956343352794647,0.15994110703468323,0.0,0.0,54.197564321456156,51.782735013767585,1.9595798811660075,-3.194764154426082,82.5,60.0,86.66666666666667,44
97.80902839303388,101.48473148223721,0.17084277649570173,0.2598035931587219,0.03833174705505371,0.2377169281244278,-0.07051856815814972,0.15762044489383698,0.0,0.0,57.30196172837926,53.68507766428891,3.1043974069231055,-3.1043974069231055,82.5,60.0,86.66666666666667,44
93.62998107889013,98.12137076724032,0.16513844689150012,0.24597185850143433,0.03919695317745209,0.2238527089357376,-0.07227465510368347,0.15242156386375427,0.0,0.0,59.94718149744931,57.37408246865481,1.8975591701147891,-2.645219769070046,82.5,60.0,86.66666666666667,44
90.27112181603712,94.21091650557464,0.16495916060108304,0.2377282977104187,0.0393630713224411,0.21646961569786072,-0.07307617366313934,0.15030406415462494,0.0,0.0,62.94252945062473,59.56032375094696,2.9953479531754255,-2.9953479531754255,82.5,60.0,86.66666666666667,44
86.96823700387972,90.49740629669677,0.16523908150609848,0.23066174983978271,0.03890426456928253,0.2093835473060608,-0.07409979403018951,0.14824171364307404,0.0,0.0,65.65023728980394,61.64739264130313,2.707707839179207,-2.707707839179207,82.5,60.0,86.66666666666667,44
85.0188921495548,89.27188411254896,0.1641389467392961,0.22464627027511597,0.03806257247924805,0.20212365686893463,-0.07489822804927826,0.1468687504529953,0.0,0.0,67.48910200435473,64.00726256055817,1.8388647145507946,-1.8388647145507946,82.5,60.0,86.66666666666667,44
81.38575293189001,84.86908149976692,0.1641030593977861,0.21707570552825928,0.037527650594711304,0.19515447318553925,-0.07584820687770844,0.1460881233215332,0.0,0.0,70.51791232811577,66.6499452682248,3.0288103237610358,-3.0288103237610358,82.5,60.0,86.66666666666667,44
77.94080170206473,81.04876363795731,0.1636064715890867,0.21080231666564941,0.03752417862415314,0.1884101927280426,-0.07672010362148285,0.1452508419752121,0.0,0.0,73.6537497090746,69.32775033283727,3.135837380958833,-3.135837380958833,82.5,60.0,86.66666666666667,44
76.0642851983041,77.17267597513249,0.15621947942406103,0.20623290538787842,0.03841139376163483,0.18081675469875336,-0.07653675973415375,0.14279289543628693,0.0,0.0,75.13445921476115,71.69880581407656,1.4807095056865478,-1.4807095056865478,82.5,60.0,86.66666666666667,44
72.00111970615762,73.37327164883527,0.15229904625712473,0.19981807470321655,0.041807204484939575,0.16638296842575073,-0.0760965645313263,0.13606157898902893,0.0,0.0,77.94267746752212,75.56924184205171,2.3965964906731614,-2.808218252760966,82.5,60.0,86.66666666666667,44
70.64459713218662,76.05622134875918,0.1520181040144522,0.1992107629776001,0.04437507688999176,0.16065646708011627,-0.07566961646080017,0.132981076836586,0.0,0.0,79.30663026452524,76.98246198091437,1.3639527970031224,-1.3639527970031224,82.5,60.0,86.66666666666667,44
69.32419355862277,74.28852294850273,0.15732778496071545,0.20066308975219727,0.048349544405937195,0.157495379447937,-0.07506291568279266,0.13362058997154236,0.0,0.0,83.09792701375574,78.97332893066302,3.791296749230497,-3.791296749230497,82.5,60.0,86.66666666666667,44
67.89635173148798,65.07084263783273,0.1502497212337382,0.1977555751800537,0.05616755783557892,0.1519765704870224,-0.07268710434436798,0.13468870520591736,0.0,0.0,84.29034755235783,82.33917950250759,1.6285343729662571,-1.192420538602093,82.5,60.0,86.66666666666667,44
65.18806099675008,61.700902826131376,0.1567095879634154,0.19506537914276123,0.05927804112434387,0.14844317734241486,-0.06943562626838684,0.13765142858028412,0.0,0.0,88.93842517916734,84.74712823116812,4.64807762680951,-4.64807762680951,82.5,60.0,86.66666666666667,44
58.228680840497454,42.145042769483965,0.15644775909235284,0.17885905504226685,0.05948971211910248,0.1409783959388733,-0.06624214351177216,0.13890312612056732,0.0,0.0,80.80465610661537,84.17381050438303,8.13376907255197,8.13376907255197,82.5,60.0,86.66666666666667,44
51.301693015394584,43.11722870357888,0.1527366441790215,0.16661697626113892,0.05705992877483368,0.13060900568962097,-0.06298434734344482,0.14045344293117523,0.0,0.0,73.88517411205532,81.97965073754897,6.919481994560044,6.919481994560044,82.5,60.0,86.66666666666667,44
48.33410919498974,36.54343690048324,0.1510023319114142,0.15864700078964233,0.054468125104904175,0.11967770755290985,-0.059926941990852356,0.14209820330142975,0.0,0.0,70.87091361577109,78.62479225340228,3.014260496284237,3.014260496284237,82.5,60.0,86.66666666666667,44
52.93590859702226,20.126581733028125,0.13314844913649232,0.15161371231079102,0.05060896277427673,0.10834382474422455,-0.049104973673820496,0.13915476202964783,0.0,0.0,61.499747639859805,71.76512286857539,9.371165975911282,9.371165975911282,82.5,60.0,86.66666666666667,44
55.083271828521085,24.981072528727996,0.13541735775147765,0.1564616560935974,0.0483480840921402,0.1019614040851593,-0.041010841727256775,0.13617920875549316,0.0,0.0,66.880129977649,68.2839913363338,5.3803823377892,-5.3803823377892,82.5,60.0,86.66666666666667,44
48.72304963981291,0.013009286737432091,0.12355295919934796,0.14844608306884766,0.04517275094985962,0.09647653996944427,-0.02992764115333557,0.13160297274589539,0.0,0.0,55.37986322932664,63.657663615651636,11.500266748322368,11.500266748322368,82.5,60.0,86.66666666666667,44
47.48568917496552,16.07888117137346,0.13593658411690873,0.15029633045196533,0.04651166498661041,0.09198760986328125,-0.0239202082157135,0.12964917719364166,0.0,0.0,61.903055939877035,61.41569919667812,6.523192710550397,-6.523192710550397,82.5,60.0,86.66666666666667,44
53.96245109489566,18.14311852164855,0.1387144885497943,0.16543471813201904,0.05011342465877533,0.09207139909267426,-0.026810050010681152,0.13051243126392365,0.0,0.0,67.03991340859781,62.80074063886262,5.136857468720777,-5.136857468720777,82.5,60.0,86.66666666666667,44
56.99381260901787,17.64448927290456,0.14342323889715147,0.17010599374771118,0.053275853395462036,0.09363460540771484,-0.028688237071037292,0.13213244080543518,0.0,0.0,71.1999998968927,63.880708118673546,4.160086488294894,-4.160086488294894,82.5,60.0,86.66666666666667,44
55.143022989051396,19.072687384235575,0.14240528813713732,0.175756573677063,0.059264570474624634,0.09853716194629669,-0.039764732122421265,0.1338965892791748,0.0,0.0,79.45480096659429,69.89944255299045,8.254801069701585,-8.254801069701585,82.5,60.0,86.66666666666667,44
52.66573975698822,21.860240446761996,0.14666563783881623,0.17577165365219116,0.060143038630485535,0.10467064380645752,-0.04866942763328552,0.13327573239803314,0.0,0.0,80.93570357406152,74.65760446153658,1.480902607467229,-1.480902607467229,82.5,60.0,86.66666666666667,44
64.79887580946723,23.60685611283232,0.1500141317457639,0.19853514432907104,0.05932311713695526,0.11474452912807465,-0.05718998610973358,0.13324007391929626,0.0,0.0,89.32554941398469,80.2290134628833,8.389845839923169,-8.389845839923169,82.5,60.0,86.66666666666667,44
70.20459646696105,23.06957081707524,0.14783750686087324,0.20471537113189697,0.057340651750564575,0.13309940695762634,-0.06793071329593658,0.13235805928707123,0.0,0.0,81.30767101605045,85.09933719020185,7.520753740660311,8.01787839793424,82.5,60.0,86.66666666666667,44
78.30820522045013,22.858505908793237,0.1502497236439131,0.22125643491744995,0.05645512044429779,0.14804117381572723,-0.06792226433753967,0.133376345038414,0.0,0.0,74.16885837718979,83.40762589098392,7.1388126388606565,7.1388126388606565,82.5,60.0,86.66666666666667,44
84.701211356545,29.309492463861343,0.16059668828397977,0.24269211292266846,0.05594976246356964,0.16132469475269318,-0.06848791241645813,0.13603653013706207,0.0,0.0,70.35372738934022,78.66467038482281,3.815130987849571,3.815130987849571,82.5,60.0,86.66666666666667,44
80.22893447122016,35.777514877925135,0.14973229665847634,0.23867899179458618,0.0549435168504715,0.16975171864032745,-0.06911954283714294,0.1354466825723648,0.0,0.0,72.41639338125258,74.56166254095825,2.062665991912354,-2.062665991912354,82.5,60.0,86.66666666666667,44
92.90098800143113,29.63679104714094,0.15847309703609128,0.2731058597564697,0.052854567766189575,0.18578952550888062,-0.0701398104429245,0.13791705667972565,0.0,0.0,59.01847804070609,68.98936429712217,13.397915340546483,13.397915340546483,82.5,60.0,86.66666666666667,44
96.03141248463396,30.480250422357116,0.17087504306646878,0.28714656829833984,0.049784451723098755,0.20211263000965118,-0.07282505929470062,0.14233066141605377,0.0,0.0,55.98720583691371,64.44395116205314,3.0312722037923834,3.0312722037923834,82.5,60.0,86.66666666666667,44
97.80094493969654,25.27359702652974,0.18051535184566592,0.2991797924041748,0.044849053025245667,0.21642379462718964,-0.07719196379184723,0.1457129716873169,0.0,0.0,54.036342028416854,60.36460482182231,1.9508638084968553,1.9508638084968553,82.5,60.0,86.66666666666667,44
105.59652920349549,17.168172963563077,0.1581384124219794,0.3288039565086365,0.03993125259876251,0.24000276625156403,-0.07645173370838165,0.15295378863811493,0.0,0.0,48.68711471976394,53.22006649698913,5.482488683098069,5.349227308652914,82.5,60.0,86.66666666666667,44
110.07034494648542,14.400496202724462,0.152140321994094,0.3469077944755554,0.0400485098361969,0.24339748919010162,-0.07269330322742462,0.1496015191078186,0.0,0.0,44.579717621545015,50.368194443146955,4.107397098218925,4.107397098218925,82.5,60.0,86.66666666666667,44
111.18403937780553,22.36404754751728,0.15863749324539358,0.3450024127960205,0.04368317127227783,0.2453305721282959,-0.06683100759983063,0.14634694159030914,0.0,0.0,45.90800629836292,48.336110510633475,1.3282886768179054,-1.3282886768179054,82.5,60.0,86.66666666666667,44
115.2331531797661,18.47510484028727,0.17314984188651855,0.35406237840652466,0.04657575488090515,0.2561027556657791,-0.06476324796676636,0.14678989350795746,0.0,0.0,43.2361252244696,45.60274096603537,2.671881073893317,2.671881073893317,82.5,60.0,86.66666666666667,44
119.52307481754693,14.026364068508611,0.18118678165668703,0.36025941371917725,0.04956325888633728,0.27143384516239166,-0.06255203485488892,0.15393182635307312,0.0,0.0,41.214064307884,43.73447836306538,2.022060916585602,2.022060916585602,82.5,60.0,86.66666666666667,44
122.39661005934019,14.173709510381975,0.18706925656480666,0.3697538375854492,0.05271553993225098,0.2887149304151535,-0.06085370481014252,0.16399364173412323,0.0,0.0,39.43026414960319,42.44711499507993,1.7838001582808118,1.7838001582808118,82.5,60.0,86.66666666666667,44
125.09382581359463,19.275777177111436,0.1878411041385857,0.381523072719574,0.05440343916416168,0.30725590884685516,-0.05965524911880493,0.1722116470336914,0.0,0.0,37.25540894452004,40.28396565661921,2.174855205083148,2.174855205083148,82.5,60.0,86.66666666666667,44
127.6306663973051,21.84305419929303,0.18914629283135537,0.389481782913208,0.055402934551239014,0.3211328536272049,-0.05779179930686951,0.1771041750907898,0.0,0.0,35.11855234748481,38.254572437373014,2.1368565970352336,2.1368565970352336,82.5,60.0,86.66666666666667,44
132.40269820991813,41.577711323926,0.1908252218453183,0.40741783380508423,0.0541442334651947,0.33477817475795746,-0.056488633155822754,0.18005810678005219,0.0,0.0,30.983274085669542,35.6968748818194,4.135278261815266,4.135278261815266,82.5,60.0,86.66666666666667,44
134.9105637696081,46.4141281541796,0.19207236505348743,0.4175918698310852,0.05221082270145416,0.3470008969306946,-0.055090174078941345,0.18179525434970856,0.0,0.0,29.148778401382522,33.126503444764225,1.8344956842870204,1.8344956842870204,82.5,60.0,86.66666666666667,44
142.47059566047756,135.36945762082257,0.21005262593451152,0.4056650996208191,0.0389731228351593,0.360344335436821,-0.04461537301540375,0.20328596234321594,0.0,0.0,26.15938754936866,28.040667348913345,1.5841883159096426,2.9893908520138623,82.5,60.0,86.66666666666667,44
145.61577761270985,137.05964572884972,0.21060135166950428,0.4171679615974426,0.03884972631931305,0.36628107726573944,-0.04233892261981964,0.2047489434480667,0.0,0.0,24.19231687320763,26.721000512521982,1.967070676161029,1.967070676161029,82.5,60.0,86.66666666666667,44
147.7808357535519,138.56813434961572,0.20954829527257882,0.42540550231933594,0.03895244002342224,0.3729715496301651,-0.03948122262954712,0.2059347927570343,0.0,0.0,22.707010144712797,25.200572608141847,1.4853067284948338,1.4853067284948338,82.5,60.0,86.66666666666667,44
153.65564672023976,142.69402878146306,0.21645056823077882,0.4485037326812744,0.039310067892074585,0.39618732035160065,-0.03144209086894989,0.21081562340259552,0.0,0.0,18.87372554749956,20.928381908490152,1.630488523533117,3.833284597213236,82.5,60.0,86.66666666666667,44
156.11845324207226,144.469161865706,0.21724155219603547,0.4551999568939209,0.03879210352897644,0.40446628630161285,-0.029059305787086487,0.213095560669899,0.0,0.0,17.247290519512077,19.563452002189976,1.6264350279874833,1.6264350279874833,82.5,60.0,86.66666666666667,44
158.48092876526158,146.19941286730543,0.21837820585705767,0.4583991765975952,0.037248775362968445,0.4108598530292511,-0.026614919304847717,0.2148762047290802,0.0,0.0,15.694767257932199,18.07999934899413,1.5525232615798785,1.5525232615798785,82.5,60.0,86.66666666666667,44
160.6966849856345,148.5256716763949,0.2180093084565191,0.4643145203590393,0.035418957471847534,0.4172375947237015,-0.023881182074546814,0.2161823958158493,0.0,0.0,14.007054040879495,16.455709341455833,1.6877132170527034,1.6877132170527034,82.5,60.0,86.66666666666667,44
162.69437752359923,151.46493271071193,0.2195639973631925,0.4721214175224304,0.03252971172332764,0.4220939576625824,-0.021603867411613464,0.2172134518623352,0.0,0.0,12.33262095427753,14.820433193150325,1.6744330866019652,1.6744330866019652,82.5,60.0,86.66666666666667,44
164.33383739630358,153.95296377864494,0.21952113655385969,0.4768325090408325,0.028771638870239258,0.4260300099849701,-0.019979938864707947,0.21794961392879486,0.0,0.0,10.805033646619563,13.209868974927197,1.5275873076579671,1.5275873076579671,82.5,60.0,86.66666666666667,44
167.40774349192645,158.69904852123634,0.2214209190033587,0.4806639552116394,0.021619439125061035,0.4328635185956955,-0.01753319799900055,0.2199464589357376,0.0,0.0,8.575607763315759,10.423649370011308,1.405727352516621,2.2294258833038043,82.5,60.0,86.66666666666667,44
169.68493702542156,162.0534814679209,0.22179370301346943,0.48028290271759033,0.017574116587638855,0.43444523215293884,-0.016322731971740723,0.22059689462184906,0.0,0.0,6.646522769174666,9.002124823735592,1.9290849941410926,1.9290849941410926,82.5,60.0,86.66666666666667,44
172.02004169836044,164.92679628189438,0.2211581023735288,0.482036828994751,0.013186931610107422,0.4357161372900009,-0.014909058809280396,0.22110870480537415,0.0,0.0,4.623648109040289,7.4567784393407734,2.0228746601343772,2.0228746601343772,82.5,60.0,86.66666666666667,44
163.95321256805806,159.06533595112847,0.23410670900739367,0.48125994205474854,0.024120837450027466,0.4446781575679779,-0.013390779495239258,0.23252956569194794,0.0,0.0,11.799447753988034,10.039519316512049,1.4797889418403969,,62.5,0.0,81.81818181818183,45
161.43903632179197,156.73790980960476,0.2328134070365792,0.47671401500701904,0.024981588125228882,0.44218604266643524,-0.01636667549610138,0.23237471282482147,0.0,0.0,13.159245439028865,11.165051535440217,1.3597976850408315,-1.3597976850408315,62.5,0.0,81.81818181818183,45
138.0534886522835,140.20367067892644,0.21400654212504594,0.4067515730857849,0.02671511471271515,0.37944936752319336,-0.05283501744270325,0.20753370225429535,0.0,0.0,26.79576649121563,24.834409632807045,1.7599635659415895,-13.636521052186765,62.5,0.0,81.81818181818183,45
114.38069549703522,121.64125590825499,0.1870704702835855,0.31943953037261963,0.026798605918884277,0.29483550786972046,-0.07644733786582947,0.1721315085887909,0.0,0.0,41.78202133535826,40.09498217510898,1.452628440798975,-14.986254844142628,62.5,0.0,81.81818181818183,45
112.82183957262774,120.57296422509376,0.1867748660381998,0.3131554126739502,0.027823328971862793,0.2904793471097946,-0.07599346339702606,0.17179051041603088,0.0,0.0,43.426139449150725,41.21573115900453,1.6441181137924659,-1.6441181137924659,62.5,0.0,81.81818181818183,45
111.30809919558902,119.54479899324248,0.18635484815154313,0.30848628282546997,0.028876125812530518,0.2849535346031189,-0.07555380463600159,0.17131242156028748,0.0,0.0,44.97242545758358,42.62749478416296,1.5462860084328582,-1.5462860084328582,62.5,0.0,81.81818181818183,45
109.97341095425205,117.5643189642498,0.1868994727436451,0.3054858446121216,0.030284404754638672,0.2797946035861969,-0.07519574463367462,0.17096906900405884,0.0,0.0,46.37195325392009,44.138134874003164,1.399527796336507,-1.399527796336507,62.5,0.0,81.81818181818183,45
104.03094797262472,111.65773876635077,0.17621164204675027,0.2892967462539673,0.03697724640369415,0.2441931664943695,-0.07602240145206451,0.15889312326908112,0.0,0.0,50.453494546078936,52.970015512643485,2.788738863127378,-4.081541292158846,62.5,0.0,81.81818181818183,45
107.2962162616171,115.29276827774584,0.17670291201834712,0.29770684242248535,0.03596539795398712,0.24883149564266205,-0.07577629387378693,0.15920697152614594,0.0,0.0,47.56332015996411,51.31684028675787,2.890174386114829,2.890174386114829,62.5,0.0,81.81818181818183,45
109.8487023147485,116.92603498809063,0.17824120179522848,0.30658453702926636,0.03505678474903107,0.2554989755153656,-0.0753137618303299,0.1600036919116974,0.0,0.0,45.55444576484649,49.20337347002396,2.0088743951176156,2.0088743951176156,62.5,0.0,81.81818181818183,45
112.32782914212055,118.78251564905422,0.1778258646840193,0.31250637769699097,0.034096479415893555,0.26279865205287933,-0.07432202994823456,0.160899817943573,0.0,0.0,43.74416077939611,46.828855312571406,1.8102849854503802,1.8102849854503802,62.5,0.0,81.81818181818183,45
116.08568603939341,121.39452000203795,0.18010452639079133,0.32354217767715454,0.033585935831069946,0.27088409662246704,-0.07268007099628448,0.16269922256469727,0.0,0.0,41.27189329703252,44.53345500030981,2.4722674823635913,2.4722674823635913,62.5,0.0,81.81818181818183,45
118.37046059726686,122.6334593526429,0.181930814353035,0.3299591541290283,0.03347554802894592,0.27820993959903717,-0.0706823468208313,0.1649865359067917,0.0,0.0,39.99357477015567,42.641018652857696,1.278318526876852,1.278318526876852,62.5,0.0,81.81818181818183,45
121.27105864633901,124.19682759055088,0.1834705007265003,0.3400694727897644,0.03329886496067047,0.2855271100997925,-0.06839121878147125,0.16735993325710297,0.0,0.0,37.97125434871405,40.74522079882459,2.02232042144162,2.02232042144162,62.5,0.0,81.81818181818183,45
124.84084101291873,126.91810599059319,0.18689115465861098,0.35292595624923706,0.03223468363285065,0.2997913807630539,-0.06525304913520813,0.1724800020456314,0.0,0.0,35.153299789191095,37.47645625464912,1.6343963213445818,2.8179545595229527,62.5,0.0,81.81818181818183,45
127.27293793216049,128.4175823556412,0.18785398138101256,0.35958272218704224,0.031401127576828,0.3068056106567383,-0.06401225924491882,0.17452353239059448,0.0,0.0,33.41809045199457,35.832585175108846,1.7352093371965225,1.7352093371965225,62.5,0.0,81.81818181818183,45
129.09490329642793,129.64606213131646,0.18864029667250362,0.3666563630104065,0.030477523803710938,0.3136531412601471,-0.06314678490161896,0.17621126770973206,0.0,0.0,31.857611478220065,34.30417445748535,1.560478973774508,1.560478973774508,62.5,0.0,81.81818181818183,45
169.37392041420347,162.98947955694274,0.2247979696980051,0.49370574951171875,0.010082945227622986,0.4452381432056427,-0.02047276496887207,0.22672227025032043,0.0,0.0,6.02879197060156,7.965772956246987,1.5477720918012352,25.828819507618505,62.5,0.0,81.81818181818183,45
178.7549851012973,179.9336552818117,0.18876548477224792,0.5555389523506165,,,,,0.0,0.0,-1.554020867702377,,1.305410718156267,,93.75,100.0,85.18518518518519,46
167.405359956632,169.09010019739296,0.18058552607300546,0.5514322817325592,-0.0035898536443710327,0.381248377263546,-0.018793560564517975,0.17918287217617035,0.0,0.0,5.800261247312889,4.310286621817614,1.751756893202753,-7.354282115015266,93.75,100.0,85.18518518518519,46
162.2457044046923,165.33888149878516,0.17911737421040394,0.541525810956955,-0.0010010674595832825,0.37514612823724747,-0.022671110928058624,0.17829164862632751,0.0,0.0,8.817255280025051,6.322843847368375,2.1919007719996273,-3.0169940327121623,93.75,100.0,85.18518518518519,46
154.9916170296289,159.50501235358908,0.1813349747204277,0.5294544994831085,0.003547288477420807,0.362418994307518,-0.03076595813035965,0.17741800844669342,0.0,0.0,13.488275004665581,10.53352048442233,3.333715276148297,-4.67101972464053,93.75,100.0,85.18518518518519,46
152.8388863594288,157.99486714557992,0.1764740184892319,0.5247500836849213,0.006465941667556763,0.35710325837135315,-0.034886233508586884,0.1756581962108612,0.0,0.0,14.557614034460073,12.858218056772,1.3251905750150144,-1.0693390297944916,93.75,100.0,85.18518518518519,46
147.84642729286261,154.99969841435467,0.17473331430008618,0.5126295685768127,0.008312009274959564,0.35086724907159805,-0.03954647481441498,0.17223112285137177,0.0,0.0,17.259522659109706,15.010586348373238,2.2667374186315925,-2.701908624649633,93.75,100.0,85.18518518518519,46
144.8306021092181,152.78696915153836,0.17097305211717523,0.5102584362030029,0.010551787912845612,0.3410036712884903,-0.04555033892393112,0.16783174872398376,0.0,0.0,19.00938353263679,17.953825656888295,1.617094906132678,-1.7498608735270835,93.75,100.0,85.18518518518519,46
141.8815117081903,150.8523315018778,0.16610000280079232,0.500899076461792,0.011405512690544128,0.33369840681552887,-0.04722745716571808,0.163509339094162,0.0,0.0,20.64388291314792,19.02941351219501,1.5717839366567006,-1.63449938051113,93.75,100.0,85.18518518518519,46
136.73964866484312,146.61251871320195,0.16866063683807248,0.49369245767593384,0.012519165873527527,0.3222245126962662,-0.05241896212100983,0.15817680954933167,0.0,0.0,23.56769796942764,21.602652533210712,2.4090383894651097,-2.9238150562797216,93.75,100.0,85.18518518518519,46
132.1026691660871,139.3722049762685,0.16380702948816644,0.4732208847999573,0.018105357885360718,0.3039785474538803,-0.05529052019119263,0.1556040644645691,0.0,0.0,28.027291568861592,26.33246439847123,1.908379706627521,-4.459593599433951,93.75,100.0,85.18518518518519,46
126.4499496608471,133.8287390295932,0.15924531166538328,0.4578031897544861,0.021295994520187378,0.2890770435333252,-0.05764343589544296,0.15046046674251556,0.0,0.0,31.564790368394604,29.68167330817178,1.7600636823653701,-3.5374987995330116,93.75,100.0,85.18518518518519,46
122.49269764244102,130.8299653857962,0.15882976586660486,0.44911307096481323,0.022343315184116364,0.2794530540704727,-0.05998356640338898,0.14783348143100739,0.0,0.0,34.36623797833414,32.05336818767924,1.8885202603751736,-2.8014476099395367,93.75,100.0,85.18518518518519,46
118.49422478759269,126.19439384618778,0.1577335491761907,0.43262988328933716,0.023836389183998108,0.26335863769054413,-0.062196508049964905,0.14638088643550873,0.0,0.0,38.23496455719364,36.36516560549527,1.533812446030737,-3.8687265788595013,93.75,100.0,85.18518518518519,46
112.04011431802994,122.30938727798213,0.15617366124796775,0.4165842533111572,0.022959575057029724,0.2452707141637802,-0.06527185440063477,0.14257948100566864,0.0,0.0,42.74792341923824,40.69045709846866,2.203356814320564,-4.512958862044599,93.75,100.0,85.18518518518519,46
109.96055235509144,121.30105216231838,0.15565057148630065,0.410481333732605,0.022621549665927887,0.23753127455711365,-0.0672353133559227,0.14095951616764069,0.0,0.0,44.0449174587254,42.941634634796316,1.5235427559356012,-1.29699403948716,93.75,100.0,85.18518518518519,46
106.63931111836666,118.4678020475114,0.1525970274824633,0.4006958603858948,0.022809825837612152,0.23189568519592285,-0.06825478374958038,0.13887646794319153,0.0,0.0,46.5381866117547,44.414290735670015,1.9855024423445258,-2.4932691530293027,93.75,100.0,85.18518518518519,46
103.53336471287014,114.46414466983502,0.15058479396665844,0.39099347591400146,0.02478387951850891,0.22087319195270538,-0.06886162608861923,0.13534890115261078,0.0,0.0,49.269868061342805,47.599947807573145,1.8183534828492398,-2.731681449588102,93.75,100.0,85.18518518518519,46
101.89200210859639,112.34523872514131,0.1491768306675614,0.3828403353691101,0.026700571179389954,0.21628732979297638,-0.06857368350028992,0.13410983979701996,0.0,0.0,50.882650890191876,49.23225203994414,1.557676260443543,-1.6127828288490704,93.75,100.0,85.18518518518519,46
98.45799065798667,108.63993486397676,0.14260762475122662,0.37484681606292725,0.028313808143138885,0.2079528421163559,-0.06821295619010925,0.12954837083816528,0.0,0.0,52.95441835231074,50.93178587317944,2.389318731843929,-2.0717674621188635,93.75,100.0,85.18518518518519,46
96.10463847859444,105.14528094288944,0.14262883669023538,0.367597758769989,0.02944890409708023,0.1969916969537735,-0.06843864917755127,0.12517334520816803,0.0,0.0,55.10335331604011,53.73622631149819,1.8807231586833169,-2.148934963729374,93.75,100.0,85.18518518518519,46
94.35870358310734,103.20070057021726,0.14272978335886996,0.3637996315956116,0.029998481273651123,0.1948951929807663,-0.06853774935007095,0.12515397369861603,0.0,0.0,56.89909457527935,54.722395367240345,1.7957412592392359,-1.7957412592392359,93.75,100.0,85.18518518518519,46
91.53085259081956,100.40316771055961,0.14217875449427417,0.35715949535369873,0.030694998800754547,0.19146402180194855,-0.06862761825323105,0.12487484514713287,0.0,0.0,59.586533637314744,56.20290292149775,2.687439062035395,-2.687439062035395,93.75,100.0,85.18518518518519,46
89.96486601140793,98.93287716317897,0.14229831573549367,0.3540753126144409,0.031984925270080566,0.18428939580917358,-0.06860163807868958,0.12476709485054016,0.0,0.0,61.28020531569478,59.40286108948469,1.4345944860448938,-1.693671678380035,93.75,100.0,85.18518518518519,46
87.61447400360134,96.45986751227743,0.1425795006001791,0.34913450479507446,0.032530613243579865,0.18059179186820984,-0.06855959445238113,0.12474729120731354,0.0,0.0,63.687271529824216,61.09990532812091,2.4070662141294363,-2.4070662141294363,93.75,100.0,85.18518518518519,46
86.05273230535147,94.57827736479932,0.14312143964146293,0.3459368944168091,0.03313720226287842,0.17791558802127838,-0.06850726902484894,0.12504473328590393,0.0,0.0,65.36808327426822,62.545292737359276,1.680811744444,-1.680811744444,93.75,100.0,85.18518518518519,46
84.70502500603084,92.28650464493039,0.14393426247978322,0.34223198890686035,0.03381228446960449,0.17478731274604797,-0.06847156584262848,0.12552206218242645,0.0,0.0,66.87624195026966,64.30295051751422,1.5081586760014432,-1.5081586760014432,93.75,100.0,85.18518518518519,46
81.42076051184262,87.90130600378075,0.14219328753171434,0.3355233669281006,0.03553006798028946,0.16814805567264557,-0.06843575835227966,0.12604615092277527,0.0,0.0,69.85466959365516,67.9590132422108,1.938102319559178,-2.9784276433855013,93.75,100.0,85.18518518518519,46
77.11854857275279,82.39795273280498,0.1430962431149609,0.32641375064849854,0.036180831491947174,0.16207754611968994,-0.06828408688306808,0.12557277083396912,0.0,0.0,74.44183142749748,70.76892975695195,3.579180694938316,-4.587161833842316,93.75,100.0,85.18518518518519,46
73.58629877732079,78.379892190906,0.14288715235169733,0.3193516731262207,0.03680895268917084,0.15276069939136505,-0.06824150681495667,0.12550565600395203,0.0,0.0,77.7337435018422,75.45817004998702,2.5846326911331374,-3.2919120743447223,93.75,100.0,85.18518518518519,46
69.52402271912689,74.87422577176066,0.13893351543990315,0.31078433990478516,0.03767583519220352,0.14626075327396393,-0.06812389194965363,0.12413625419139862,0.0,0.0,81.44149500435292,78.19990239709124,2.966234732892161,-3.7077515025107175,93.75,100.0,85.18518518518519,46
68.43997119355987,74.07171316740695,0.13857063423604074,0.3082590699195862,0.03842417150735855,0.14165662229061127,-0.06774495542049408,0.12315584719181061,0.0,0.0,82.830726164198,80.12030623546346,1.3892311598450817,-1.3892311598450817,93.75,100.0,85.18518518518519,46
62.0625474513551,67.69550270687417,0.1364379011207714,0.2933728098869324,0.04292914271354675,0.1299552321434021,-0.06460991501808167,0.12213973701000214,0.0,0.0,89.7492654771096,85.8415533785116,4.875556499620984,-6.918539312911605,93.75,100.0,85.18518518518519,46
63.789419394318145,69.44147846384416,0.13847601820095837,0.29539746046066284,0.04315309226512909,0.1270938366651535,-0.06463758647441864,0.12126295268535614,0.0,0.0,88.21562447115855,86.90190610821068,1.5336410059510541,1.5336410059510541,93.75,100.0,85.18518518518519,46
61.43709621389845,68.53768540892254,0.14033246697812576,0.2913995385169983,0.04293332248926163,0.12489716708660126,-0.06503152847290039,0.12169778347015381,0.0,0.0,89.62547432245918,88.116018312054,1.4098498513006348,-1.4098498513006348,93.75,100.0,85.18518518518519,46
63.233329025839225,70.98367581250342,0.13878533807803187,0.29306328296661377,0.04255463182926178,0.12368360161781311,-0.06558651477098465,0.1219937652349472,0.0,0.0,88.08543888130961,88.91895078800924,1.5400354411495698,1.5400354411495698,93.75,100.0,85.18518518518519,46
66.90811950256261,73.30257593858937,0.1368972311539677,0.29909461736679077,0.042331308126449585,0.1270422637462616,-0.06687553226947784,0.12025025486946106,0.0,0.0,84.17619131084915,86.44235229356849,2.589113343535402,3.9092475704604652,93.75,100.0,85.18518518518519,46
68.57959357151435,74.69135498257275,0.13679518442349883,0.30245447158813477,0.04273022711277008,0.12926837801933289,-0.06644105166196823,0.12011580169200897,0.0,0.0,82.74892871869935,85.21173780848174,1.427262592149802,1.427262592149802,93.75,100.0,85.18518518518519,46
73.73569604507651,79.66502119172956,0.13714889308632278,0.31234681606292725,0.04358707368373871,0.13608603179454803,-0.06554900109767914,0.1201731264591217,0.0,0.0,77.93785460682732,81.71958633797283,4.077516108688158,4.811074111872031,93.75,100.0,85.18518518518519,46
78.05625221213182,83.6274882194339,0.1391263670565447,0.3220418691635132,0.0441485270857811,0.1452849805355072,-0.06488580256700516,0.12180127203464508,0.0,0.0,74.29298868916743,77.87005665862944,2.9410239338401283,3.644865917659885,93.75,100.0,85.18518518518519,46
79.78982239349784,85.61285396670411,0.13880962630915547,0.32652437686920166,0.04423368722200394,0.15073144435882568,-0.06470777094364166,0.12249064445495605,0.0,0.0,72.48334074399457,75.48704916574923,1.8096479451728555,1.8096479451728555,93.75,100.0,85.18518518518519,46
86.43349570107375,92.56625438084069,0.14022573073524014,0.3407329320907593,0.04392639547586441,0.15990856289863586,-0.06425396353006363,0.12357963621616364,0.0,0.0,66.45227055763277,71.46610643923486,6.1835552085118906,6.031070186361802,93.75,100.0,85.18518518518519,46
92.3788407114015,98.36649998257263,0.14356093474945972,0.35718947649002075,0.042205072939395905,0.17167899012565613,-0.06372597813606262,0.12576277554035187,0.0,0.0,61.356083997902616,66.6180311027975,4.671860091607343,5.096186559730157,93.75,100.0,85.18518518518519,46
97.64778716647322,104.04592947183815,0.1477584268307933,0.3720237612724304,0.03914414346218109,0.18609319627285004,-0.06389380991458893,0.1293964982032776,0.0,0.0,56.36787576378354,61.23836100370231,4.833664399829594,4.988208234119078,93.75,100.0,85.18518518518519,46
103.1057715938598,109.87865613075563,0.15538940490528658,0.38524508476257324,0.03293972462415695,0.20467513799667358,-0.06507623195648193,0.13687321543693542,0.0,0.0,52.135687943013274,55.338747311287335,4.541901092341639,4.232187820770264,93.75,100.0,85.18518518518519,46
111.06218612023127,116.94991328165985,0.16151753273928043,0.41349196434020996,0.03050845116376877,0.21952766180038452,-0.06513907760381699,0.14254330098628998,0.0,0.0,45.464833345814455,51.33234207050464,5.586424612021439,6.670854597198819,93.75,100.0,85.18518518518519,46
114.61576270757493,118.6090795130715,0.16379430993405153,0.42348021268844604,0.029566772282123566,0.23886606097221375,-0.0641116201877594,0.14828820526599884,0.0,0.0,43.02941558374622,46.07854011983124,1.7392380081821628,2.4354177620682336,93.75,100.0,85.18518518518519,46
118.40781443007879,121.53425349111848,0.16649385457753368,0.43945831060409546,0.029842890799045563,0.24946588277816772,-0.06280069053173065,0.15128037333488464,0.0,0.0,40.29476981489776,43.38941808409671,2.734645768848459,2.734645768848459,93.75,100.0,85.18518518518519,46
125.82961142205659,126.59549229130285,0.1690630027611603,0.46248650550842285,0.030507974326610565,0.26518602669239044,-0.059458307921886444,0.1563335806131363,0.0,0.0,34.91081755245661,39.69327718535221,5.627288237851637,5.383952262441156,93.75,100.0,85.18518518518519,46
128.4869604643764,128.29943935482177,0.1689473599925031,0.46998143196105957,0.030464552342891693,0.2823376953601837,-0.05648322403430939,0.16002041101455688,0.0,0.0,32.62795274293144,35.55307915682412,1.507487798668727,2.282864809525165,93.75,100.0,85.18518518518519,46
133.45220611053267,134.22700464343265,0.17017475832530446,0.4830242991447449,0.03006558120250702,0.29269152879714966,-0.0543811097741127,0.16083602607250214,0.0,0.0,29.147583774730137,32.70544865292959,3.4803689682013044,3.4803689682013044,93.75,100.0,85.18518518518519,46
139.0201184359235,140.4208975443965,0.17232810506174315,0.5058181285858154,0.02840963751077652,0.3064979612827301,-0.0506330206990242,0.16205994784832,0.0,0.0,25.07251516799174,28.783666700602137,3.214099948763497,4.075068606738398,93.75,100.0,85.18518518518519,46
148.16298163110733,148.6825164326344,0.17756855857110287,0.5290327668190002,0.02340584248304367,0.3311283811926842,-0.04474291205406189,0.17018866539001465,0.0,0.0,19.019464041768742,22.979782020093115,4.760325027500755,6.0530511262229965,93.75,100.0,85.18518518518519,46
155.01061238523226,154.80546880436253,0.18761964869098738,0.5498973429203033,0.018204346299171448,0.3481636717915535,-0.03986357897520065,0.17620618641376495,0.0,0.0,14.466713204389904,18.791184287439112,3.4320576299383987,4.552750837378838,93.75,100.0,85.18518518518519,46
160.55270117504128,160.3469299343426,0.19346492786733027,0.5568586885929108,0.011187560856342316,0.37824834883213043,-0.03322280943393707,0.18854735791683197,0.0,0.0,10.855765495694413,13.18860399541921,2.7421129649283387,3.610947708695491,93.75,100.0,85.18518518518519,46
165.24562647793462,164.72807049248348,0.19146988532677137,0.5565929412841797,0.007677637040615082,0.38212161511182785,-0.028372496366500854,0.19019074738025665,0.0,0.0,8.110331845385858,10.64339759076708,1.8992827159794388,2.7454336503085557,93.75,100.0,85.18518518518519,46
169.52091120128776,168.84978470260813,0.19007926379039292,0.5646400451660156,0.0036151334643363953,0.38503222167491913,-0.022266656160354614,0.18939198553562164,0.0,0.0,5.20523165026114,7.562596376033621,1.7199757968610498,2.9051001951247173,93.75,100.0,85.18518518518519,46
178.01962043098823,175.1154681000079,0.18003988913746202,0.5652533769607544,-0.002889871597290039,0.38648688793182373,-0.010529503226280212,0.18457840383052826,0.0,0.0,0.5037235954396095,2.192413386594879,1.4226652229756525,4.701508054821531,93.75,100.0,85.18518518518519,46
179.73502013454035,177.957366202668,0.18597018721300387,0.5684396922588348,-0.005469508469104767,0.3935817703604698,-0.00477021187543869,0.18186236917972565,0.0,0.0,-1.479551943516853,-0.1870707584877387,1.4888576432719134,1.9832755389564625,93.75,100.0,85.18518518518519,46
168.16003453611495,168.49570609751896,0.17916766519246052,0.5512812435626984,-0.0009612888097763062,0.38012632727622986,-0.013332463800907135,0.18094117939472198,0.0,0.0,5.762275351093436,3.5578484844187592,2.446224451397029,,96.66666666666667,100.0,93.93939393939394,47
165.50079144646682,166.5701468035577,0.18254622020343267,0.5501057207584381,0.00044745951890945435,0.37819867581129074,-0.016301624476909637,0.18058457970619202,0.0,0.0,7.420578111833436,4.862430820528569,1.6583027607399998,-1.6583027607399998,96.66666666666667,100.0,93.93939393939394,47
161.1957878846505,163.34817635895135,0.18169573718993584,0.5352325737476349,0.002116188406944275,0.37286772578954697,-0.020179875195026398,0.18012592196464539,0.0,0.0,10.214379338055139,6.678320925169604,2.793801226221703,-2.793801226221703,96.66666666666667,100.0,93.93939393939394,47
157.24800596414963,160.6393709280979,0.1786694499026153,0.5303032398223877,0.0052687302231788635,0.36172817647457123,-0.02680104225873947,0.1785561591386795,0.0,0.0,12.447063796120986,9.976063168622233,2.6248323676416163,-2.2326844580658474,96.66666666666667,100.0,93.93939393939394,47
155.22611932893471,158.6669214452744,0.17971301354655403,0.5281645953655243,0.00699450820684433,0.35608479380607605,-0.029644548892974854,0.17739059031009674,0.0,0.0,13.910718243477703,11.5985982015333,1.463654447356717,-1.463654447356717,96.66666666666667,100.0,93.93939393939394,47
151.9066672019221,155.6873845211024,0.17724289263186407,0.5266198813915253,0.010195702314376831,0.35221511870622635,-0.034255437552928925,0.17518474161624908,0.0,0.0,15.82130819904485,14.091308242208118,1.6351654688559165,-1.910589955567147,96.66666666666667,100.0,93.93939393939394,47
147.14806370615165,152.534749521333,0.17653186602271756,0.5194428265094757,0.012401774525642395,0.3481772392988205,-0.03871527314186096,0.173193097114563,0.0,0.0,18.430437013841882,16.295174661437127,1.6876263111690406,-2.6091288147970317,96.66666666666667,100.0,93.93939393939394,47
142.238459287414,148.32262248262901,0.17432617136149833,0.5066796541213989,0.013635128736495972,0.3403361886739731,-0.0443572923541069,0.17079944908618927,0.0,0.0,21.42806685405442,18.90428983634895,2.41222207922776,-2.9976298402125394,96.66666666666667,100.0,93.93939393939394,47
138.28358180198262,144.22238340092125,0.1685766781637461,0.49687349796295166,0.015955597162246704,0.32966065406799316,-0.04844135791063309,0.1662798672914505,0.0,0.0,24.044405016502367,21.547283178280285,2.343588948764676,-2.6163381624479456,96.66666666666667,100.0,93.93939393939394,47
134.76294144662126,140.6602651876422,0.16483101243434367,0.48191678524017334,0.018801406025886536,0.3138193190097809,-0.05058611184358597,0.15982936322689056,0.0,0.0,26.897150880443164,24.325529800095715,2.237403644743523,-2.8527458639407968,96.66666666666667,100.0,93.93939393939394,47
130.6831614454508,137.55290969381772,0.16259010309316896,0.46779096126556396,0.020243287086486816,0.298138290643692,-0.05214674770832062,0.155235156416893,0.0,0.0,29.57369776716299,26.92883309818368,2.9889612577340543,-2.6765468867198265,96.66666666666667,100.0,93.93939393939394,47
127.30445682456306,134.17934105552428,0.16318089993747079,0.45929062366485596,0.02042558044195175,0.28764575719833374,-0.055034615099430084,0.15348398685455322,0.0,0.0,31.885286309556733,29.4061715055013,2.304320873700185,-2.311588542393743,96.66666666666667,100.0,93.93939393939394,47
124.4459630994632,130.89607824966532,0.1615113599950696,0.45005983114242554,0.02100163698196411,0.2796575278043747,-0.05780325084924698,0.1524142324924469,0.0,0.0,33.991831695567356,31.803174836130957,2.237215792024159,-2.106545386010623,96.66666666666667,100.0,93.93939393939394,47
120.80614497234922,125.8704356945997,0.16316582188012277,0.4381927251815796,0.02307988703250885,0.2704392373561859,-0.058766163885593414,0.1514023393392563,0.0,0.0,37.928675882652605,34.57253858648833,3.313645018462452,-3.9368441870852493,96.66666666666667,100.0,93.93939393939394,47
119.41012421482822,124.91423120114767,0.1637288098906559,0.4334115982055664,0.024371467530727386,0.2644982635974884,-0.05913908779621124,0.15119746327400208,0.0,0.0,39.296060167761674,36.45789965254295,1.3673842851090683,-1.3673842851090683,96.66666666666667,100.0,93.93939393939394,47
114.96093012213356,119.6374409388342,0.16254438253933476,0.42065685987472534,0.026176176965236664,0.25785917043685913,-0.05914706736803055,0.15147188305854797,0.0,0.0,43.608600183721364,38.86209177458145,4.312540015959691,-4.312540015959691,96.66666666666667,100.0,93.93939393939394,47
110.36853434489271,115.67375792045598,0.16257860448432912,0.41102802753448486,0.028343893587589264,0.2456316202878952,-0.06060791015625,0.15144141018390656,0.0,0.0,47.029536433808424,43.43495558474695,3.223910880112072,-3.4209362500870597,96.66666666666667,100.0,93.93939393939394,47
106.12928406282032,112.66783755457793,0.15529120510896147,0.3988668918609619,0.02922622114419937,0.23334325850009918,-0.06275997310876846,0.1468116044998169,0.0,0.0,49.410555575779526,46.78208007020951,2.527952858225788,-2.3810191419711018,96.66666666666667,100.0,93.93939393939394,47
102.78028081839255,108.76788003312993,0.15162087669441265,0.38743966817855835,0.030310042202472687,0.22035755217075348,-0.06354162096977234,0.14066092669963837,0.0,0.0,52.53306451023675,49.702659856944344,2.5486478860294,-3.1225089344572226,96.66666666666667,100.0,93.93939393939394,47
98.83259996124724,104.41278492325534,0.15025909328714473,0.37470364570617676,0.0319443941116333,0.20901493728160858,-0.06322033703327179,0.13729795813560486,0.0,0.0,56.35153881305934,53.0496057304571,3.0221358387343784,-3.818474302822594,96.66666666666667,100.0,93.93939393939394,47
93.03076367606332,98.19680718387278,0.1483767900700462,0.3647024631500244,0.033695779740810394,0.19606898725032806,-0.06357944756746292,0.13459891080856323,0.0,0.0,61.49896786926697,57.74131925021463,4.8741723067247165,-5.147429056207628,96.66666666666667,100.0,93.93939393939394,47
89.22917879957174,95.13933669842186,0.14419575393187656,0.35476505756378174,0.035264626145362854,0.18762369453907013,-0.06413029134273529,0.13246431946754456,0.0,0.0,64.21375615765369,61.01060001054529,2.5088757049354555,-2.714788288386721,96.66666666666667,100.0,93.93939393939394,47
88.50525458871482,93.96697037809689,0.14662498526025886,0.35338693857192993,0.03636418282985687,0.18266475200653076,-0.06423614174127579,0.1318848729133606,0.0,0.0,65.48372027815918,63.22533118944952,1.2699641205054917,-1.2699641205054917,96.66666666666667,100.0,93.93939393939394,47
84.71062570496116,89.75194279377165,0.14549479724498765,0.34513992071151733,0.03750716894865036,0.17831192910671234,-0.06433463841676712,0.13103675842285156,0.0,0.0,69.10450019787642,65.12671427160188,3.6207799197172363,-3.6207799197172363,96.66666666666667,100.0,93.93939393939394,47
82.2134650286772,85.66898240894741,0.14757651619851392,0.33726900815963745,0.039696648716926575,0.17210106551647186,-0.06364902853965759,0.13232120871543884,0.0,0.0,72.50441782473851,68.97445688996135,3.6992285656672124,-3.3999176268620914,96.66666666666667,100.0,93.93939393939394,47
78.05434229329984,80.284083209738,0.1496820971434924,0.3267505168914795,0.04071686416864395,0.16711606085300446,-0.06306403875350952,0.1345997303724289,0.0,0.0,76.99691783828276,72.64880884101025,4.708207396334345,-4.4925000135442446,96.66666666666667,100.0,93.93939393939394,47
76.01648674645043,77.2721044085038,0.14839511128790972,0.32015758752822876,0.041307441890239716,0.1605319231748581,-0.06287892907857895,0.1349908709526062,0.0,0.0,79.0518116998735,76.24445952437478,2.4114135824790566,-2.0548938615907417,96.66666666666667,100.0,93.93939393939394,47
70.90108484883325,72.56408924617686,0.14560457483244416,0.31057804822921753,0.04280392825603485,0.15256285667419434,-0.06219852715730667,0.1336635798215866,0.0,0.0,84.13921659393655,79.81047936292623,4.728725553436163,-5.087404894063056,96.66666666666667,100.0,93.93939393939394,47
66.62829650243572,68.02559601242889,0.145255211124282,0.30218321084976196,0.04420194774866104,0.14342933893203735,-0.061551548540592194,0.1322402060031891,0.0,0.0,88.35245152634707,83.96952305617495,4.376518462431278,-4.213234932410515,96.66666666666667,100.0,93.93939393939394,47
65.59829273577829,67.13806836269244,0.1446714708769212,0.29915958642959595,0.04552646726369858,0.13628382980823517,-0.06056332588195801,0.13156791031360626,0.0,0.0,89.96880645179876,87.44211114334706,2.497552920472131,-1.616354925451688,96.66666666666667,100.0,93.93939393939394,47
62.99670741584253,64.05147676476335,0.1442855323523341,0.29413360357284546,0.04627380520105362,0.131430983543396,-0.05977263301610947,0.13145104050636292,0.0,0.0,87.49076691750842,88.72275436348458,2.469423635796119,2.478039534290332,96.66666666666667,100.0,93.93939393939394,47
59.26811127590195,59.51565831899441,0.14680765726083872,0.28943145275115967,0.045765042304992676,0.1265486478805542,-0.06019856780767441,0.13179729878902435,0.0,0.0,83.63557175423918,87.16744830345175,3.9476922345156567,3.8551951632692436,96.66666666666667,100.0,93.93939393939394,47
56.62580161860501,55.39318300533729,0.15316979378573264,0.2898363471031189,0.04547435790300369,0.12425930798053741,-0.060296572744846344,0.13424833118915558,0.0,0.0,79.75766127138614,84.61681598297216,3.8779104828530393,3.8779104828530393,96.66666666666667,100.0,93.93939393939394,47
54.65651853927402,53.33371639427367,0.15228576518300152,0.2870482802391052,0.04523100703954697,0.1219342052936554,-0.06035285443067551,0.13641023635864258,0.0,0.0,77.87862627054564,82.21378082123145,1.8790350008405028,1.8790350008405028,96.66666666666667,100.0,93.93939393939394,47
52.37376461370224,53.85402148057823,0.14083072236504143,0.2786785364151001,0.04435430467128754,0.11103883385658264,-0.06193525344133377,0.13366636633872986,0.0,0.0,79.092106791116,77.98123008010265,1.5663313723110832,-1.2134805205703572,96.66666666666667,100.0,93.93939393939394,47
59.096834439726635,62.92379279523463,0.13511476952832496,0.29106247425079346,0.04518653452396393,0.10755841434001923,-0.06412432342767715,0.11970502138137817,0.0,0.0,87.52233623691343,83.66812942413195,4.3164988360411485,-8.430229445797437,96.66666666666667,100.0,93.93939393939394,47
60.53941588175752,64.35455698500859,0.13591594641848948,0.29356324672698975,0.045069947838783264,0.11100786924362183,-0.06424489617347717,0.11964431405067444,0.0,0.0,88.79187845573138,85.49219565757484,1.2695422188179464,-1.2695422188179464,96.66666666666667,100.0,93.93939393939394,47
65.18397779954131,69.26960485083339,0.1343503486384685,0.3012407422065735,0.04472288489341736,0.11588780581951141,-0.06429862976074219,0.11910980939865112,0.0,0.0,86.20814200446911,86.43204852449655,2.5837364512622685,2.5837364512622685,96.66666666666667,100.0,93.93939393939394,47
68.21879480767603,73.68504492640905,0.13519137459794794,0.3067512512207031,0.0445108637213707,0.122055783867836,-0.0643625482916832,0.11883194744586945,0.0,0.0,83.30038851659138,86.45568630342632,2.907753487877727,2.907753487877727,96.66666666666667,100.0,93.93939393939394,47
75.76406481133483,79.37947821876281,0.13462258436793267,0.32044517993927,0.04425571858882904,0.1299116164445877,-0.0642283707857132,0.11876453459262848,0.0,0.0,75.95668957869795,83.56427463887245,7.343698937893436,7.343698937893436,96.66666666666667,100.0,93.93939393939394,47
79.15411781270313,82.08066327888534,0.14008384757611977,0.323966920375824,0.044275157153606415,0.1394733488559723,-0.06382438540458679,0.1201479583978653,0.0,0.0,74.24721832392406,79.92810960592062,1.709471254773888,1.709471254773888,96.66666666666667,100.0,93.93939393939394,47
84.52384430186697,87.34546431563172,0.14262566975103655,0.3363988399505615,0.04439859092235565,0.15040889382362366,-0.06357304751873016,0.12261025607585907,0.0,0.0,69.11790342526497,75.65554996111959,5.129314898659089,5.129314898659089,96.66666666666667,100.0,93.93939393939394,47
91.28610085726774,91.83381230751536,0.14676741477438549,0.3504115343093872,0.04491934925317764,0.17065270245075226,-0.06211274117231369,0.12926164269447327,0.0,0.0,64.21132495973713,68.91972412498687,3.8911248312841877,4.9065784655278435,96.66666666666667,100.0,93.93939393939394,47
95.34177226753661,94.27712414159274,0.1518513489852012,0.3627684712409973,0.04517132043838501,0.18491247296333313,-0.06052973121404648,0.13474175333976746,0.0,0.0,61.556353922587135,64.63664296352687,3.1200892581747155,2.6549710371499913,96.66666666666667,100.0,93.93939393939394,47
98.79157152607382,97.61018609826183,0.15488075898505016,0.376322865486145,0.04442201554775238,0.19560930132865906,-0.06010236591100693,0.13910022377967834,0.0,0.0,58.146524479404796,61.63973028220339,4.033075066654973,3.409829443182339,96.66666666666667,100.0,93.93939393939394,47
101.63854142637405,100.78836104547621,0.16121138826654843,0.38891708850860596,0.0422903373837471,0.20618529617786407,-0.06050708144903183,0.14384329319000244,0.0,0.0,56.21033945713031,58.79007306091891,2.413489303950449,1.9361850222744863,96.66666666666667,100.0,93.93939393939394,47
108.22479122485308,107.07210604672962,0.1636179805898863,0.40951454639434814,0.04024672508239746,0.21997226774692535,-0.060364387929439545,0.14954987168312073,0.0,0.0,50.30520426360873,55.09716315729521,4.94407588375234,5.905135193521581,96.66666666666667,100.0,93.93939393939394,47
109.64856828028684,108.55765367629903,0.16345410156912343,0.4110713005065918,0.03929733484983444,0.22738172113895416,-0.0600702166557312,0.15146368741989136,0.0,0.0,49.05348542871042,52.70457732420263,1.2517188348983126,1.2517188348983126,96.66666666666667,100.0,93.93939393939394,47
113.90965348572351,112.80588181387563,0.16512475340112992,0.4250679612159729,0.03842119872570038,0.235454723238945,-0.05958530306816101,0.15270638465881348,0.0,0.0,45.213020966845804,49.95524770163151,3.840464461864613,3.840464461864613,96.66666666666667,100.0,93.93939393939394,47
116.21664964510026,114.58082860347145,0.16587425237278927,0.42838042974472046,0.037092991173267365,0.2433462142944336,-0.058962054550647736,0.15358415246009827,0.0,0.0,43.40990500816541,46.995403916832586,1.8031159586803938,1.8031159586803938,96.66666666666667,100.0,93.93939393939394,47
120.69976426457316,119.30126001684509,0.1681644608426792,0.4452957510948181,0.03556360304355621,0.2512326240539551,-0.05806522071361542,0.15513314306735992,0.0,0.0,39.740695014664034,44.354276604596414,3.6692099935013758,3.6692099935013758,96.66666666666667,100.0,93.93939393939394,47
126.94797264253361,123.7999738954894,0.17286921521420825,0.46415555477142334,0.03216642141342163,0.2716650515794754,-0.05488274246454239,0.16139881312847137,0.0,0.0,35.410147805917354,38.31615946109724,3.6915837928379034,4.33054720874668,96.66666666666667,100.0,93.93939393939394,47
132.3592247224003,129.2115336433979,0.17683534628040692,0.4772176742553711,0.03048984706401825,0.28407201170921326,-0.05223330855369568,0.16560810804367065,0.0,0.0,31.252591813397018,35.02129653747692,3.0681231184410223,4.1575559925203365,96.66666666666667,100.0,93.93939393939394,47
133.3852147147591,130.52571604669706,0.17497630764213318,0.4816089868545532,0.0294715017080307,0.2926764637231827,-0.05107119679450989,0.16704148054122925,0.0,0.0,29.958487572699994,32.7354855309631,1.294104240697024,1.294104240697024,96.66666666666667,100.0,93.93939393939394,47
139.30527336437174,136.42977604189514,0.17531561511985358,0.4961813688278198,0.027602791786193848,0.3014660179615021,-0.049586810171604156,0.16811902821063995,0.0,0.0,25.329573922557188,30.215342060123064,4.628913650142806,4.628913650142806,96.66666666666667,100.0,93.93939393939394,47
142.8075127289953,139.80263330252996,0.18163135198006392,0.5121241211891174,0.025000400841236115,0.3176429569721222,-0.04662654548883438,0.17089983820915222,0.0,0.0,23.19952046092486,26.09532889454561,2.6942131610755524,2.130053461632329,96.66666666666667,100.0,93.93939393939394,47
148.66111387667445,144.61291487579828,0.19306130229348137,0.5244870483875275,0.022857263684272766,0.3322630450129509,-0.04248878359794617,0.1794905811548233,0.0,0.0,20.144595510095712,23.19430667779416,3.394781608059958,3.0549249508291467,96.66666666666667,100.0,93.93939393939394,47
154.16341041353093,150.85612234784915,0.20049960633372074,0.549279659986496,0.01978212594985962,0.3529067113995552,-0.038309283554553986,0.19037240743637085,0.0,0.0,15.742359655935772,19.813444223091313,4.085084952242326,4.40223585415994,96.66666666666667,100.0,93.93939393939394,47
159.26875683179918,156.19846477780717,0.1998506400925066,0.5569682121276855,0.014881856739521027,0.37404900789260864,-0.034370847046375275,0.1963140070438385,0.0,0.0,12.288518921144203,15.608971621395678,2.2890443791804387,3.4538407347915694,96.66666666666667,100.0,93.93939393939394,47
163.68750381293626,161.58244781814955,0.19911791028974637,0.5615423321723938,0.01024743914604187,0.3859846442937851,-0.029175981879234314,0.19769364595413208,0.0,0.0,9.186052396879703,11.861087034768929,2.2061611238474654,3.1024665242645,96.66666666666667,100.0,93.93939393939394,47
171.07409949963062,168.76923223186876,0.19654809975154847,0.5716839134693146,0.002957180142402649,0.39674534648656845,-0.019962944090366364,0.19591489434242249,0.0,0.0,4.4514984355629394,6.537259249985446,1.7249722707857842,4.734553961316763,96.66666666666667,100.0,93.93939393939394,47
177.0184769626086,172.95240914603573,0.1914748333922216,0.5704311728477478,0.000436343252658844,0.3991411477327347,-0.01373889297246933,0.1940714567899704,0.0,0.0,1.3016465187955362,3.9616414740658996,2.615303716760863,3.1498519167674033,96.66666666666667,100.0,93.93939393939394,47
171.22819119475034,167.18659564820908,0.237249766257275,0.4964222311973572,0.0121803879737854,0.45105478167533875,-0.0070021748542785645,0.23740017414093018,0.0,0.0,6.654081080343772,5.130285873676922,1.4641660286880693,,97.2972972972973,80.0,93.10344827586206,48
169.1299485943525,165.24043641098413,0.23742865896312904,0.4949972629547119,0.014962688088417053,0.45042717456817627,-0.008162245154380798,0.2373245507478714,0.0,0.0,8.393045446967363,6.193921829649341,1.7389643666235912,-1.7389643666235912,97.2972972972973,80.0,93.10344827586206,48
166.95944326666452,163.4747541922996,0.2375385918152354,0.49382269382476807,0.018590465188026428,0.4496687948703766,-0.009682729840278625,0.23718805611133575,0.0,0.0,10.081315316551184,7.5795892238795055,1.68826986958382,-1.68826986958382,97.2972972972973,80.0,93.10344827586206,48
165.04805283689655,162.60682897077348,0.23790897380952633,0.4917494058609009,0.022947922348976135,0.44899582862854004,-0.01129196584224701,0.23725508153438568,0.0,0.0,11.608177406244877,9.184154812526799,1.5268620896936937,-1.5268620896936937,97.2972972972973,80.0,93.10344827586206,48
162.93410026835724,162.39185585134126,0.2380753098885061,0.4884633421897888,0.026706188917160034,0.4478897303342819,-0.013332456350326538,0.23735131323337555,0.0,0.0,12.988277116120116,10.767703821470885,1.380099709875239,-1.380099709875239,97.2972972972973,80.0,93.10344827586206,48
159.0361402935062,157.89208530001198,0.23367632000042624,0.47888630628585815,0.032934948801994324,0.4445333927869797,-0.01761278510093689,0.23620714247226715,0.0,0.0,15.773360545533535,13.638840864540935,1.587812155268324,-2.785083429413419,97.2972972972973,80.0,93.10344827586206,48
156.7737975104099,153.10459309467035,0.22860555692349785,0.4653116464614868,0.03527997434139252,0.43908581137657166,-0.01999184489250183,0.2336825430393219,0.0,0.0,17.352977754261673,15.075040951545134,1.5796172087281377,-1.5796172087281377,97.2972972972973,80.0,93.10344827586206,48
154.47582806280963,150.36461491766715,0.22806019868395802,0.4599190354347229,0.038235798478126526,0.43298593163490295,-0.022007927298545837,0.23098601400852203,0.0,0.0,19.232429137826017,16.63607895697161,1.8794513835643443,-1.8794513835643443,97.2972972972973,80.0,93.10344827586206,48
151.03166591566665,146.51590813296016,0.22449139403944907,0.44451195001602173,0.042781636118888855,0.4165799021720886,-0.025549039244651794,0.2252759486436844,0.0,0.0,21.98184382908471,19.692070012376256,1.7808145007520864,-2.7494146912586928,97.2972972972973,80.0,93.10344827586206,48
148.8793831595695,140.7736883913478,0.22356643744376167,0.4367758631706238,0.044336140155792236,0.4091639816761017,-0.02731133997440338,0.22379560768604279,0.0,0.0,23.29463657058237,21.17748471645643,1.3127927414976597,-1.3127927414976597,97.2972972972973,80.0,93.10344827586206,48
146.90851034931185,138.07738379431544,0.2209659718432863,0.4276110529899597,0.04491083323955536,0.4005056470632553,-0.02910780906677246,0.22177654504776,0.0,0.0,24.717736839868465,22.548811641967042,1.4231002692860955,-1.4231002692860955,97.2972972972973,80.0,93.10344827586206,48
144.8176963105615,135.3688486551309,0.22109140417922088,0.4222875237464905,0.0463537722826004,0.392922967672348,-0.03079119324684143,0.2203744351863861,0.0,0.0,26.53601526171456,24.132558125312528,1.8182784218460952,-1.8182784218460952,97.2972972972973,80.0,93.10344827586206,48
143.0778803418952,133.48623881088,0.2181425107063195,0.41654467582702637,0.047556906938552856,0.3855482339859009,-0.032452866435050964,0.2185393124818802,0.0,0.0,27.967918523362677,25.629076798882018,1.4319032616481167,-1.4319032616481167,97.2972972972973,80.0,93.10344827586206,48
138.73600265375438,128.8044501306597,0.2140245741201561,0.40160655975341797,0.053089261054992676,0.3672576993703842,-0.03506624698638916,0.21271991729736328,0.0,0.0,31.520772093386455,29.722820816612668,1.3143034945335117,-3.552853570023778,97.2972972972973,80.0,93.10344827586206,48
136.08741744343075,126.04505619374963,0.21534161830600818,0.39043760299682617,0.05496174097061157,0.35792210698127747,-0.03641146421432495,0.21182647347450256,0.0,0.0,34.00010745602347,32.0539400295366,1.5116954861399563,-2.4793353626370163,97.2972972972973,80.0,93.10344827586206,48
133.35132265012209,123.11939821717142,0.21147868585920365,0.3805774450302124,0.05576169490814209,0.3513399809598923,-0.037138283252716064,0.2108965367078781,0.0,0.0,36.110587603561065,33.52996978071363,2.1104801475375936,-2.1104801475375936,97.2972972972973,80.0,93.10344827586206,48
126.90482022175416,117.20687434761562,0.19820975634878024,0.3532705307006836,0.05698321759700775,0.32319384813308716,-0.04197588562965393,0.19876667857170105,0.0,0.0,40.10223537599852,38.50873011644179,1.4096946421049736,-3.991647772437453,97.2972972972973,80.0,93.10344827586206,48
123.37273139445213,114.73954301757641,0.19695096347669,0.34368717670440674,0.05630381405353546,0.315484419465065,-0.04403793811798096,0.19538593292236328,0.0,0.0,42.652997758552566,39.91317169921853,2.5507623825540477,-2.5507623825540477,97.2972972972973,80.0,93.10344827586206,48
120.49574116149452,113.13175705543244,0.19514929943573475,0.3359904885292053,0.05567935109138489,0.3078182488679886,-0.046248018741607666,0.19235078990459442,0.0,0.0,44.52374461938008,41.49287962195618,1.8707468608275164,-1.8707468608275164,97.2972972972973,80.0,93.10344827586206,48
115.44978291850296,109.02847490955087,0.1923813734960622,0.32044094800949097,0.05360032618045807,0.29209084808826447,-0.05155906081199646,0.1875007152557373,0.0,0.0,47.82535607307632,45.18583741024505,2.0841048831050912,-3.301611453696239,97.2972972972973,80.0,93.10344827586206,48
112.58125295651553,104.41821940735358,0.19242636998719492,0.3088182210922241,0.05174027383327484,0.2804828882217407,-0.05546663701534271,0.18435372412204742,0.0,0.0,50.33602495730108,48.149081136091624,1.6423326332832033,-2.5106688842247564,97.2972972972973,80.0,93.10344827586206,48
111.67449124597724,102.93876899979615,0.19180393678151664,0.30336320400238037,0.05154426395893097,0.2752969115972519,-0.05599105358123779,0.18376338481903076,0.0,0.0,51.67256674405102,49.63191002461157,1.3365417867499403,-1.3365417867499403,97.2972972972973,80.0,93.10344827586206,48
110.13526087996254,101.855924160271,0.19126688108339485,0.29783254861831665,0.051464930176734924,0.2705485224723816,-0.05579173564910889,0.18353217840194702,0.0,0.0,53.28887986875622,50.997790973531544,1.6163131247052007,-1.6163131247052007,97.2972972972973,80.0,93.10344827586206,48
109.02297990361927,98.1955285400138,0.19117351753914125,0.2941403388977051,0.051779016852378845,0.26579031348228455,-0.055027589201927185,0.18359681963920593,0.0,0.0,54.55295080507904,52.46260559379684,1.264070936322824,-1.264070936322824,97.2972972972973,80.0,93.10344827586206,48
106.25428725096631,94.54424052923306,0.19048603038355333,0.2878487706184387,0.051734015345573425,0.26064151525497437,-0.05492903292179108,0.18311960995197296,0.0,0.0,56.60767803182161,54.03051886242697,2.054727226742564,-2.054727226742564,97.2972972972973,80.0,93.10344827586206,48
103.09649755784756,92.89639442990314,0.1916786405318207,0.27905207872390747,0.05085611343383789,0.2547580897808075,-0.05541016161441803,0.18294014036655426,0.0,0.0,59.63791412801814,56.02185570841875,3.030236096196532,-3.030236096196532,97.2972972972973,80.0,93.10344827586206,48
100.55400523074815,90.15056913442075,0.19004556820445595,0.2719724178314209,0.05010238289833069,0.24837926030158997,-0.05590835213661194,0.1824691742658615,0.0,0.0,62.13226634210283,58.23270232675541,2.4943522140846923,-2.4943522140846923,97.2972972972973,80.0,93.10344827586206,48
96.3209459023476,85.46659263067609,0.18823719132169786,0.2629747986793518,0.0493927001953125,0.2402832955121994,-0.05663551390171051,0.18147893249988556,0.0,0.0,66.06480029692489,61.110664699716864,3.9325339548220555,-3.9325339548220555,97.2972972972973,80.0,93.10344827586206,48
93.8852743234259,82.38066952019526,0.18484338048037297,0.25741738080978394,0.04899229109287262,0.2318200320005417,-0.05695028603076935,0.17989900708198547,0.0,0.0,68.02645548168135,63.965359062181804,1.9616551847564665,-1.9616551847564665,97.2972972972973,80.0,93.10344827586206,48
90.26910101631904,77.92139782146067,0.1813031772368356,0.2489110231399536,0.049495965242385864,0.2228749543428421,-0.057226985692977905,0.17708276212215424,0.0,0.0,71.07455526973591,66.82451934761124,3.0480997880545573,-3.0480997880545573,97.2972972972973,80.0,93.10344827586206,48
87.54265486819122,69.48581058922758,0.17906119733143006,0.2439771294593811,0.050099119544029236,0.2141852229833603,-0.05787576735019684,0.17397619783878326,0.0,0.0,73.16715130052984,69.583240587218,2.0925960307939278,-2.0925960307939278,97.2972972972973,80.0,93.10344827586206,48
84.92567746537054,67.8709148790656,0.17822208807766746,0.23836570978164673,0.05076548457145691,0.20677655935287476,-0.05861771106719971,0.1710842102766037,0.0,0.0,75.42490419899225,71.92326656273484,2.257752898462414,-2.257752898462414,97.2972972972973,80.0,93.10344827586206,48
82.00547466193177,65.11384602670275,0.17735565254767552,0.23342370986938477,0.051709339022636414,0.19979603588581085,-0.05943875014781952,0.16882067918777466,0.0,0.0,77.98920970399011,74.41395511831203,2.5643055049978614,-2.5643055049978614,97.2972972972973,80.0,93.10344827586206,48
79.19085576401017,63.598197968194754,0.17752355464651431,0.2287941575050354,0.05267038941383362,0.19408774375915527,-0.06046062707901001,0.16745486855506897,0.0,0.0,80.33852133622577,76.72994663493449,2.349311632235654,-2.349311632235654,97.2972972972973,80.0,93.10344827586206,48
76.62777454507278,57.30893892140014,0.1773362847519586,0.22366535663604736,0.05355566740036011,0.1887437254190445,-0.061366572976112366,0.16666603088378906,0.0,0.0,82.64001596771504,79.0981628017308,2.301494631489277,-2.301494631489277,97.2972972972973,80.0,93.10344827586206,48
74.83568513039643,57.278873745240524,0.17797260690156236,0.22006773948669434,0.05446372926235199,0.18413718044757843,-0.062415823340415955,0.1662096083164215,0.0,0.0,84.04460998216327,81.25308924752355,1.4045940144482216,-1.4045940144482216,97.2972972972973,80.0,93.10344827586206,48
70.705127659438,54.77555384163013,0.18003685323026034,0.2139376997947693,0.05677299201488495,0.17636148631572723,-0.06611473858356476,0.1664772778749466,0.0,0.0,87.1856151142616,85.38463566174777,1.5193498055575532,-3.1410051320983285,97.2972972972973,80.0,93.10344827586206,48
76.82898019996827,62.18347211427791,0.18238039368544345,0.22945046424865723,0.059028640389442444,0.17923006415367126,-0.0656566321849823,0.16750825941562653,0.0,0.0,82.88199904665015,84.62036300870346,1.6319554291667657,4.303616067611443,97.2972972972973,80.0,93.10344827586206,48
80.13688036721663,65.06783342054602,0.1823233364999897,0.23564141988754272,0.05929727852344513,0.18409788608551025,-0.06409361958503723,0.1694168746471405,0.0,0.0,80.0320397646565,83.19726086977765,2.849959281993648,2.849959281993648,97.2972972972973,80.0,93.10344827586206,48
84.45616353917683,70.66947509645017,0.1829994476712135,0.24490737915039062,0.05942016839981079,0.1907055824995041,-0.06266945600509644,0.17112815380096436,0.0,0.0,76.09332054599892,80.88032845828062,3.9387192186575817,3.9387192186575817,97.2972972972973,80.0,93.10344827586206,48
88.53979701374777,76.75563582637159,0.1845775187276764,0.2556154131889343,0.059127286076545715,0.1986362487077713,-0.06189084053039551,0.17228764295578003,0.0,0.0,71.98710427220352,77.74861590737729,4.106216273795397,4.106216273795397,97.2972972972973,80.0,93.10344827586206,48
91.45974109885469,79.02090870244452,0.18717391886600082,0.26313865184783936,0.058310285210609436,0.20738118886947632,-0.0615244060754776,0.17369289696216583,0.0,0.0,69.26877544871886,74.34531000789445,2.7183288234846685,2.7183288234846685,97.2972972972973,80.0,93.10344827586206,48
95.5323484500613,81.2982696873594,0.18703786750244247,0.27184057235717773,0.05703967809677124,0.2166883945465088,-0.061472415924072266,0.17496196925640106,0.0,0.0,65.22405117845372,70.64331286134376,4.044724270265135,4.044724270265135,97.2972972972973,80.0,93.10344827586206,48
100.03678652298657,85.72210558578139,0.18688311131740062,0.28231656551361084,0.05605992674827576,0.22611628472805023,-0.06117264926433563,0.17609257996082306,0.0,0.0,61.321061927286635,66.95024820666569,3.902989251167085,3.902989251167085,97.2972972972973,80.0,93.10344827586206,48
104.629861744051,89.99493108657224,0.18747882901880053,0.29138654470443726,0.0553736686706543,0.23513756692409515,-0.05986689031124115,0.17729349434375763,0.0,0.0,57.891755102685366,63.426410914286144,3.4293068246012695,3.4293068246012695,97.2972972972973,80.0,93.10344827586206,48
109.20430634035193,97.39921216661234,0.18818806169842298,0.3002762794494629,0.05510234832763672,0.24445292353630066,-0.057803601026535034,0.17822617292404175,0.0,0.0,54.27210256054846,59.677242692243546,3.6196525421369046,3.6196525421369046,97.2972972972973,80.0,93.10344827586206,48
111.69710295842614,98.22982056509477,0.19031749497630596,0.30599677562713623,0.05527879297733307,0.2528447359800339,-0.055104389786720276,0.17992912232875824,0.0,0.0,52.80666833494063,56.572896981365275,1.4654342256078294,1.4654342256078294,97.2972972972973,80.0,93.10344827586206,48
114.93316882592023,99.15756629469111,0.19316649490501683,0.3142967224121094,0.055065855383872986,0.26080088317394257,-0.052303433418273926,0.18240205943584442,0.0,0.0,50.51488141517862,53.871351853338275,2.2917869197620107,2.2917869197620107,97.2972972972973,80.0,93.10344827586206,48
118.79938111731693,103.14710965927931,0.194523055699872,0.32345807552337646,0.05458490550518036,0.26861199736595154,-0.04972338676452637,0.18494848906993866,0.0,0.0,47.525525611146215,51.27979448045348,2.9893558040324066,2.9893558040324066,97.2972972972973,80.0,93.10344827586206,48
122.4792659228057,107.01470858085513,0.19936402569474618,0.33530670404434204,0.05422721803188324,0.2770320475101471,-0.04724353551864624,0.1884787231683731,0.0,0.0,44.88737646482118,48.933612956521664,2.638149146325034,2.638149146325034,97.2972972972973,80.0,93.10344827586206,48
126.55154833089293,110.48230547516731,0.19890419049840893,0.3477560877799988,0.05383796989917755,0.2869725972414017,-0.04507255554199219,0.19122490286827087,0.0,0.0,41.209912388897536,46.034423970010884,3.6774640759236448,3.6774640759236448,97.2972972972973,80.0,93.10344827586206,48
130.50649111841673,114.59231456445524,0.19864478054285395,0.35784029960632324,0.05344034731388092,0.2972753345966339,-0.042837515473365784,0.19314715266227722,0.0,0.0,37.9961543387018,42.90474220089168,3.213758050195736,3.213758050195736,97.2972972972973,80.0,93.10344827586206,48
134.48279209368488,119.49108164743856,0.2010456658432243,0.37151139974594116,0.053269729018211365,0.3087603598833084,-0.04054960608482361,0.19530551135540009,0.0,0.0,34.95951775133846,39.76324023593975,3.03663658736334,3.03663658736334,97.2972972972973,80.0,93.10344827586206,48
136.98970307121064,122.1898726881995,0.20398480812633138,0.38288795948028564,0.05288352072238922,0.3200199007987976,-0.03863760828971863,0.1968689262866974,0.0,0.0,32.858069892479065,36.75591359285421,2.1014478588593946,2.1014478588593946,97.2972972972973,80.0,93.10344827586206,48
139.81359263890883,125.27829660255566,0.20612035451629546,0.3966149687767029,0.05226539075374603,0.33196963369846344,-0.03699195384979248,0.19902947545051575,0.0,0.0,30.245929217852094,34.01491780009286,2.6121406746269713,2.6121406746269713,97.2972972972973,80.0,93.10344827586206,48
141.73564658924408,127.03631420465527,0.20883107826874264,0.40805739164352417,0.051602333784103394,0.34439240396022797,-0.035888299345970154,0.20182642340660095,0.0,0.0,28.566030420176325,31.657386820461483,1.6798987976757687,1.6798987976757687,97.2972972972973,80.0,93.10344827586206,48
145.5316310014924,130.7894963385024,0.21197583652102914,0.4254593849182129,0.050064876675605774,0.3660871088504791,-0.03429853916168213,0.20695357024669647,0.0,0.0,25.70031079144833,27.985587895251278,1.7297703600800318,2.8657196287279945,97.2972972972973,80.0,93.10344827586206,48
148.17089971449698,132.63790721872334,0.2122370660873709,0.4354618191719055,0.04940196871757507,0.37555569410324097,-0.03295643627643585,0.20871596038341522,0.0,0.0,23.644927320036274,26.335337420797323,2.055383471412057,2.055383471412057,97.2972972972973,80.0,93.10344827586206,48
151.0401490107787,135.23538608667886,0.212251401703597,0.4444273114204407,0.048649877309799194,0.38445067405700684,-0.03095105290412903,0.2098810076713562,0.0,0.0,21.60851556283832,24.59595870646282,2.0364117571979534,2.0364117571979534,97.2972972972973,80.0,93.10344827586206,48
153.72467797095806,136.7449345345205,0.2144107393398253,0.450278639793396,0.04768387973308563,0.3926452100276947,-0.02828308939933777,0.2108013927936554,0.0,0.0,19.99676154541902,22.737628804935486,1.611754017419301,1.611754017419301,97.2972972972973,80.0,93.10344827586206,48
163.45441449467432,146.13679281976468,0.22147252019351588,0.48355239629745483,0.042174145579338074,0.4316689223051071,-0.015517354011535645,0.2227194607257843,0.0,0.0,13.551164519880246,15.450900889202092,1.413809680995982,6.445597025538774,97.2972972972973,80.0,93.10344827586206,48
165.1540855571483,147.80868069800212,0.2199582630107294,0.48649024963378906,0.04024319350719452,0.43380598723888397,-0.013386234641075134,0.22175605595111847,0.0,0.0,12.20941264043853,14.209571593690878,1.3417518794417163,1.3417518794417163,97.2972972972973,80.0,93.10344827586206,48
168.6439471618673,153.6139449031328,0.22575061369136845,0.4946901202201843,0.035004958510398865,0.44035525619983673,-0.009696975350379944,0.22256341576576233,0.0,0.0,9.392542864032862,11.607582869012536,1.8846685876656437,2.8168697764056674,97.2972972972973,80.0,93.10344827586206,48
170.4102343019503,156.58036840457805,0.2292521854777823,0.498399555683136,0.030995413661003113,0.4439927190542221,-0.008480891585350037,0.22455941140651703,0.0,0.0,7.913755378775974,10.198230583736468,1.4787874852568876,1.4787874852568876,97.2972972972973,80.0,93.10344827586206,48
173.20580748797093,161.5453691968688,0.23221764158674724,0.5019070506095886,0.023577094078063965,0.44960881769657135,-0.005957365036010742,0.2293783724308014,0.0,0.0,5.818799657412754,7.635309056366189,1.5973386678304138,2.0949557213632204,97.2972972972973,80.0,93.10344827586206,48
168.26640839385902,168.7529131793896,0.18247730179222152,0.5458084046840668,0.0005848705768585205,0.37633296102285385,-0.01236085593700409,0.18065467476844788,0.0,0.0,6.115787817825719,3.7871351414336196,2.56139704898996,,88.88888888888889,100.0,96.42857142857143,49
163.95758590053683,164.8848048751657,0.17392765062393378,0.5344820618629456,0.004834450781345367,0.3690086081624031,-0.019804075360298157,0.17862077057361603,0.0,0.0,8.913055361108846,7.393406855324351,1.4375354253241142,-2.7972675432831267,88.88888888888889,100.0,96.42857142857143,49
161.60270277793873,162.9098038285516,0.1719860702870476,0.5351951718330383,0.006598673760890961,0.3635215312242508,-0.021293826401233673,0.17580261826515198,0.0,0.0,10.435557951519513,8.473349388747799,1.5225025904106673,-1.5225025904106673,88.88888888888889,100.0,96.42857142857143,49
156.0463060492632,159.11429756748618,0.1761066455138143,0.5272225141525269,0.009583018720149994,0.3539469614624977,-0.02540164440870285,0.17203356325626373,0.0,0.0,13.533427452191631,10.894864075915418,2.8360119133499495,-3.097869500672118,88.88888888888889,100.0,96.42857142857143,49
152.6726024530508,157.14298661753585,0.17598613594817292,0.5218039155006409,0.010592758655548096,0.3513238802552223,-0.029113009572029114,0.17193131148815155,0.0,0.0,15.379969849088369,12.511592697910299,1.8465423968967372,-1.8465423968967372,88.88888888888889,100.0,96.42857142857143,49
147.353720925833,152.7607602044267,0.17416212418957747,0.5144694745540619,0.011691957712173462,0.34406302124261856,-0.03691980987787247,0.1712377667427063,0.0,0.0,18.41336342291585,15.734254189058518,2.803107390877628,-3.0333935738274818,88.88888888888889,100.0,96.42857142857143,49
141.13274101506488,146.5488476736327,0.17448941957544592,0.5058122873306274,0.013920284807682037,0.3343965783715248,-0.045404963195323944,0.17012543976306915,0.0,0.0,22.70366841136955,19.869987857180814,3.3891246801066472,-4.290304988453698,88.88888888888889,100.0,96.42857142857143,49
134.85559310973372,140.12195050770453,0.17132897659925547,0.4903029799461365,0.01905413717031479,0.32144831866025925,-0.05075088143348694,0.16600477695465088,0.0,0.0,27.096994572099575,24.21754283835473,3.646505594661761,-4.393326160730027,88.88888888888889,100.0,96.42857142857143,49
131.14451056787112,135.99464820288097,0.16803939038147792,0.4730793237686157,0.022162489593029022,0.3044136315584183,-0.052869416773319244,0.1616688370704651,0.0,0.0,30.031982544246894,27.763347322016756,3.1993950737016945,-2.9349879721473187,88.88888888888889,100.0,96.42857142857143,49
124.0755866159449,129.5659754930105,0.16325437604544057,0.4564293622970581,0.023265071213245392,0.2866482585668564,-0.05579075217247009,0.15668341517448425,0.0,0.0,34.93476072036908,31.358329033773607,4.687142139091115,-4.902778176122183,88.88888888888889,100.0,96.42857142857143,49
120.44957511705144,125.42058733535508,0.16479016865467383,0.44053804874420166,0.02622133493423462,0.2708282470703125,-0.05857788771390915,0.15216852724552155,0.0,0.0,38.50740122826223,35.5939926902236,4.079586098833701,-3.572640507893155,88.88888888888889,100.0,96.42857142857143,49
113.75477392417156,119.36262254250329,0.16528825909756026,0.4200192093849182,0.02783247083425522,0.25675223767757416,-0.05940474569797516,0.15419963002204895,0.0,0.0,44.55813792084912,40.46833031244485,5.116426409753153,-6.050736692586888,88.88888888888889,100.0,96.42857142857143,49
107.82416630453807,114.62067751036521,0.15844588932775994,0.4054870009422302,0.02821648120880127,0.23890751600265503,-0.062135249376297,0.14950786530971527,0.0,0.0,48.472917223556124,45.33618126602764,4.7556889583838,-3.9147793027070037,88.88888888888889,100.0,96.42857142857143,49
102.28319263703531,109.23676555970219,0.15109947960383383,0.38982194662094116,0.030388370156288147,0.22132569551467896,-0.06411638110876083,0.14119365811347961,0.0,0.0,52.69883520746937,49.72942194683784,4.403766762055497,-4.225917983913249,88.88888888888889,100.0,96.42857142857143,49
95.33111656767227,102.18976398905214,0.14877572575572284,0.3683931231498718,0.03378324210643768,0.20538920164108276,-0.06408011168241501,0.13606151938438416,0.0,0.0,59.04449376542236,54.74143081902851,5.481189137348331,-6.345658557952987,88.88888888888889,100.0,96.42857142857143,49
94.13148229255756,100.79407873728734,0.14845562080205535,0.3654620051383972,0.034458644688129425,0.20041614770889282,-0.0641118660569191,0.13531553745269775,0.0,0.0,60.31908685071072,56.64649372983884,1.274593085288359,-1.274593085288359,88.88888888888889,100.0,96.42857142857143,49
86.34732895649927,93.02894972111164,0.14562418774201852,0.3489531874656677,0.03576142340898514,0.1861829310655594,-0.0639544278383255,0.13319839537143707,0.0,0.0,67.78247433900913,62.099786788136626,6.529382141604827,-7.463387488298409,88.88888888888889,100.0,96.42857142857143,49
80.6823069167603,87.85320453367893,0.1421553374558966,0.33167189359664917,0.03758028894662857,0.16755765676498413,-0.06318197399377823,0.12952715158462524,0.0,0.0,73.04899791977759,69.34400306684681,4.553558116638172,-5.266523580768464,88.88888888888889,100.0,96.42857142857143,49
81.13792381923435,86.98521779319776,0.14492336201524791,0.3309779763221741,0.039282746613025665,0.16219687461853027,-0.06274015456438065,0.12841278314590454,0.0,0.0,73.3379817326088,71.69054775014448,1.4582101875567162,-0.288983812831205,88.88888888888889,100.0,96.42857142857143,49
74.11705279689903,80.59122559633224,0.1448824930681741,0.31740814447402954,0.03997071087360382,0.15692637860774994,-0.06254194676876068,0.12877468764781952,0.0,0.0,80.47302594725285,74.68494428617282,7.135044214644054,-7.135044214644054,88.88888888888889,100.0,96.42857142857143,49
66.27282655799166,74.90549745643838,0.14258951766125247,0.3023461103439331,0.04141122102737427,0.14385074377059937,-0.062079399824142456,0.13038010895252228,0.0,0.0,88.3047085335824,82.6004120050499,7.356224230665077,-7.831682586329549,88.88888888888889,100.0,96.42857142857143,49
59.35210231297971,66.06794844051043,0.1408812881690616,0.2880893349647522,0.043254218995571136,0.127924382686615,-0.05921065807342529,0.12885724008083344,0.0,0.0,83.56926225285996,87.32264341040715,5.001981702984622,4.735446280722442,88.88888888888889,100.0,96.42857142857143,49
57.53192057289361,64.28602592550062,0.14209231056630597,0.28565239906311035,0.043474286794662476,0.12363645434379578,-0.05829257518053055,0.1291418820619583,0.0,0.0,81.4197114147546,85.60139413070021,2.1495508381053554,2.1495508381053554,88.88888888888889,100.0,96.42857142857143,49
52.642202940279745,59.60393084936261,0.13996039717885628,0.27486032247543335,0.04286424070596695,0.11309027671813965,-0.057373858988285065,0.1291518658399582,0.0,0.0,76.89809724300795,80.89578097461009,4.7979557448099115,4.5216141717466485,88.88888888888889,100.0,96.42857142857143,49
49.69504123800612,54.28740054692983,0.1392731494798306,0.2690391540527344,0.042120516300201416,0.10267369449138641,-0.05726028233766556,0.12777145206928253,0.0,0.0,73.71063084175019,75.83494751503332,2.888646616013446,3.1874664012577654,88.88888888888889,100.0,96.42857142857143,49
47.78866215436369,50.97499111946192,0.13973581716121689,0.2667943239212036,0.042429156601428986,0.10024484992027283,-0.05696989595890045,0.1278393715620041,0.0,0.0,71.56456530414877,74.50156453031853,2.146065537601416,2.146065537601416,88.88888888888889,100.0,96.42857142857143,49
44.15579004975504,45.65322564459537,0.140948697378109,0.2633286118507385,0.04272150248289108,0.09425696730613708,-0.05592558532953262,0.12886574864387512,0.0,0.0,67.01158797744799,70.6833104239713,3.434869595090305,4.552977326700784,88.88888888888889,100.0,96.42857142857143,49
43.00080872432332,44.56535264881586,0.1426140280416007,0.26228952407836914,0.04261932522058487,0.09161178767681122,-0.05544278025627136,0.12998291850090027,0.0,0.0,65.57687015044476,68.64987025114496,1.434717827003226,1.434717827003226,88.88888888888889,100.0,96.42857142857143,49
43.62738831342755,46.148095806911776,0.14224157109601293,0.2636817693710327,0.04240560531616211,0.09010683000087738,-0.0554247722029686,0.13067404925823212,0.0,0.0,66.92778738095117,67.49067577034555,1.3509172305064112,-1.3509172305064112,88.88888888888889,100.0,96.42857142857143,49
45.46197077753494,50.56704310179612,0.1373666571532297,0.26452070474624634,0.042017124593257904,0.08859418332576752,-0.056292735040187836,0.12901592254638672,0.0,0.0,71.08769906574612,67.65098614364751,4.159911684794949,-4.159911684794949,88.88888888888889,100.0,96.42857142857143,49
46.31310957679926,52.63618398728586,0.1351984089810377,0.26495981216430664,0.04162871837615967,0.08886551856994629,-0.057777754962444305,0.12674862146377563,0.0,0.0,72.98426938797738,69.14415649627986,1.8965703222312555,-1.8965703222312555,88.88888888888889,100.0,96.42857142857143,49
48.79863393161686,55.81824199012417,0.13159787963936737,0.2679469585418701,0.041034698486328125,0.09017658233642578,-0.06047970801591873,0.12048222124576569,0.0,0.0,76.49940551163454,73.38577702813521,3.52767136445172,-3.5151361236571574,88.88888888888889,100.0,96.42857142857143,49
50.92538087377768,58.76492751428292,0.13062473984130618,0.2714351415634155,0.041177503764629364,0.09162643551826477,-0.06099299341440201,0.11833374202251434,0.0,0.0,78.99412609651844,75.3623837858283,2.4947205848839076,-2.4947205848839076,88.88888888888889,100.0,96.42857142857143,49
57.00264021342858,65.61156841725519,0.13053363194559722,0.2824978232383728,0.0419607013463974,0.09740161895751953,-0.061712317168712616,0.1155066043138504,0.0,0.0,85.80115697845983,80.08765350243637,6.745231555327138,-6.807030881941387,88.88888888888889,100.0,96.42857142857143,49
58.642734627618616,67.54894386280013,0.1313815818972406,0.2850675582885742,0.04256953299045563,0.10195767879486084,-0.062100328505039215,0.11523804068565369,0.0,0.0,87.16058543588855,82.75294848349988,1.35942845742872,-1.35942845742872,88.88888888888889,100.0,96.42857142857143,49
61.8240683677771,70.2873044118117,0.13221609882748053,0.2916102409362793,0.043683476746082306,0.11081667244434357,-0.06294411420822144,0.11563429236412048,0.0,0.0,89.63995557248367,87.2278985825948,3.330059228936477,-2.479370136595122,88.88888888888889,100.0,96.42857142857143,49
63.78793886168978,71.56803181701517,0.13382857236725237,0.2951720952987671,0.0440397784113884,0.11455340683460236,-0.06298115104436874,0.11655107140541077,0.0,0.0,88.11429594858194,87.80618332512535,1.5256596239017313,1.5256596239017313,88.88888888888889,100.0,96.42857142857143,49
68.79325237466082,74.72024487019685,0.13530364737551837,0.30685049295425415,0.04428594559431076,0.12264327704906464,-0.06291260570287704,0.11817184090614319,0.0,0.0,83.73097193805742,87.61574654887633,5.246790798324895,4.383324010524518,88.88888888888889,100.0,96.42857142857143,49
76.82004518583187,83.32081505392217,0.13693647034974982,0.3231843113899231,0.045804187655448914,0.13713379204273224,-0.06189647316932678,0.12132304906845093,0.0,0.0,76.45477726260108,81.68955051297067,6.913829667338334,7.276194675456338,88.88888888888889,100.0,96.42857142857143,49
83.35002391590353,88.86290184490124,0.14142133016947814,0.3378848433494568,0.04701893776655197,0.1538994461297989,-0.06181628257036209,0.12485355138778687,0.0,0.0,70.57371526916612,75.09309632496324,6.07985288827247,5.881061993434969,88.88888888888889,100.0,96.42857142857143,49
85.11046167768723,90.40639984301508,0.1422904692511462,0.3422985076904297,0.04691368341445923,0.15924622118473053,-0.06198732554912567,0.1262623816728592,0.0,0.0,68.93878864792522,73.21409917129428,1.6349266212408935,1.6349266212408935,88.88888888888889,100.0,96.42857142857143,49
90.09317073097532,93.21157820600575,0.14717083054270064,0.35538458824157715,0.04626967012882233,0.17224863171577454,-0.061822980642318726,0.12982292473316193,0.0,0.0,65.42100852418497,68.58326239973005,3.97852863345895,3.517780123740252,88.88888888888889,100.0,96.42857142857143,49
95.465610741668,97.45881695519351,0.15385673224215926,0.3706228733062744,0.04517904669046402,0.18824003636837006,-0.06060207635164261,0.13694246113300323,0.0,0.0,61.463607910724186,64.13822039432728,3.2477147766949273,3.957400613460784,88.88888888888889,100.0,96.42857142857143,49
96.47649502969,98.21219033763337,0.15903348254893337,0.374558687210083,0.04400087147951126,0.1974359154701233,-0.06035816669464111,0.14311324059963226,0.0,0.0,61.24376140079566,62.50931701851311,1.374814674317804,0.21984650992852295,88.88888888888889,100.0,96.42857142857143,49
99.22437427657019,100.33202543094063,0.16322958299480267,0.3823181390762329,0.04332779347896576,0.2039448767900467,-0.0602949783205986,0.14673008024692535,0.0,0.0,59.09414621239234,61.105022899756406,2.149615188403324,2.149615188403324,88.88888888888889,100.0,96.42857142857143,49
103.87068178413415,104.4359256538624,0.1646516335318344,0.3949183225631714,0.04171505570411682,0.21620941162109375,-0.0600530207157135,0.15218155086040497,0.0,0.0,54.88802823583393,57.832270726750714,3.390596540819324,4.20611797655841,88.88888888888889,100.0,96.42857142857143,49
105.77423052462083,106.24368876971852,0.16513798210320527,0.4009154438972473,0.03964214771986008,0.22291292250156403,-0.059873066842556,0.15349692106246948,0.0,0.0,52.95109854348985,55.11423098266129,1.388073831178282,1.93692969234408,88.88888888888889,100.0,96.42857142857143,49
109.57681727036339,110.00272222340031,0.1678351239200303,0.41257375478744507,0.03841762989759445,0.22887228429317474,-0.05960916727781296,0.15489503741264343,0.0,0.0,49.79687482518481,52.993793494794176,3.1542237183050403,3.1542237183050403,88.88888888888889,100.0,96.42857142857143,49
111.18968672902903,111.03920227830118,0.16525330124653262,0.4167400002479553,0.03772231191396713,0.23326286673545837,-0.059425435960292816,0.15512698888778687,0.0,0.0,47.92306905094024,51.25255369857076,1.8738057742445662,1.8738057742445662,88.88888888888889,100.0,96.42857142857143,49
116.82166863259312,115.82454053678184,0.16605024356484846,0.4349936842918396,0.03707699477672577,0.2439352422952652,-0.058337002992630005,0.15508325397968292,0.0,0.0,43.2070441544714,47.1118733949788,4.313461394847366,4.716024896468845,88.88888888888889,100.0,96.42857142857143,49
122.55938869888863,119.91807211857223,0.1707703048636886,0.45297086238861084,0.03603664040565491,0.26010385155677795,-0.05555388331413269,0.1576332002878189,0.0,0.0,39.01038332812293,41.82393942681149,3.732922753408353,4.19666082634847,88.88888888888889,100.0,96.42857142857143,49
127.24580612191468,125.15688314564703,0.1707063890178874,0.4607049822807312,0.03532971441745758,0.27611856162548065,-0.05248081684112549,0.16248390078544617,0.0,0.0,35.57381232528488,37.71279749601216,1.9877318790159464,3.4365710028380505,88.88888888888889,100.0,96.42857142857143,49
131.34762991548237,129.42845078909477,0.1709326122446501,0.4762677550315857,0.0344204306602478,0.28603115677833557,-0.04976671189069748,0.16244585812091827,0.0,0.0,32.07098627930438,34.295051206222915,2.254964921740317,3.5028260459804983,88.88888888888889,100.0,96.42857142857143,49
135.09488838442826,133.42071584600484,0.17318415632645645,0.4883086681365967,0.033149220049381256,0.2994060218334198,-0.048033200204372406,0.16474205255508423,0.0,0.0,29.496910403086034,31.09184148132065,1.753636584005946,2.5740758762183447,88.88888888888889,100.0,96.42857142857143,49
139.023085972329,138.1724918896105,0.17084777961229483,0.49881529808044434,0.031626105308532715,0.3052193373441696,-0.04586651921272278,0.16588164865970612,0.0,0.0,26.46182589906916,29.111098192698048,2.773283582475848,3.035084504016872,88.88888888888889,100.0,96.42857142857143,49
144.03976208704998,141.96568043462784,0.1842522751272165,0.5137279033660889,0.029342740774154663,0.31814616173505783,-0.041214972734451294,0.17210380733013153,0.0,0.0,23.911553251372197,25.790893462261025,2.286817620939722,2.550272647696964,88.88888888888889,100.0,96.42857142857143,49
145.83195082579465,145.09277918807902,0.18719782645253757,0.5164114534854889,0.026463322341442108,0.3281897157430649,-0.0394560843706131,0.1802576333284378,0.0,0.0,22.28120028543563,24.027643993869802,1.4382512809238222,1.6303529659365665,88.88888888888889,100.0,96.42857142857143,49
149.32200962982685,147.9375827134938,0.19414922269487692,0.5291048586368561,0.025304630398750305,0.33723336458206177,-0.03786294907331467,0.18467704951763153,0.0,0.0,20.198576343013855,22.527695361545284,2.082623942421776,2.082623942421776,88.88888888888889,100.0,96.42857142857143,49
151.67574322899614,150.33453414700097,0.19814673227322618,0.5299606621265411,0.022781088948249817,0.348653182387352,-0.03531626611948013,0.19064487516880035,0.0,0.0,18.547851153553395,20.20987077770925,1.2640041752807178,1.6507251894604593,88.88888888888889,100.0,96.42857142857143,49
155.98799506872757,154.50855046517697,0.2009108075307168,0.5458445250988007,0.021307922899723053,0.3593800514936447,-0.033415913581848145,0.19447682797908783,0.0,0.0,15.148220369598292,18.426625798749914,3.3996307839551037,3.3996307839551037,88.88888888888889,100.0,96.42857142857143,49
162.32155202022668,162.00954395670306,0.1978886626193868,0.5565298795700073,0.011304326355457306,0.38190247118473053,-0.027570411562919617,0.197575643658638,0.0,0.0,10.437054190629127,11.918109032979931,1.9603157301193903,4.711166178969165,88.88888888888889,100.0,96.42857142857143,49
171.6126621320648,169.6375270636024,0.19612033456427555,0.5745384097099304,0.005713462829589844,0.3991111218929291,-0.01814177632331848,0.19769276678562164,0.0,0.0,4.897609172308265,6.764567510163488,1.7890458472591604,5.539445018320862,88.88888888888889,100.0,96.42857142857143,49
177.6635768776251,174.7977709489123,0.18551811596605103,0.5738512277603149,0.001986883580684662,0.3996288627386093,-0.00952892005443573,0.192044198513031,0.0,0.0,0.9189041499288209,3.1938549486426844,2.1275339742570196,3.978705022379444,88.88888888888889,100.0,96.42857142857143,49
169.51836149148718,169.2039771588622,0.18883690534635852,0.5539465546607971,-0.0015459954738616943,0.39238420128822327,-0.013396106660366058,0.18756423890590668,0.0,0.0,5.0221701215743195,3.3215663464781997,1.9820308597657714,,96.66666666666667,100.0,96.29629629629629,50
159.7000266816771,162.1393676396064,0.18453277449490427,0.5404245257377625,0.003374636173248291,0.37731993198394775,-0.02595837414264679,0.18265701830387115,0.0,0.0,10.681270259451068,8.583046033538878,2.7585055329804646,-5.659100137876749,96.66666666666667,100.0,96.29629629629629,50
153.92303550903645,156.95820612271882,0.1780501902534194,0.5321702361106873,0.007326558232307434,0.3644697368144989,-0.032346658408641815,0.17807990312576294,0.0,0.0,14.366455039297918,12.025529354476149,2.598090197911887,-3.68518477984685,96.66666666666667,100.0,96.29629629629629,50
148.64522105943485,153.4207805874218,0.17518819821257997,0.5178731381893158,0.010547049343585968,0.35012108087539673,-0.0374612882733345,0.17230315506458282,0.0,0.0,17.364264268304467,15.135614681562465,2.7367033181622418,-2.997809229006549,96.66666666666667,100.0,96.29629629629629,50
141.33551589390112,146.6998302935945,0.17432134611423813,0.504138320684433,0.012160077691078186,0.334055095911026,-0.04504530131816864,0.1685349941253662,0.0,0.0,22.245591365984907,19.08926933458291,3.700393371640601,-4.88132709768044,96.66666666666667,100.0,96.29629629629629,50
138.91476580706095,144.67214566572392,0.1746675173844321,0.4990957975387573,0.013871245086193085,0.32942383736371994,-0.047259338200092316,0.16778512299060822,0.0,0.0,24.03651028033805,20.757330837591304,1.790918914353142,-1.790918914353142,96.66666666666667,100.0,96.29629629629629,50
137.3103160829085,142.48480273323435,0.16939067195147683,0.4942561388015747,0.017611250281333923,0.32121971249580383,-0.0505533441901207,0.16525833308696747,0.0,0.0,24.92432611140117,23.614177646871696,1.674043281638518,-0.8878158310631221,96.66666666666667,100.0,96.29629629629629,50
134.21833189879715,138.633928462049,0.16633207669584713,0.4832105040550232,0.020719014108181,0.31045863032341003,-0.051680758595466614,0.16113470494747162,0.0,0.0,27.371385125299845,25.88103744553152,1.8191828758377753,-2.4470590138986736,96.66666666666667,100.0,96.29629629629629,50
128.22039059800437,134.654209160724,0.1599359206006079,0.4666988253593445,0.021025359630584717,0.2941342443227768,-0.05427391827106476,0.15388888120651245,0.0,0.0,30.72859298685558,28.259934787048323,3.3716434196733616,-3.357207861555736,96.66666666666667,100.0,96.29629629629629,50
122.21677108796794,128.8114074397947,0.1602261721629147,0.4493386149406433,0.023369744420051575,0.2763403505086899,-0.058568939566612244,0.1481950432062149,0.0,0.0,35.608109136066915,32.63423395578475,3.065745736207141,-4.879516149211334,96.66666666666667,100.0,96.29629629629629,50
118.04948323260942,124.13180518759746,0.16513018460108111,0.4319506287574768,0.025645121932029724,0.2653433531522751,-0.06012236326932907,0.1514996737241745,0.0,0.0,40.14928393976825,37.04540033974408,3.6757794545825675,-4.541174803701338,96.66666666666667,100.0,96.29629629629629,50
111.6660157230518,118.63065120391192,0.163121524729758,0.41536271572113037,0.02668890357017517,0.25114600360393524,-0.06215059012174606,0.1519891768693924,0.0,0.0,45.33625112119639,41.90544788224156,4.180358540736961,-5.1869671814281375,96.66666666666667,100.0,96.29629629629629,50
107.05545438530092,115.34191267580742,0.15090602064245195,0.4030640125274658,0.028375111520290375,0.23283056914806366,-0.0648006722331047,0.1405552327632904,0.0,0.0,47.30162240926342,45.29233141478699,3.0174348619351505,-1.9653712880670327,96.66666666666667,100.0,96.29629629629629,50
105.3488273203204,113.30444086027265,0.1506107259873099,0.39873820543289185,0.028919808566570282,0.22826097905635834,-0.0651577040553093,0.13806937634944916,0.0,0.0,48.80092766264785,46.24476907923806,1.4993052533844278,-1.4993052533844278,96.66666666666667,100.0,96.29629629629629,50
101.69172903122643,109.77100618396976,0.14844556981183665,0.38652104139328003,0.030215077102184296,0.21762751042842865,-0.06569772958755493,0.1345718950033188,0.0,0.0,51.848357652431226,49.1363101578946,3.254024745195345,-3.0474299897833745,96.66666666666667,100.0,96.29629629629629,50
95.82878493288405,103.80864676461366,0.1493436950308747,0.36971038579940796,0.031556710600852966,0.20389123260974884,-0.06610903888940811,0.1313205510377884,0.0,0.0,57.804416958107694,53.44752404323418,5.733279791125618,-5.956059305676469,96.66666666666667,100.0,96.29629629629629,50
89.0255740876342,96.97163882940274,0.1467155443198511,0.3546364903450012,0.03309224545955658,0.1903289407491684,-0.06624356657266617,0.13154427707195282,0.0,0.0,64.1246139957653,59.44261990501924,5.887335506035292,-6.320197037657607,96.66666666666667,100.0,96.29629629629629,50
82.33204777170141,90.65134696086908,0.14259299283790877,0.33731305599212646,0.035069748759269714,0.17452068626880646,-0.06578488647937775,0.12849421799182892,0.0,0.0,70.31135205376228,65.5141506363778,6.7969821076684696,-6.186738057996976,96.66666666666667,100.0,96.29629629629629,50
76.52219685116899,83.13602508659429,0.14170737672263334,0.3241812586784363,0.0381196066737175,0.1603563278913498,-0.06505081057548523,0.12636913359165192,0.0,0.0,76.36425669261887,71.78677391559185,6.731461083268158,-6.052904638856589,96.66666666666667,100.0,96.29629629629629,50
76.73262842080669,82.06784477439328,0.147118422923863,0.32259857654571533,0.040047913789749146,0.15740184485912323,-0.06431575864553452,0.12921452522277832,0.0,0.0,77.47891541746657,74.9238994301925,1.259285416132684,-1.1146587248477005,96.66666666666667,100.0,96.29629629629629,50
70.13703569895034,75.39037092669201,0.1450866515773649,0.3091546297073364,0.040530942380428314,0.15172533690929413,-0.06396859884262085,0.13042351603507996,0.0,0.0,83.98956255526559,78.51309116667123,6.510647137799026,-6.510647137799026,96.66666666666667,100.0,96.29629629629629,50
65.30338011643755,69.41736747451165,0.14355674352899234,0.3000706434249878,0.04208238422870636,0.1387481838464737,-0.0631723627448082,0.1296495944261551,0.0,0.0,88.61610965332176,85.0521526992363,5.07125815009671,-4.6265470980561645,96.66666666666667,100.0,96.29629629629629,50
58.135701904829915,61.800608069669984,0.13945967338232523,0.2817222476005554,0.04468508064746857,0.11967229843139648,-0.060019031167030334,0.1275365948677063,0.0,0.0,83.14179519234789,85.70685341454605,3.5892319353137623,5.474314460973872,96.66666666666667,100.0,96.29629629629629,50
53.285450270725036,56.99320990915599,0.13687332887281967,0.2759421467781067,0.04564967751502991,0.1092340350151062,-0.0590396374464035,0.12477636337280273,0.0,0.0,78.57149526587033,81.56112394542932,4.680903724346095,4.57029992647756,96.66666666666667,100.0,96.29629629629629,50
50.009241961725714,54.729567512069735,0.1329985416910591,0.2697235941886902,0.04597735404968262,0.1000746339559555,-0.05791167914867401,0.12235940992832184,0.0,0.0,75.88059786852037,77.89872282052279,3.015573145409874,2.690897397349957,96.66666666666667,100.0,96.29629629629629,50
49.30184532640634,55.27953341171495,0.1347372628912592,0.2697024941444397,0.0456375852227211,0.09387542307376862,-0.05828489363193512,0.11962805688381195,0.0,0.0,75.11192622974264,76.08423556977192,1.459169392231928,0.7686716387777324,96.66666666666667,100.0,96.29629629629629,50
51.643948327430294,59.367788047298525,0.13364135600146912,0.2734425663948059,0.0450112447142601,0.09458589553833008,-0.0596591979265213,0.1216585785150528,0.0,0.0,78.96234361302841,75.49903547505005,4.751656497664783,-3.850417383285773,96.66666666666667,100.0,96.29629629629629,50
52.648168101377955,60.827846803535344,0.13242398422632798,0.27455204725265503,0.04489526152610779,0.09610067307949066,-0.060428276658058167,0.12036077678203583,0.0,0.0,80.56333226374501,77.0295292609356,1.6009886507166016,-1.6009886507166016,96.66666666666667,100.0,96.29629629629629,50
58.87322248880553,66.2146287618171,0.1327354600894658,0.28647851943969727,0.04443574696779251,0.10249242186546326,-0.06213277578353882,0.11747214198112488,0.0,0.0,87.12639244393081,82.017054924854,5.710241065219108,-6.563060180185801,96.66666666666667,100.0,96.29629629629629,50
62.69491501113839,69.68850448619422,0.13264037697220077,0.2933863401412964,0.044261179864406586,0.1076735258102417,-0.06258660554885864,0.11694903671741486,0.0,0.0,88.87511727730714,84.49524834092367,1.748724833376329,-1.748724833376329,96.66666666666667,100.0,96.29629629629629,50
66.25944390115689,72.90114374310942,0.13212468673995464,0.3025408983230591,0.04435742646455765,0.11868160963058472,-0.06304655969142914,0.1165858656167984,0.0,0.0,85.17085331627148,87.45918945612232,3.493541470708408,3.7042639610356645,96.66666666666667,100.0,96.29629629629629,50
67.74414093665484,74.07846519721366,0.13204066488793426,0.30500876903533936,0.04458487033843994,0.12271596491336823,-0.06303464621305466,0.11639496684074402,0.0,0.0,83.86405629619692,86.64360541918886,1.306797020074555,1.306797020074555,96.66666666666667,100.0,96.29629629629629,50
75.68548402213747,81.7516092219602,0.13311091427094313,0.3196025490760803,0.04515155404806137,0.131670743227005,-0.06254210323095322,0.11668458580970764,0.0,0.0,76.6902199130742,82.11293488282041,6.036390092664803,7.173836383122719,96.66666666666667,100.0,96.29629629629629,50
82.31927721964757,84.9228776365059,0.14375657082396315,0.333198606967926,0.04799388349056244,0.1511656492948532,-0.06012341380119324,0.12365911900997162,0.0,0.0,73.3142841990108,75.73756523730576,3.507965435579024,3.3759357140634023,96.66666666666667,100.0,96.29629629629629,50
83.74005061292542,86.43412090152415,0.1436827616634805,0.3361138105392456,0.04865577071905136,0.15683616697788239,-0.059478938579559326,0.12691143155097961,0.0,0.0,71.95366858048499,74.55342740415846,1.360615618525813,1.360615618525813,96.66666666666667,100.0,96.29629629629629,50
89.05757358197928,90.96980216620045,0.1488116114924874,0.34867435693740845,0.04897262156009674,0.16973766684532166,-0.05886387825012207,0.132991224527359,0.0,0.0,67.8337517768449,71.20106684252131,3.8688110368996576,4.119916803640081,96.66666666666667,100.0,96.29629629629629,50
93.56393859170043,94.76582429962396,0.15677384322053556,0.3648924231529236,0.04803602397441864,0.18750382959842682,-0.05874986946582794,0.14206647872924805,0.0,0.0,64.26257824078552,66.96475370511708,3.2233179740466085,3.5711735360593906,96.66666666666667,100.0,96.29629629629629,50
98.1056782206536,98.87632366001844,0.16298312086139088,0.37790876626968384,0.0458889901638031,0.20069415867328644,-0.059118546545505524,0.148938849568367,0.0,0.0,60.772216849865,63.77349942017659,4.760774239097117,3.490361390920512,96.66666666666667,100.0,96.29629629629629,50
102.75664272190687,104.08946665262943,0.16618944586472145,0.3902057409286499,0.043218888342380524,0.2145797461271286,-0.05863470584154129,0.15418100357055664,0.0,0.0,56.67043528782158,59.34263596461149,3.3212816574209114,4.101781562043421,96.66666666666667,100.0,96.29629629629629,50
108.42534478461474,109.99318313271363,0.16777476131587374,0.4099521040916443,0.040918171405792236,0.22606787085533142,-0.05841729789972305,0.15547962486743927,0.0,0.0,51.23048683852393,54.646511088079514,3.8431591926140527,5.439948449297653,96.66666666666667,100.0,96.29629629629629,50
110.56701509685956,111.64789100478953,0.1676491955762048,0.4155157804489136,0.040246397256851196,0.2310907244682312,-0.058387018740177155,0.1558804214000702,0.0,0.0,49.09134988237934,52.75173973671895,2.13913695614459,2.13913695614459,96.66666666666667,100.0,96.29629629629629,50
114.35919114299818,115.72781243665855,0.1689775467498431,0.42871469259262085,0.0390746146440506,0.24340961873531342,-0.058253638446331024,0.15715251863002777,0.0,0.0,45.58079829263737,48.49548650675636,2.4985127208474083,3.510551589741972,96.66666666666667,100.0,96.29629629629629,50
120.90580960907246,121.0107755715146,0.1731355740045058,0.4466378688812256,0.03645957261323929,0.25876615941524506,-0.05650399625301361,0.16117577254772186,0.0,0.0,40.55910333930619,43.63855663195957,3.2302734894502763,5.021694953331178,96.66666666666667,100.0,96.29629629629629,50
126.73696322125645,125.89293621769535,0.17414490228850343,0.4597971439361572,0.035236284136772156,0.27461177110671997,-0.05309557169675827,0.16489845514297485,0.0,0.0,36.33497393584858,38.863262796239994,2.388162873989259,4.22412940345761,96.66666666666667,100.0,96.29629629629629,50
132.67196409359724,131.24027713922905,0.17651540192573206,0.4774116277694702,0.034450799226760864,0.28828901052474976,-0.04970017075538635,0.16797590255737305,0.0,0.0,31.70910508032633,35.026304125507735,3.9434530029622294,4.625868855522249,96.66666666666667,100.0,96.29629629629629,50
135.9136763849224,135.00075410184454,0.17627199469101215,0.4919935464859009,0.03305671364068985,0.3032560497522354,-0.046517036855220795,0.1693788766860962,0.0,0.0,29.234885111521855,30.737107639617093,1.6702355880307493,2.4742199688044764,96.66666666666667,100.0,96.29629629629629,50
142.4344972829696,140.9503241925781,0.18506771591787602,0.5094445049762726,0.03044457733631134,0.31467055529356003,-0.04286929965019226,0.17332586646080017,0.0,0.0,25.132006019668438,27.438237261622323,3.0613052007584045,4.102879091853417,96.66666666666667,100.0,96.29629629629629,50
149.39304071979066,148.25071915608183,0.18583506201338648,0.527141660451889,0.026932738721370697,0.331535704433918,-0.038554735481739044,0.18030883371829987,0.0,0.0,19.88616996280362,23.44871470032156,4.509051697615689,5.2458360568648175,96.66666666666667,100.0,96.29629629629629,50
154.45936815587646,153.93680039203153,0.19456234212826687,0.5448746085166931,0.021897755563259125,0.35110025852918625,-0.03435499966144562,0.18724368512630463,0.0,0.0,16.007221722696556,19.008309375055145,3.953995448540965,3.8789482401070643,96.66666666666667,100.0,96.29629629629629,50
156.86579985289544,155.94441815918222,0.19641153294563515,0.554950624704361,0.020402483642101288,0.36079008132219315,-0.03328850865364075,0.19011077284812927,0.0,0.0,14.25877951918018,17.601461764149285,1.748442203516376,1.748442203516376,96.66666666666667,100.0,96.29629629629629,50
158.60433991458913,158.04411141885507,0.1974624727679772,0.5574835538864136,0.016806691884994507,0.3786214739084244,-0.03049405664205551,0.19407087564468384,0.0,0.0,13.019586953565906,14.393150662252104,1.2674274999998687,1.2391925656142746,96.66666666666667,100.0,96.29629629629629,50
161.74186430332674,161.37471726185953,0.19981292403306475,0.5597484111785889,0.012941606342792511,0.38486555218696594,-0.028121747076511383,0.19677244126796722,0.0,0.0,10.944389700199025,12.3187432614831,1.846015738381979,2.0751972533668805,96.66666666666667,100.0,96.29629629629629,50
165.98034113285908,165.67670689919026,0.19851199100261493,0.5682193040847778,0.00975557416677475,0.393015056848526,-0.023988477885723114,0.19854304194450378,0.0,0.0,7.969531563454154,9.854105483698518,2.107898671720008,2.9748581367448708,96.66666666666667,100.0,96.29629629629629,50
171.79552614796566,169.88902860626877,0.1937464077346097,0.5712504088878632,0.005726560950279236,0.3944537937641144,-0.01775660365819931,0.19514822959899902,0.0,0.0,4.695693905414856,6.7268267128938355,2.1967161599240512,3.273837658039298,96.66666666666667,100.0,96.29629629629629,50
174.21113886810508,172.0923332991798,0.19167748197259113,0.5699130594730377,0.004547931253910065,0.39443086832761765,-0.014769747853279114,0.19366346299648285,0.0,0.0,3.1049605568137792,5.510683961233742,1.590733348601077,1.590733348601077,96.66666666666667,100.0,96.29629629629629,50
176.54503667778633,174.50899619432158,0.1842837331700671,0.5676747262477875,0.0006507411599159241,0.39384733885526657,-0.009673528373241425,0.18928229808807373,0.0,0.0,1.1775843544326108,2.8998446240420677,1.4435553250744135,1.9273762023811685,96.66666666666667,100.0,96.29629629629629,50
170.44772576037047,170.037960839541,0.1814511123276941,0.5457252860069275,-0.0021769702434539795,0.38215313851833344,-0.012424543499946594,0.18083824217319489,0.0,0.0,4.582764628875111,2.925376003322903,1.8527599170398332,,89.58333333333334,80.0,71.42857142857143,51
167.87303228356038,168.26226068900354,0.18119580972181445,0.5421868562698364,-0.0007467791438102722,0.37929847091436386,-0.014461599290370941,0.1805466115474701,0.0,0.0,6.094417349447056,3.971902732301629,1.511652720571945,-1.511652720571945,89.58333333333334,80.0,71.42857142857143,51
161.61926988748513,162.76239994145337,0.1791468568984211,0.5360816419124603,0.004635058343410492,0.36789023876190186,-0.021712228655815125,0.17676061391830444,0.0,0.0,10.066298648279712,7.864580912927771,2.412101315320186,-3.971881298832656,89.58333333333334,80.0,71.42857142857143,51
156.0701444477209,158.53120193055037,0.18073068346708485,0.5324967205524445,0.00800766795873642,0.3632437363266945,-0.028744332492351532,0.17760895192623138,0.0,0.0,13.317946125271192,11.199760242557218,2.4609668246915106,-3.2516474769914794,89.58333333333334,80.0,71.42857142857143,51
149.00050462284503,153.9849714096785,0.1734518634592371,0.5177302360534668,0.011219225823879242,0.3488326445221901,-0.03796263039112091,0.1705033928155899,0.0,0.0,17.10308672173028,15.442322811097444,1.3912440149322407,-3.7851405964590867,89.58333333333334,80.0,71.42857142857143,51
144.45247204350525,150.4084010777922,0.1712799762357883,0.5068227648735046,0.010905995965003967,0.33622660487890244,-0.04343850165605545,0.1664332002401352,0.0,0.0,19.63385542335243,17.757890597445197,2.5448006953265008,-2.5307687016221507,89.58333333333334,80.0,71.42857142857143,51
138.46927751139336,144.856520028647,0.16818630160239012,0.5008935332298279,0.012952849268913269,0.3286919817328453,-0.047236084938049316,0.1637609899044037,0.0,0.0,23.578938045806694,20.071174318187072,3.596088970243457,-3.945082622454265,89.58333333333334,80.0,71.42857142857143,51
137.44400892108877,142.44996565447738,0.16833408426285354,0.49210602045059204,0.01764065772294998,0.31678612530231476,-0.051238320767879486,0.1602020263671875,0.0,0.0,24.70964608985031,23.749627239603953,1.4062698856443774,-1.1307080440436152,89.58333333333334,80.0,71.42857142857143,51
134.60970977068277,139.59894034883692,0.16571300335282438,0.48363006114959717,0.018495023250579834,0.311428040266037,-0.05172332376241684,0.15968787670135498,0.0,0.0,26.624726842136766,24.852489623376602,1.852517484823366,-1.9150807522864568,89.58333333333334,80.0,71.42857142857143,51
130.07452373778216,136.2778543838048,0.1641974597718841,0.47175413370132446,0.01878490298986435,0.29772213101387024,-0.055036261677742004,0.1551188975572586,0.0,0.0,29.32047717651438,27.38408787088796,2.6830170208217865,-2.695750334377614,89.58333333333334,80.0,71.42857142857143,51
124.59424773249106,132.2487139620365,0.15660930320737784,0.4598453640937805,0.021139807999134064,0.28330159187316895,-0.05829891562461853,0.14889183640480042,0.0,0.0,32.68844426502095,30.593837200405154,2.6174115696161735,-3.3679670885065676,89.58333333333334,80.0,71.42857142857143,51
120.92288325979266,128.67739763847558,0.1635281756280355,0.4455271363258362,0.02256910502910614,0.27561694383621216,-0.06052073836326599,0.14751829206943512,0.0,0.0,36.161292872558846,33.026185238474014,2.9773217516473522,-3.472848607537898,89.58333333333334,80.0,71.42857142857143,51
117.55135429061642,125.12767833960358,0.16390878813496634,0.43253397941589355,0.02291955053806305,0.2656938433647156,-0.06369966268539429,0.15103928744792938,0.0,0.0,39.20363937752491,37.09539044417534,2.7043283869424926,-3.042346504966062,89.58333333333334,80.0,71.42857142857143,51
114.10387908322835,121.56733614708983,0.1633805578865281,0.4225294589996338,0.023118868470191956,0.2579158693552017,-0.06452024728059769,0.1505579650402069,0.0,0.0,42.04782280283278,39.27824708696102,2.6856076259288386,-2.8441834253078753,89.58333333333334,80.0,71.42857142857143,51
110.44482497741376,118.91704380343067,0.15498077484339604,0.41169315576553345,0.02398640662431717,0.24315297603607178,-0.06665857136249542,0.1454879641532898,0.0,0.0,44.00861309785749,42.870519911264736,1.317854724631978,-1.960790295024708,89.58333333333334,80.0,71.42857142857143,51
105.47207215608518,114.5346526279487,0.14758356533487368,0.3983221650123596,0.0252898707985878,0.23049288988113403,-0.0669727474451065,0.1373080015182495,0.0,0.0,47.51615604222766,44.74326548951713,2.758621597469798,-3.507542944370165,89.58333333333334,80.0,71.42857142857143,51
103.91712080376362,112.51729068486104,0.14734070140370478,0.39525794982910156,0.02641996741294861,0.2237592339515686,-0.06712397933006287,0.13430087268352509,0.0,0.0,48.95178376809441,46.308521838234356,1.4356277258667518,-1.4356277258667518,89.58333333333334,80.0,71.42857142857143,51
100.93672824690094,109.63098011329657,0.14456944636732358,0.38412684202194214,0.028848178684711456,0.21307721734046936,-0.06711386144161224,0.1296885758638382,0.0,0.0,51.25308671757635,49.02401792712497,2.878041536974905,-2.3013029494819435,89.58333333333334,80.0,71.42857142857143,51
94.44876982764697,102.66708492635622,0.1446499010251969,0.3678187131881714,0.031065158545970917,0.20037198066711426,-0.06740736216306686,0.12709560990333557,0.0,0.0,57.642632142644544,53.40430384220882,5.14761241332598,-6.389545425068192,89.58333333333334,80.0,71.42857142857143,51
92.77712422857377,101.07720180300323,0.14349778206781574,0.3648589253425598,0.03188827633857727,0.19557969272136688,-0.0674428641796112,0.12677346169948578,0.0,0.0,59.12249648104316,55.371656283075524,1.4798643383986132,-1.4798643383986132,89.58333333333334,80.0,71.42857142857143,51
88.78279968457929,96.9169805806932,0.1422187938178881,0.3554391860961914,0.03261823207139969,0.18909963965415955,-0.06739578396081924,0.12650378048419952,0.0,0.0,63.06305727241218,58.08080140635461,3.9405607913690233,-3.9405607913690233,89.58333333333334,80.0,71.42857142857143,51
83.93246090269827,92.12843078839663,0.14074209765935106,0.34108662605285645,0.03462224453687668,0.1738208383321762,-0.06674771010875702,0.12534199655056,0.0,0.0,67.84387159413066,64.46897593078248,4.104935828559441,-4.780814321718481,89.58333333333334,80.0,71.42857142857143,51
78.99050080600699,85.93090929116623,0.14099397084028625,0.32937777042388916,0.03547033667564392,0.16583634912967682,-0.06657633185386658,0.12438324093818665,0.0,0.0,72.79406213425118,67.94675970923146,5.383892791278399,-4.950190540120516,89.58333333333334,80.0,71.42857142857143,51
73.89265044479595,79.20706676711224,0.14414029553077665,0.318456768989563,0.03787524253129959,0.15573464334011078,-0.06619992107152939,0.12644252181053162,0.0,0.0,78.82900482678181,74.30442704956788,6.239376240623727,-6.034942692530635,89.58333333333334,80.0,71.42857142857143,51
68.27577977048088,74.12993768957061,0.1418454089943339,0.3059151768684387,0.03875584900379181,0.14823293685913086,-0.06571833044290543,0.12716354429721832,0.0,0.0,84.37934187504051,78.66068420461312,5.53458034456844,-5.550337048258697,89.58333333333334,80.0,71.42857142857143,51
64.89757444412038,70.26379927163548,0.1400255047125563,0.29652029275894165,0.04035484045743942,0.13514874875545502,-0.06452775746583939,0.12586376070976257,0.0,0.0,87.95519616577485,84.94415274271887,4.223426113972749,-3.575854290734341,89.58333333333334,80.0,71.42857142857143,51
62.230401358556755,68.32342989670083,0.1374003658006199,0.28969138860702515,0.042194679379463196,0.1265123337507248,-0.06347081810235977,0.1231946349143982,0.0,0.0,89.5273961920011,87.96495189164455,2.5624858523012364,-1.5722000262262554,89.58333333333334,80.0,71.42857142857143,51
57.432542883314554,62.37123444732803,0.13609578191086566,0.2811267375946045,0.04317983239889145,0.12026789784431458,-0.0628269761800766,0.121864452958107,0.0,0.0,84.76432015743963,87.62099244167457,4.463022920118092,4.763076034561479,89.58333333333334,80.0,71.42857142857143,51
52.58994806038854,57.52454646668162,0.13358425663560017,0.2740978002548218,0.04395316541194916,0.1073836088180542,-0.06247952580451965,0.11965201795101166,0.0,0.0,80.37459860518113,83.4343022770662,4.013569167603336,4.389721552258493,89.58333333333334,80.0,71.42857142857143,51
49.87087851822501,55.78641917130969,0.13259890023704804,0.2692188620567322,0.043833985924720764,0.10098248720169067,-0.06288273632526398,0.11795243620872498,0.0,0.0,78.5642695859383,80.97530926487462,2.0099315096562833,1.810329019242829,89.58333333333334,80.0,71.42857142857143,51
49.97432897977515,55.85555233367448,0.13377856046000475,0.2732933759689331,0.042979896068573,0.09233443439006805,-0.06315314769744873,0.11733214557170868,0.0,0.0,78.08969539481355,76.74644997303047,2.053684702777872,0.4745741911247592,89.58333333333334,80.0,71.42857142857143,51
52.07093371304399,58.38163770616486,0.13371872650611494,0.27640628814697266,0.04349685460329056,0.09435378015041351,-0.06286387890577316,0.1179218739271164,0.0,0.0,79.71097684664143,77.50811799914439,1.6212814518278833,-1.6212814518278833,89.58333333333334,80.0,71.42857142857143,51
57.891803065896475,62.85945622977392,0.13250242627075412,0.28638845682144165,0.043982744216918945,0.0988546758890152,-0.06260326504707336,0.11784781515598297,0.0,0.0,85.86300942244075,79.92492308898285,6.152032575799325,-6.152032575799325,89.58333333333334,80.0,71.42857142857143,51
59.53517508054481,64.50877475129242,0.1324386560353097,0.28930914402008057,0.0445556640625,0.10404762625694275,-0.06238052248954773,0.11758677661418915,0.0,0.0,87.59471808368494,82.81459993689516,1.731708661244184,-1.731708661244184,89.58333333333334,80.0,71.42857142857143,51
70.96831398067206,78.00325329981345,0.12978321472141222,0.3124047517776489,0.044865384697914124,0.12215757369995117,-0.0630771666765213,0.11548365652561188,0.0,0.0,79.7458020455387,85.65194987659898,7.01804424921859,7.848916038146243,89.58333333333334,80.0,71.42857142857143,51
79.72967884793928,85.27948556236852,0.136645222831943,0.3298768997192383,0.04590146988630295,0.14108115434646606,-0.06331684440374374,0.11669415235519409,0.0,0.0,72.86297826826294,77.45395697292753,5.276037225606373,6.88282377727576,89.58333333333334,80.0,71.42857142857143,51
89.0680496707011,93.09018213888125,0.142395620437596,0.3496516942977905,0.04646024852991104,0.15813188254833221,-0.06288544833660126,0.12234604358673096,0.0,0.0,64.90724082358174,71.99560171626192,7.165931455751917,7.955737444681191,89.58333333333334,80.0,71.42857142857143,51
93.09972986891103,96.63441371494119,0.14835433196851674,0.3634129762649536,0.04618716239929199,0.1821637898683548,-0.062163062393665314,0.13054247200489044,0.0,0.0,62.08362803366482,64.54116153226046,3.9726720019401682,2.823612789916922,89.58333333333334,80.0,71.42857142857143,51
96.56641464143155,99.7604509730621,0.15570424417505035,0.3749440312385559,0.04413454979658127,0.19520524144172668,-0.06269466131925583,0.13771511614322662,0.0,0.0,59.535115406390815,61.71426751784127,3.06404436587097,2.5485126272740075,89.58333333333334,80.0,71.42857142857143,51
100.70563788600668,104.05143417200271,0.1603394971989685,0.38691920042037964,0.041653700172901154,0.20470529794692993,-0.06279881298542023,0.1431027501821518,0.0,0.0,56.33749519746813,59.47810191711481,3.1031420948704067,3.197620208922686,89.58333333333334,80.0,71.42857142857143,51
102.66035323834689,105.7765921622726,0.16130207180906564,0.39188438653945923,0.04015558212995529,0.2115037441253662,-0.06271878629922867,0.14579877257347107,0.0,0.0,54.50395348517853,57.454300345344,1.8335417122896018,1.8335417122896018,89.58333333333334,80.0,71.42857142857143,51
108.02599207060311,110.65228576546014,0.16635176199357002,0.4099135994911194,0.03841561824083328,0.22385461628437042,-0.06248978525400162,0.14996203780174255,0.0,0.0,49.92515121069052,53.84657286138196,4.694540341500129,4.578802274488005,89.58333333333334,80.0,71.42857142857143,51
109.46752521854762,111.44393309867712,0.16588774303006254,0.41376399993896484,0.03760433942079544,0.230096697807312,-0.062368981540203094,0.15151286125183105,0.0,0.0,48.565011093097546,51.90345183528932,1.3601401175929766,1.3601401175929766,89.58333333333334,80.0,71.42857142857143,51
114.83305146401077,115.64141364181273,0.16835769467578504,0.43098974227905273,0.0368972048163414,0.23885422945022583,-0.061776503920555115,0.15365184843540192,0.0,0.0,44.20493671881468,49.32869764369835,4.360074374282867,4.360074374282867,89.58333333333334,80.0,71.42857142857143,51
120.85367170198379,120.83678655090547,0.16907734015557607,0.45049798488616943,0.03448953479528427,0.259054034948349,-0.058941736817359924,0.15691567957401276,0.0,0.0,39.43933995173422,42.48664898264687,3.5526888890804003,4.76559676708046,89.58333333333334,80.0,71.42857142857143,51
118.62869648187234,117.82671577007638,0.12160865796063262,0.45053040981292725,0.037498533725738525,0.24726152420043945,-0.05356995761394501,0.1464298665523529,0.0,0.0,42.793946581003524,42.13390144819409,3.3546066292693055,-3.3546066292693055,89.58333333333334,80.0,71.42857142857143,51
129.64628858966248,125.3673473478318,0.14281254659468592,0.4678456783294678,0.03990665078163147,0.2461664229631424,-0.047952644526958466,0.14168043434619904,0.0,0.0,35.33816712222938,40.14087062394543,7.4557794587741455,7.4557794587741455,89.58333333333334,80.0,71.42857142857143,51
84.73223589928885,70.81623071574269,0.1377471706319275,0.4671404957771301,0.04327215254306793,0.21685224771499634,-0.03617050498723984,0.1374032199382782,0.0,0.0,89.69853591040454,51.81749739134292,54.360368788175165,-54.360368788175165,89.58333333333334,80.0,71.42857142857143,51
110.32038247501376,100.88226480720655,0.12165868186581286,0.462242066860199,0.04592958092689514,0.1886129081249237,-0.0269179567694664,0.12761031091213226,0.0,0.0,60.215467831401895,57.01152936125983,29.48306807900265,29.48306807900265,89.58333333333334,80.0,71.42857142857143,51
131.56430679188688,119.97182682412696,0.2054898403964661,0.4812288284301758,0.04390876740217209,0.2056153267621994,-0.023413002490997314,0.14979156851768494,0.0,0.0,41.52559773808191,56.694442150529426,18.689870093319982,18.689870093319982,89.58333333333334,80.0,71.42857142857143,51
138.66195362811567,131.86487924403627,0.17773568569097914,0.4827880859375,0.04219832271337509,0.2167886197566986,-0.022723756730556488,0.15890894830226898,0.0,0.0,30.229825767960342,55.41735681196217,11.29577197012157,11.29577197012157,89.58333333333334,80.0,71.42857142857143,51
136.7862188473023,134.21182711365378,0.16897038733134556,0.48090463876724243,0.038481757044792175,0.2574642449617386,-0.030267275869846344,0.16551192104816437,0.0,0.0,28.78661502416196,40.18937659040153,1.4432107437983817,1.4432107437983817,89.58333333333334,80.0,71.42857142857143,51
139.2550288339414,137.59349399193283,0.168541430426184,0.49692094326019287,0.03502944856882095,0.296189084649086,-0.03583591431379318,0.1762993335723877,0.0,0.0,26.217039614559425,31.68976953619091,2.5695754096025354,2.5695754096025354,89.58333333333334,80.0,71.42857142857143,51
143.98667920815717,142.5564709408537,0.1749383183061663,0.5165646076202393,0.02870403230190277,0.31520044803619385,-0.04232308268547058,0.1663949340581894,0.0,0.0,22.186853827175668,25.627657530357148,3.133267828355855,4.030185787383758,89.58333333333334,80.0,71.42857142857143,51
149.7227443224109,147.93255064217226,0.18403276800544408,0.5286279320716858,0.023427248001098633,0.33538390696048737,-0.0391559973359108,0.1727716475725174,0.0,0.0,19.034872740398185,21.049540114104225,2.612257947671992,3.1519810867774822,89.58333333333334,80.0,71.42857142857143,51
155.19549543704622,152.7970244233322,0.19550608160262198,0.5474905967712402,0.01993657648563385,0.35069139301776886,-0.03613067418336868,0.18206672370433807,0.0,0.0,15.31913395558638,18.482583204033745,2.610061476493854,3.715738784811805,89.58333333333334,80.0,71.42857142857143,51
160.94913261366202,159.12551208588397,0.20027348025204966,0.5605666637420654,0.014585360884666443,0.38012348860502243,-0.031000152230262756,0.19635441899299622,0.0,0.0,11.170750780929396,13.966358811740186,3.1948801717735904,4.148383174656985,89.58333333333334,80.0,71.42857142857143,51
163.97595216409434,162.45231191157688,0.19807350175709867,0.5605448484420776,0.010393418371677399,0.38715459406375885,-0.02777494490146637,0.1978825479745865,0.0,0.0,9.133571343390102,11.434517177165255,1.934544288248432,2.0371794375392938,89.58333333333334,80.0,71.42857142857143,51
170.4297383386853,169.36282522502435,0.19544681675464606,0.5695334672927856,0.002260446548461914,0.39335716515779495,-0.020726248621940613,0.1958768516778946,0.0,0.0,4.7781280938130095,6.652782023153783,2.0623678691884493,4.3554432495770925,89.58333333333334,80.0,71.42857142857143,51
173.1821782096838,171.39855040415975,0.1942099234964904,0.5703388154506683,0.000993587076663971,0.39423249661922455,-0.018019944429397583,0.19500432908535004,0.0,0.0,3.060687133869223,5.48510418690681,1.7174409599437865,1.7174409599437865,89.58333333333334,80.0,71.42857142857143,51
176.25995481652495,173.94398806072138,0.19148591702372858,0.5708628296852112,-0.0007989406585693359,0.39583760499954224,-0.014600209891796112,0.19371886551380157,0.0,0.0,1.10783178434734,3.946785743757758,1.952855349521883,1.952855349521883,89.58333333333334,80.0,71.42857142857143,51
167.38303702933976,164.3518078452525,0.2358271050018458,0.4974757432937622,0.014749839901924133,0.45535191893577576,-0.013515114784240723,0.23546577990055084,0.0,0.0,9.0352321516703,7.318183373169056,1.3469992890763507,,60.0,0.0,33.33333333333333,52
164.24775244954571,161.4255794242837,0.23597392282188753,0.49307680130004883,0.0215136855840683,0.4560888260602951,-0.015620231628417969,0.2355192005634308,0.0,0.0,11.442519155641406,9.552156961924226,1.3998754778501592,-2.4072870039711063,60.0,0.0,33.33333333333333,52
160.96826041917603,157.44386801804043,0.23389309670642722,0.48026901483535767,0.028180226683616638,0.45159007608890533,-0.01798906922340393,0.23461604118347168,0.0,0.0,14.150635211051181,12.033365657196544,1.6529706267488393,-2.708116055409775,60.0,0.0,33.33333333333333,52
158.6634250209781,154.55350473308678,0.23248798653205377,0.47480177879333496,0.031311050057411194,0.4469083249568939,-0.019639357924461365,0.23332761228084564,0.0,0.0,15.668103494848367,13.439730611460824,1.5174682837971858,-1.5174682837971858,60.0,0.0,33.33333333333333,52
147.63531369942717,129.8084841030211,0.20956404128003506,0.42609286308288574,0.05242173373699188,0.3683725893497467,-0.028791114687919617,0.20619142055511475,0.0,0.0,24.82382567154893,26.63259543928912,1.429156420273003,-9.155722176700564,60.0,0.0,33.33333333333333,52
149.1501931215657,131.38178551293745,0.2113881610221744,0.432772159576416,0.0516076385974884,0.3744461089372635,-0.02800343930721283,0.2072332501411438,0.0,0.0,23.527154333965797,25.507042111466305,1.2966713375831347,1.2966713375831347,60.0,0.0,33.33333333333333,52
171.9987359839179,164.60303752562479,0.2280609335138195,0.49919480085372925,0.016208350658416748,0.44995059818029404,-0.011040493845939636,0.22799590229988098,0.0,0.0,5.474009709679748,6.9995462938166035,1.4511002688387293,18.05314462428605,60.0,0.0,33.33333333333333,52
179.69841770343018,177.4144664450917,0.19267684870287463,0.5639358162879944,,,,,0.0,0.0,-0.20250806855291614,,1.256320824411489,,93.54838709677419,100.0,100.0,53
169.18014048301853,169.8307597321125,0.18412291651677176,0.5452747046947479,-0.0019276663661003113,0.38256997615098953,-0.014710702002048492,0.1847413331270218,0.0,0.0,5.2719826567780075,3.710812281806561,1.4041421032281818,-5.474490725330924,93.54838709677419,100.0,100.0,53
164.63095468766554,166.05846398608625,0.18008394082167856,0.5342492759227753,0.001155652105808258,0.37388771772384644,-0.018558070063591003,0.18223364651203156,0.0,0.0,8.273250131781893,5.905215531580087,2.065461347571272,-3.0012674750038855,93.54838709677419,100.0,100.0,53
156.22508596292172,159.7295668366567,0.17249659587629548,0.5238589942455292,0.007513992488384247,0.35362178087234497,-0.02461405098438263,0.1734081655740738,0.0,0.0,13.62483750870311,10.144214556016557,3.807656484310627,-5.351587376921216,93.54838709677419,100.0,100.0,53
152.5250862192185,157.0104268871178,0.1723138837127605,0.51193767786026,0.011281222105026245,0.34246380627155304,-0.03106006234884262,0.17140240967273712,0.0,0.0,15.842887543222318,13.91681209174888,2.6687884145154186,-2.2180500345192087,93.54838709677419,100.0,100.0,53
149.2505264902823,154.99529048275699,0.17188590981978652,0.5099087953567505,0.011673010885715485,0.3394477143883705,-0.03318911790847778,0.17080888152122498,0.0,0.0,17.664314928048398,14.926681446585203,1.8214273848260802,-1.8214273848260802,93.54838709677419,100.0,100.0,53
143.8444209654237,149.21574781637426,0.17325819280926377,0.5023107826709747,0.013278082013130188,0.3339887410402298,-0.036888979375362396,0.16968727111816406,0.0,0.0,21.457027649891742,17.03458231246734,3.792712721843344,-3.792712721843344,93.54838709677419,100.0,100.0,53
137.67562837304686,143.3591230938303,0.1707205217480173,0.4940754175186157,0.018293432891368866,0.3195253238081932,-0.04630441218614578,0.16548366844654083,0.0,0.0,25.434084796401592,22.77516522380318,3.3745727019579874,-3.97705714650985,93.54838709677419,100.0,100.0,53
133.59979816720295,138.54022460193002,0.16666405898377773,0.4838986396789551,0.02109675109386444,0.30544614791870117,-0.049970366060733795,0.16073301434516907,0.0,0.0,28.467617953085124,26.17743557112727,2.9621905640403554,-3.033533156683532,93.54838709677419,100.0,100.0,53
127.83113424674659,132.7381168370847,0.16186759629738948,0.4632786512374878,0.02277504652738571,0.2902180105447769,-0.05466026812791824,0.15618537366390228,0.0,0.0,31.847872998109416,30.02949240969897,1.8378750708102984,-3.380255045024292,93.54838709677419,100.0,100.0,53
123.1505153333091,128.4282581522663,0.16170126634905715,0.4490739703178406,0.024468116462230682,0.2766735404729843,-0.05708085745573044,0.15126019716262817,0.0,0.0,35.61368290621155,33.06291586859076,2.9153291339626577,-3.765809908102135,93.54838709677419,100.0,100.0,53
118.57321769911974,123.71103562264818,0.16433037703135606,0.43140965700149536,0.025823451578617096,0.2675536125898361,-0.058403126895427704,0.15223270654678345,0.0,0.0,40.06944374748052,36.25224955060048,3.4419259710195504,-4.455760841268969,93.54838709677419,100.0,100.0,53
113.34883524632082,118.74958544571432,0.16677651188117254,0.41536247730255127,0.02693665772676468,0.25328847765922546,-0.06055925786495209,0.15424120426177979,0.0,0.0,44.75758270642861,41.5056153539945,3.85552344434371,-4.6881389589480875,93.54838709677419,100.0,100.0,53
108.99628030958377,114.16179905143991,0.16258882444606,0.4038970470428467,0.02764752507209778,0.2445397824048996,-0.06206505000591278,0.15348830819129944,0.0,0.0,48.14670696247631,44.64374972626782,3.3780569883948246,-3.389124256047701,93.54838709677419,100.0,100.0,53
103.95167863517037,110.49671431467009,0.15233033923204556,0.388515830039978,0.029882803559303284,0.22545380890369415,-0.06353013217449188,0.143523171544075,0.0,0.0,51.23855053036255,48.76421759181138,3.414574619410338,-3.0918435678862437,93.54838709677419,100.0,100.0,53
100.82405370725814,106.83764192024671,0.1509009957944857,0.3777386546134949,0.03192911297082901,0.21094726026058197,-0.06350252032279968,0.13641566038131714,0.0,0.0,54.36381077977042,52.02748461827055,3.106565122660122,-3.125260249407866,93.54838709677419,100.0,100.0,53
94.23003362737342,100.3152750708696,0.14815386072182873,0.36487507820129395,0.03307598829269409,0.20198984444141388,-0.06347110122442245,0.13465161621570587,0.0,0.0,60.160454166988266,55.20053724027058,5.139815809774952,-5.796643387217848,93.54838709677419,100.0,100.0,53
89.96437873532881,97.25495730254498,0.1417543926555147,0.35377979278564453,0.03418659418821335,0.1853625625371933,-0.06449908018112183,0.13020910322666168,0.0,0.0,62.80537266781387,60.80650374244293,2.886209268588715,-2.6449185008256038,93.54838709677419,100.0,100.0,53
88.46479236359289,95.95431887494327,0.14122671901042702,0.34933608770370483,0.03537952899932861,0.17838682234287262,-0.0645543709397316,0.1263812631368637,0.0,0.0,64.46647110620367,62.52374606149886,1.5624940334509176,-1.6610984383898,93.54838709677419,100.0,100.0,53
84.86963670209991,92.62870647385249,0.13938025204588256,0.34046387672424316,0.035869911313056946,0.17316347360610962,-0.06449860334396362,0.1250968724489212,0.0,0.0,67.56271484394152,64.43463392267796,3.0962437377378507,-3.0962437377378507,93.54838709677419,100.0,100.0,53
79.17673134947535,85.38287795976287,0.1407876622873458,0.3293342590332031,0.03668558597564697,0.16510792076587677,-0.06458012014627457,0.12471744418144226,0.0,0.0,73.29650030129213,68.304643511076,5.403612508425454,-5.733785457350606,93.54838709677419,100.0,100.0,53
74.29563305851934,79.20776094024569,0.14333617299567003,0.3186853528022766,0.03801107406616211,0.15403512120246887,-0.06480132788419724,0.1263100802898407,0.0,0.0,78.90393090371707,74.9232954466485,5.360021112495886,-5.607430602424941,93.54838709677419,100.0,100.0,53
68.53138952640785,74.66117310301316,0.14073096262162843,0.3056240677833557,0.03902929276227951,0.14488190412521362,-0.064875029027462,0.12651294469833374,0.0,0.0,83.96593027204776,79.98526643477742,5.804401725372543,-5.061999368330689,93.54838709677419,100.0,100.0,53
64.43294759523934,70.47679528609508,0.1399287140134011,0.2971661686897278,0.03980986773967743,0.13705377280712128,-0.06489835679531097,0.12492355704307556,0.0,0.0,87.99666422347968,83.40973765722534,4.481836636780983,-4.030733951431927,93.54838709677419,100.0,100.0,53
56.0995117015297,61.97648992470725,0.13679271088980466,0.28036123514175415,0.04178448021411896,0.1178475022315979,-0.06394550204277039,0.12172944843769073,0.0,0.0,83.83456924237613,86.7168770646416,3.4725733980478566,4.16209498110355,93.54838709677419,100.0,100.0,53
53.54296930485414,58.7742603033833,0.13785339491907256,0.27522677183151245,0.04199833422899246,0.10876345634460449,-0.06391704082489014,0.12080539762973785,0.0,0.0,81.04802653221032,83.51647713050461,4.046240399685132,2.7865427101658184,93.54838709677419,100.0,100.0,53
49.73743871116809,54.324451234962574,0.13771689888236213,0.2706006169319153,0.042196035385131836,0.10207663476467133,-0.0645715668797493,0.12167750298976898,0.0,0.0,77.82683127417374,79.59894829368764,1.39498501441021,3.2211952580365733,93.54838709677419,100.0,100.0,53
50.94961302273937,56.565268129158255,0.13629156055666825,0.2731907367706299,0.04139534384012222,0.09708812832832336,-0.06489284336566925,0.11979208886623383,0.0,0.0,79.59573090984651,77.94209123582773,2.070128910527771,-1.768899635672767,93.54838709677419,100.0,100.0,53
57.98182676280551,63.272118477251574,0.13585139240057176,0.28505492210388184,0.04185335338115692,0.10290282964706421,-0.06533557176589966,0.11953821778297424,0.0,0.0,86.8036481818253,81.18499577776942,5.988646161738188,-7.207917271978786,93.54838709677419,100.0,100.0,53
59.78996384267235,64.58538462029335,0.13612369240545497,0.2881919741630554,0.042326800525188446,0.10794201493263245,-0.06546493619680405,0.1194314956665039,0.0,0.0,88.43950250585277,83.91347090440293,1.635854324027477,-1.635854324027477,93.54838709677419,100.0,100.0,53
61.360875215407795,65.71802532739754,0.1360401181482884,0.2904415726661682,0.04300622642040253,0.1127452403306961,-0.06528830528259277,0.11945588886737823,0.0,0.0,89.7261487451627,86.44607536323197,1.2866462393099312,-1.2866462393099312,93.54838709677419,100.0,100.0,53
64.62052343849814,69.61002480731263,0.13426115140687656,0.2961777448654175,0.04381851851940155,0.11817121505737305,-0.06493385136127472,0.11900597810745239,0.0,0.0,86.74185001260535,87.92778736136154,2.984298732557349,2.984298732557349,93.54838709677419,100.0,100.0,53
70.25964260023966,74.37511290619362,0.13221090377825226,0.3077569603919983,0.044429078698158264,0.12740789353847504,-0.06419362872838974,0.1171429306268692,0.0,0.0,80.77095541488171,84.60765658716255,4.298757983297008,5.9708945977236425,93.54838709677419,100.0,100.0,53
72.86997054013722,76.98114520788474,0.1325076301947718,0.3126237988471985,0.04446902126073837,0.1310354769229889,-0.06407172232866287,0.11670984327793121,0.0,0.0,78.31845548978183,82.50180795645667,2.452499925099886,2.452499925099886,93.54838709677419,100.0,100.0,53
78.65706578725911,81.7403299752415,0.13480698940623534,0.32362842559814453,0.044523872435092926,0.13760311901569366,-0.06393188238143921,0.11705327033996582,0.0,0.0,73.15678674824278,79.32897776277126,5.161668741539046,5.161668741539046,93.54838709677419,100.0,100.0,53
85.32286074579582,87.44226992782552,0.1420281113981987,0.3382154107093811,0.045579858124256134,0.15811032056808472,-0.06260529160499573,0.1233086884021759,0.0,0.0,68.9690430265533,72.18473974820971,4.867949310310607,4.187743721689486,93.54838709677419,100.0,100.0,53
89.91824889318809,90.10754318113077,0.14734802881761755,0.35008662939071655,0.046057410538196564,0.17460229992866516,-0.06126854568719864,0.13118751347064972,0.0,0.0,65.69995198704538,67.98219420648826,2.96699930659733,3.269091039507913,93.54838709677419,100.0,100.0,53
94.55876417167406,93.72456736172336,0.15245115541167176,0.3619116544723511,0.04494578391313553,0.18356075882911682,-0.0607047975063324,0.13547290861606598,0.0,0.0,62.33124994427719,65.53681070624117,3.1178396557222356,3.3687020427681915,93.54838709677419,100.0,100.0,53
99.41790943042571,98.92670598370886,0.15596443315142747,0.37763333320617676,0.042591340839862823,0.19913403689861298,-0.060348570346832275,0.1412203162908554,0.0,0.0,57.643358596156105,60.662637181913624,3.6848211018368033,4.687891348121084,93.54838709677419,100.0,100.0,53
101.0670330829924,101.40113391416074,0.16226010679302522,0.38726770877838135,0.040555208921432495,0.20760318636894226,-0.06138317286968231,0.14515650272369385,0.0,0.0,56.36063428056222,58.53084694417569,2.430580921429282,1.2827243155938817,93.54838709677419,100.0,100.0,53
103.44613135758789,103.56999804401055,0.161979842189194,0.3942236304283142,0.03839379549026489,0.21641190350055695,-0.06197427213191986,0.1490596979856491,0.0,0.0,54.08076740139441,56.15282641996691,1.297921394525062,2.2798668791678125,93.54838709677419,100.0,100.0,53
106.12913699003246,106.66766338641571,0.1649966297533888,0.4026351571083069,0.037147700786590576,0.22155089676380157,-0.06190459430217743,0.1507711261510849,0.0,0.0,52.024555489878026,54.46116149193853,2.0562119115163853,2.0562119115163853,93.54838709677419,100.0,100.0,53
108.66931745506932,108.64163187652694,0.16422486079915943,0.4074786305427551,0.036374203860759735,0.22573503851890564,-0.06140737235546112,0.15150253474712372,0.0,0.0,49.79094609243003,52.81873944490549,2.2336093974479923,2.2336093974479923,93.54838709677419,100.0,100.0,53
112.51908055533218,112.04406630832496,0.1669459585830799,0.4201861619949341,0.03504426032304764,0.23536540567874908,-0.060015082359313965,0.15383106470108032,0.0,0.0,46.97185136612238,49.404306314416324,1.8580209431124786,2.819094726307654,93.54838709677419,100.0,100.0,53
113.94102299195515,113.99462433908562,0.1655686251180678,0.42328739166259766,0.03447180241346359,0.23952043056488037,-0.05929318815469742,0.15426553785800934,0.0,0.0,45.36403867610642,47.73917711097342,1.6078126900159617,1.6078126900159617,93.54838709677419,100.0,100.0,53
119.26701076555318,117.40968864249325,0.17167747326259983,0.44299864768981934,0.033856965601444244,0.24677774310112,-0.05829276144504547,0.15662303566932678,0.0,0.0,41.59168994862464,45.68936307502207,3.772348727481777,3.772348727481777,93.54838709677419,100.0,100.0,53
125.34712204879165,122.39372391507186,0.17439137708319327,0.45933473110198975,0.032106369733810425,0.2688896656036377,-0.05518178641796112,0.16329623758792877,0.0,0.0,36.88532794656554,39.612164119606376,2.6578454780693903,4.706362002059102,93.54838709677419,100.0,100.0,53
127.75836250609373,124.52632608256339,0.1750471658787837,0.46193927526474,0.03126160800457001,0.27775081992149353,-0.05346311628818512,0.16523434221744537,0.0,0.0,34.96570210865311,37.006005774041874,1.6641175076608121,1.9196258379124274,93.54838709677419,100.0,100.0,53
131.5934620673215,128.96585071528543,0.175170451434861,0.4750705361366272,0.030700035393238068,0.2851884961128235,-0.05222838371992111,0.1665465384721756,0.0,0.0,31.620509859645537,35.025339882794526,3.3451922490075745,3.3451922490075745,93.54838709677419,100.0,100.0,53
138.49262809045993,135.38494527714658,0.17573219115457234,0.4941449761390686,0.028637900948524475,0.29958634078502655,-0.049652524292469025,0.16793622076511383,0.0,0.0,26.295430739861743,30.881879082050496,4.350442880179841,5.325079119783794,93.54838709677419,100.0,100.0,53
137.85206720626567,133.72758111701145,0.17852230717930764,0.49789077043533325,0.026814423501491547,0.30914609134197235,-0.04618755728006363,0.16975489258766174,0.0,0.0,28.047323364107662,27.70606445900107,2.2116932521143653,-1.7518926242459187,93.54838709677419,100.0,100.0,53
141.87926330393122,138.5345151478087,0.17622094444858297,0.5116825103759766,0.026321783661842346,0.3148454874753952,-0.044223204255104065,0.17070794105529785,0.0,0.0,24.309250252042872,26.121908617001395,3.7380731120647894,3.7380731120647894,93.54838709677419,100.0,100.0,53
147.85592765929553,144.56559194179246,0.18289494697838451,0.5256931185722351,0.02381303906440735,0.32816117256879807,-0.04059202969074249,0.17429138720035553,0.0,0.0,20.123376070890572,22.740452073562977,3.1003386147801137,4.1858741811523,93.54838709677419,100.0,100.0,53
153.40229596132556,149.61196851017047,0.19511467722882864,0.5457811653614044,0.02069762349128723,0.34504830092191696,-0.03769870102405548,0.18261362612247467,0.0,0.0,16.401786308927996,19.875650316432008,3.351937891310783,3.7215897619625764,93.54838709677419,100.0,100.0,53
159.60432954025913,155.2396819250366,0.20213786997568145,0.5658569633960724,0.01599118858575821,0.38085319846868515,-0.032652683556079865,0.1963178813457489,0.0,0.0,12.28191328325245,14.811660218231054,3.006269154704043,4.119873025675545,93.54838709677419,100.0,100.0,53
163.9648505619011,159.9439445093124,0.20206028932721648,0.5727528929710388,0.012886784970760345,0.3940661922097206,-0.02864111214876175,0.19995152950286865,0.0,0.0,9.27421182565233,12.131513691017979,2.407535391558312,3.0077014576001204,93.54838709677419,100.0,100.0,53
167.7093999049438,164.39508659135984,0.19932665638123387,0.5689341127872467,0.007062569260597229,0.3989267647266388,-0.02233036607503891,0.19961722195148468,0.0,0.0,6.79085355173595,8.385890868081766,1.77762876507704,2.48335827391638,93.54838709677419,100.0,100.0,53
172.49729472691527,168.59331539132918,0.19464075072237885,0.5699645280838013,0.003373578190803528,0.40007224678993225,-0.01726611703634262,0.19650965929031372,0.0,0.0,3.8414326188394057,5.790305830781133,2.1803086736838537,2.949420932896544,93.54838709677419,100.0,100.0,53
175.39702565405335,172.02666178274103,0.18966057603730335,0.5681876838207245,0.000959247350692749,0.39646587520837784,-0.01260358840227127,0.19333693385124207,0.0,0.0,2.038211823247252,3.805371373830596,1.2818879374652141,1.8032207955921535,93.54838709677419,100.0,100.0,53
178.21127358623824,174.17431286391377,0.1866912626264099,0.5672885477542877,-0.0007962062954902649,0.3937458395957947,-0.009213417768478394,0.19123072922229767,0.0,0.0,0.3167123928993192,2.379114148924611,1.721499430347933,1.721499430347933,93.54838709677419,100.0,100.0,53
179.21074945876396,175.5693663576861,0.18639659872337228,0.5701295733451843,-0.0040821656584739685,0.3904707282781601,-0.00624113529920578,0.1870858371257782,0.0,0.0,-0.5792691901102245,0.615575609173284,1.2659166007670137,0.8959815830095437,93.54838709677419,100.0,100.0,53
169.18533294588795,168.5267455850316,0.18196022782209734,0.5485365092754364,-0.002216048538684845,0.37806276232004166,-0.014603383839130402,0.18070384860038757,0.0,0.0,5.302808468088301,3.5917854744372057,1.6997055098620706,,94.87179487179486,80.0,96.0,54
163.73018444383482,164.18769158074298,0.1841515884850729,0.5370648205280304,0.0009525120258331299,0.3752436339855194,-0.018914103507995605,0.18192128837108612,0.0,0.0,8.531968098344876,5.903725796255937,2.354944437980535,-3.229159630256575,94.87179487179486,80.0,96.0,54
157.87513924710657,159.04182624408676,0.18430956891784106,0.529617577791214,0.004051998257637024,0.36789339780807495,-0.02536824345588684,0.18241244554519653,0.0,0.0,12.251247369450184,9.058438416010965,2.9777328335657245,-3.7192792711053073,94.87179487179486,80.0,96.0,54
152.1069925033066,154.57304724221598,0.18284301356655058,0.5192751288414001,0.007612369954586029,0.3581579625606537,-0.03210093826055527,0.18081066012382507,0.0,0.0,15.770603936731831,12.663449462650114,2.41217192819785,-3.5193565672816476,94.87179487179486,80.0,96.0,54
146.31722692584958,150.08831238756878,0.1789103937258525,0.5133099853992462,0.010546527802944183,0.3480490818619728,-0.03895682841539383,0.17746205627918243,0.0,0.0,19.242381405160117,16.201689275671686,2.8070416528993007,-3.471777468428286,94.87179487179486,80.0,96.0,54
140.67474489108105,145.14383127346147,0.17438157471628063,0.5021258592605591,0.014186926186084747,0.3381125405430794,-0.044895581901073456,0.17258591949939728,0.0,0.0,22.853907408286076,19.652416233900528,2.7758710383909744,-3.6115260031259595,94.87179487179486,80.0,96.0,54
137.97875719476124,142.7349041299131,0.16788401654515456,0.4921500086784363,0.018178626894950867,0.3262173533439636,-0.04859147220849991,0.16608338057994843,0.0,0.0,24.458820713996488,22.6479568027678,1.2577579951029492,-1.6049133057104115,94.87179487179486,80.0,96.0,54
133.62433602392346,139.29769847716605,0.1631625807961383,0.4826923608779907,0.020460449159145355,0.31151120364665985,-0.05096723139286041,0.15799833834171295,0.0,0.0,27.2991371596081,24.984087100330044,2.3218093507860473,-2.840316445611613,94.87179487179486,80.0,96.0,54
130.28589633186212,136.10782425573765,0.16498465677762908,0.46998751163482666,0.020983345806598663,0.29957328736782074,-0.053482621908187866,0.15469488501548767,0.0,0.0,29.74514936660684,27.25107541732752,2.762462032333751,-2.446012206998738,94.87179487179486,80.0,96.0,54
125.95553738839132,132.18288602892684,0.16223145378529769,0.46077704429626465,0.02224072813987732,0.28993286192417145,-0.05618910491466522,0.15391407907009125,0.0,0.0,32.8861465342639,30.003717999448554,2.4852577716134974,-3.140997167657062,94.87179487179486,80.0,96.0,54
122.14578435694511,128.86930373144145,0.1607998569938809,0.449573814868927,0.02498917281627655,0.2791097015142441,-0.05853217840194702,0.1510525345802307,0.0,0.0,35.903624739380795,33.15048803666454,2.4923326290177243,-3.0174782051168947,94.87179487179486,80.0,96.0,54
119.11781916573489,125.475501822824,0.16154103268912276,0.4384956955909729,0.02702423185110092,0.2694984972476959,-0.059809550642967224,0.14991003274917603,0.0,0.0,38.706106427674015,36.03124453061509,2.6021515826315422,-2.80248168829322,94.87179487179486,80.0,96.0,54
115.80611529291241,122.89886878507778,0.1599461679152545,0.42757105827331543,0.027631334960460663,0.2594669610261917,-0.06102031469345093,0.1488986611366272,0.0,0.0,41.237473446084415,38.77493321265955,2.1852753142471144,-2.5313670184104,94.87179487179486,80.0,96.0,54
113.21220008618528,119.75139260666747,0.162433769269469,0.42032504081726074,0.027783408761024475,0.25154024362564087,-0.06245025247335434,0.148982435464859,0.0,0.0,43.78928840756001,41.37657138954358,2.3619628348674198,-2.5518149614755927,94.87179487179486,80.0,96.0,54
111.44877627182939,117.20921799262106,0.16044352439403797,0.4156525731086731,0.028539881110191345,0.24623017013072968,-0.06356630474328995,0.1488669365644455,0.0,0.0,44.906113792922284,43.42452177207227,1.3307544778080924,-1.1168253853622758,94.87179487179486,80.0,96.0,54
107.47024039185229,112.55141747857142,0.15566774634883876,0.40340447425842285,0.03019189089536667,0.2375337928533554,-0.06382925063371658,0.14531318843364716,0.0,0.0,48.31755899860871,45.58129891914231,2.7913954286846447,-3.4114452056864266,94.87179487179486,80.0,96.0,54
104.77794829976273,109.54308198859222,0.15361495857130342,0.3932226896286011,0.031948529183864594,0.22655124962329865,-0.06360810995101929,0.14180023968219757,0.0,0.0,50.81589202488012,48.47057941273006,1.5931889673727966,-2.4983330262714105,94.87179487179486,80.0,96.0,54
101.23646759891898,105.28015685343924,0.15145559137174044,0.384788453578949,0.03369324654340744,0.21698270738124847,-0.0633341521024704,0.1393427699804306,0.0,0.0,54.2304681951904,51.358306958235374,3.0663036398267494,-3.4145761703102764,94.87179487179486,80.0,96.0,54
97.56572752505826,100.63599894996057,0.1519142464047384,0.37556642293930054,0.035753220319747925,0.2083280384540558,-0.0628342553973198,0.13819555938243866,0.0,0.0,58.13084079554104,54.626787716010824,3.1491634775928006,-3.900372600350643,94.87179487179486,80.0,96.0,54
93.43383866665437,96.68329215505548,0.14722596218273049,0.362995445728302,0.03728703409433365,0.19825313985347748,-0.06233474612236023,0.1369316577911377,0.0,0.0,61.657479979193994,58.43778989058765,2.6763185095266806,-3.5266391836529536,94.87179487179486,80.0,96.0,54
90.9065419092804,93.28929724013958,0.14658762747851875,0.3538305163383484,0.0386873260140419,0.18917061388492584,-0.062050215899944305,0.13447803258895874,0.0,0.0,64.08552086224209,61.520210455190565,2.7288413525832595,-2.428040883048098,94.87179487179486,80.0,96.0,54
85.90852986635639,87.48179708069424,0.14668099765596324,0.34250980615615845,0.040486179292201996,0.18154510855674744,-0.06186215579509735,0.13341380655765533,0.0,0.0,69.24890339595729,64.85577451533825,4.51690910246252,-5.163382533715193,94.87179487179486,80.0,96.0,54
81.12715656990127,81.7036219698647,0.14932493121913668,0.3323991298675537,0.0419534295797348,0.17342345416545868,-0.06138511747121811,0.13472852110862732,0.0,0.0,74.68182943564615,69.54652155382254,5.158470345454148,-5.432926039688866,94.87179487179486,80.0,96.0,54
76.02073537525962,76.50404618197905,0.1478368767487266,0.32303351163864136,0.0427105575799942,0.1640482395887375,-0.061270758509635925,0.13550220429897308,0.0,0.0,79.34331171640056,74.68967792093483,4.133100274899974,-4.661482280754413,94.87179487179486,80.0,96.0,54
72.32625296227411,71.94115826461208,0.14502271221383037,0.31689953804016113,0.04387291520833969,0.15389828383922577,-0.06140656769275665,0.1338583528995514,0.0,0.0,82.75634369446574,79.22513950542874,3.1656525251176646,-3.4130319780651774,94.87179487179486,80.0,96.0,54
67.65334323756576,68.5337076576899,0.14557244298748506,0.3084554672241211,0.045647017657756805,0.14493830502033234,-0.06118004024028778,0.13232728838920593,0.0,0.0,87.590697302596,83.26188193620149,4.480901724199825,-4.834353608130257,94.87179487179486,80.0,96.0,54
60.0583944830473,61.87966194804524,0.1446215360527086,0.2938615679740906,0.04826563596725464,0.12949028611183167,-0.05920717120170593,0.13245342671871185,0.0,0.0,84.0155151425967,87.55267026725467,4.72569989679161,3.575182159999301,94.87179487179486,80.0,96.0,54
62.153258155560714,65.11311689190744,0.14373430578314655,0.2972351312637329,0.047991037368774414,0.12674130499362946,-0.059385865926742554,0.13181264698505402,0.0,0.0,87.24800884495895,87.29931026341579,3.232493702362248,-3.232493702362248,94.87179487179486,80.0,96.0,54
55.360845467481425,56.46607049793938,0.1501324662288734,0.28867459297180176,0.047507405281066895,0.12317003309726715,-0.059403762221336365,0.13315396010875702,0.0,0.0,78.66321281688728,84.66698796095781,8.584796028071665,8.584796028071665,94.87179487179486,80.0,96.0,54
49.66968871190436,50.76321728944297,0.15170560482980996,0.28409290313720703,0.04601273685693741,0.1162036806344986,-0.05990765988826752,0.1359645426273346,0.0,0.0,72.73659160439755,79.47230988527602,6.504834670462756,5.926621212489735,94.87179487179486,80.0,96.0,54
47.20321882378434,48.03866514357024,0.14731772427645753,0.27967798709869385,0.04590030014514923,0.10635346174240112,-0.058998316526412964,0.13650953769683838,0.0,0.0,70.35902698819277,73.9918706571215,3.2714107728425716,2.377564616204779,94.87179487179486,80.0,96.0,54
47.767068811954815,49.362359417081734,0.14553537384963333,0.27923768758773804,0.04587075859308243,0.1019183099269867,-0.05890284478664398,0.1356610804796219,0.0,0.0,71.88134527180442,72.15185040635751,1.5223182836116536,-1.5223182836116536,94.87179487179486,80.0,96.0,54
46.23765228755213,48.02509500544418,0.14521109298437881,0.27571845054626465,0.04589349776506424,0.0989329069852829,-0.05871506780385971,0.13397274911403656,0.0,0.0,70.07593547161099,71.48668637316088,1.8054098001934307,1.8054098001934307,94.87179487179486,80.0,96.0,54
46.135220332054146,47.76933807379198,0.14151899192890474,0.27348053455352783,0.04567062109708786,0.09346269071102142,-0.05877864360809326,0.13153596222400665,0.0,0.0,70.81859165029118,69.97389900439316,1.6924621907680262,-0.7426561786801926,94.87179487179486,80.0,96.0,54
48.52071348657564,52.1916805424071,0.136702917280731,0.27432411909103394,0.045676566660404205,0.09310704469680786,-0.05902580916881561,0.12907752394676208,0.0,0.0,74.40422008515006,71.05597015777792,3.585628434858876,-3.585628434858876,94.87179487179486,80.0,96.0,54
50.13724512368422,55.660176091859256,0.13330077847013108,0.2748097777366638,0.045621395111083984,0.09324987232685089,-0.059667497873306274,0.125583216547966,0.0,0.0,77.48205188419462,72.95774826978976,3.07783179904456,-3.07783179904456,94.87179487179486,80.0,96.0,54
56.568385332213325,59.41295938655746,0.1334209469730589,0.28642237186431885,0.044662393629550934,0.09834876656532288,-0.06161031126976013,0.118775874376297,0.0,0.0,84.41458303032421,79.1382098361441,7.157709939305477,-6.932531146129591,94.87179487179486,80.0,96.0,54
57.73753698439587,60.62165271963357,0.1331550603774069,0.28900134563446045,0.044426605105400085,0.10208876430988312,-0.06199987977743149,0.11852984130382538,0.0,0.0,85.87247635263523,81.23581595325426,1.4578933223110226,-1.4578933223110226,94.87179487179486,80.0,96.0,54
63.06996930815603,66.18579813174783,0.13139182269947744,0.29777801036834717,0.044431768357753754,0.1078803539276123,-0.062381140887737274,0.11763408780097961,0.0,0.0,88.3628432609753,83.97669393373837,2.4903669083400644,-2.4903669083400644,94.87179487179486,80.0,96.0,54
65.53932236675683,69.55054515169013,0.13173696388563638,0.30184465646743774,0.04467008262872696,0.11475870013237,-0.06268411874771118,0.11664889752864838,0.0,0.0,85.9919561930618,86.16046470924914,2.3708870679135003,2.3708870679135003,94.87179487179486,80.0,96.0,54
70.75568646820835,73.2786246148429,0.13148408087829971,0.3121238946914673,0.044814661145210266,0.12118679285049438,-0.0628407895565033,0.11601525545120239,0.0,0.0,80.64073384286613,85.21700241238462,5.35122235019567,5.35122235019567,94.87179487179486,80.0,96.0,54
73.40131932161563,75.63561323586175,0.13225366921248335,0.316760778427124,0.045266129076480865,0.12857764959335327,-0.06290146708488464,0.11572664976119995,0.0,0.0,78.13518101069005,83.28267857689832,2.505552832176079,2.505552832176079,94.87179487179486,80.0,96.0,54
79.27511190241421,81.92745049786389,0.1330699763732334,0.32859212160110474,0.04573956876993179,0.13691987097263336,-0.06295032799243927,0.11617723107337952,0.0,0.0,72.45488158237181,79.30568815724745,5.680299428318236,5.680299428318236,94.87179487179486,80.0,96.0,54
89.63042023196431,90.06471413547419,0.14329687651827097,0.3473794460296631,0.04664392024278641,0.15782885253429413,-0.06280321627855301,0.12141343951225281,0.0,0.0,64.45145884914815,71.73736204635881,7.456467894077079,8.003422733223658,94.87179487179486,80.0,96.0,54
95.26995148877256,95.47041819459189,0.14602084082265482,0.36228233575820923,0.04655546694993973,0.17969805002212524,-0.06237609684467316,0.12832871079444885,0.0,0.0,59.545142156188916,64.88611417037009,4.094786776729137,4.906316692959237,94.87179487179486,80.0,96.0,54
98.26207720052383,99.24307569622594,0.15141637608342542,0.3753179907798767,0.04511381685733795,0.19439280033111572,-0.06221827119588852,0.1329604983329773,0.0,0.0,57.318934854582345,60.24171946821378,3.143937074583455,2.2262073016065713,94.87179487179486,80.0,96.0,54
101.20505056631714,101.17397819028699,0.1594290481541153,0.38779979944229126,0.0424923375248909,0.20598652958869934,-0.06239484250545502,0.13969635963439941,0.0,0.0,55.7231886709346,57.71502949777213,1.6319338654711686,1.5957461836477478,94.87179487179486,80.0,96.0,54
107.25291495788602,107.62410232777722,0.1624850904804198,0.40504539012908936,0.04026977717876434,0.21969641745090485,-0.062157660722732544,0.1467014104127884,0.0,0.0,50.40449571538896,54.57661542051165,4.419159043928332,5.318692955545636,94.87179487179486,80.0,96.0,54
113.0499428347517,113.24333411031574,0.1666449774463842,0.4208032488822937,0.038401611149311066,0.23466914892196655,-0.061028093099594116,0.1513061225414276,0.0,0.0,45.94837814038896,50.103447674027684,3.288883940626569,4.456117575,94.87179487179486,80.0,96.0,54
115.4037695533174,115.25981444794442,0.1659581984339892,0.4267319440841675,0.036966338753700256,0.242958202958107,-0.0604289174079895,0.152933731675148,0.0,0.0,43.61958902262387,47.30243123985433,2.3287891177650906,2.3287891177650906,94.87179487179486,80.0,96.0,54
120.94087081062224,120.53025296889629,0.16935382000666077,0.44401949644088745,0.03552082180976868,0.2520328462123871,-0.059312522411346436,0.15520323812961578,0.0,0.0,39.28229993811413,44.521882295535626,4.337289084509742,4.337289084509742,94.87179487179486,80.0,96.0,54
126.00406532205162,123.63507240980117,0.17517704450032698,0.461789071559906,0.03310178965330124,0.27063460648059845,-0.05714554339647293,0.1605158895254135,0.0,0.0,35.87224975003213,39.41871004260045,3.028451709599551,3.4100501880819962,94.87179487179486,80.0,96.0,54
132.5260124316341,129.64821796386036,0.1758358833953583,0.47712862491607666,0.031315408647060394,0.2878539562225342,-0.05413380265235901,0.16575925052165985,0.0,0.0,30.74282996016253,35.08097057368772,4.0652711647620166,5.129419789869601,94.87179487179486,80.0,96.0,54
134.01762239236476,130.37429277133845,0.17420492783111263,0.483781099319458,0.030350640416145325,0.2965182363986969,-0.05230957269668579,0.1671588122844696,0.0,0.0,29.27537842181195,32.67463981423279,1.4674515383505806,1.4674515383505806,94.87179487179486,80.0,96.0,54
138.2514598370437,135.48385385223824,0.1752269675015044,0.49811041355133057,0.028641849756240845,0.30514293909072876,-0.05073757469654083,0.16765384376049042,0.0,0.0,25.780813269737692,30.151780694159182,3.4945651520742587,3.4945651520742587,94.87179487179486,80.0,96.0,54
142.5455505239402,139.49046550338306,0.17481027883491776,0.5087364912033081,0.026726707816123962,0.31488946080207825,-0.04663792997598648,0.1664963811635971,0.0,0.0,23.495755780125208,26.347163185890324,3.3409494917612363,2.285057489612484,94.87179487179486,80.0,96.0,54
149.01793655799338,144.4114061272546,0.18786934913222486,0.5272681415081024,0.025209814310073853,0.32520271092653275,-0.04128682613372803,0.1718492954969406,0.0,0.0,20.0355500048274,23.492973008554628,3.5683309725520616,3.4602057752978084,94.87179487179486,80.0,96.0,54
153.3053164392344,150.5142644596659,0.19394353261967037,0.5526822507381439,0.02158074826002121,0.34857166558504105,-0.03725840896368027,0.18422652781009674,0.0,0.0,16.028928636584112,19.84076758351457,3.6657820786831934,4.006621368243287,94.87179487179486,80.0,96.0,54
158.42946483723574,154.96775906918364,0.19823929045883723,0.5671707987785339,0.017723821103572845,0.3722973167896271,-0.03408224880695343,0.19220593571662903,0.0,0.0,13.069460832383257,16.17614859999251,2.8420333833521028,2.9594678042008553,94.87179487179486,80.0,96.0,54
165.32290152688344,162.13880494449623,0.19920879219811,0.5660882294178009,0.013160735368728638,0.3871167525649071,-0.028900958597660065,0.19651992619037628,0.0,0.0,8.375625637413506,12.48866011586675,4.222434140521372,4.6938351949697505,94.87179487179486,80.0,96.0,54
167.73817763850963,165.9371393618713,0.1957387321507062,0.5711454153060913,0.007131680846214294,0.39322517067193985,-0.023456767201423645,0.19735994935035706,0.0,0.0,6.516726721940287,8.90886050043422,1.6283031425079173,1.858898915473219,94.87179487179486,80.0,96.0,54
172.04473019657317,170.4537950447317,0.19136947150035286,0.5702707469463348,0.0020411908626556396,0.3959483951330185,-0.018739603459835052,0.1938423365354538,0.0,0.0,3.660409878282678,5.905914983082447,1.6410835893759383,2.856316843657609,94.87179487179486,80.0,96.0,54
178.1309459487379,175.6395813492218,0.1828796703354135,0.5672890245914459,-0.0021353811025619507,0.39590834826231003,-0.0126500204205513,0.1885676085948944,0.0,0.0,-0.15998244378614856,2.926369076623743,3.063537848125975,3.8203923220688267,94.87179487179486,80.0,96.0,54
168.93154047685653,169.81567753587376,0.175998900514401,0.5466855466365814,-0.005827665328979492,0.3767125532031059,-0.01601167768239975,0.1761043220758438,0.0,0.0,4.918119905671546,2.9116993623224836,2.0770258367229957,,96.66666666666667,80.0,90.32258064516128,55
163.4443931921795,164.60483415800311,0.17913512754019403,0.5433008372783661,0.0009457170963287354,0.3719840794801712,-0.020823068916797638,0.17569324374198914,0.0,0.0,8.608589241338265,6.338997883705076,2.5438501327250833,-3.6904693356667195,96.66666666666667,80.0,90.32258064516128,55
159.14093932362306,159.96431349803427,0.18121488636787605,0.5366162657737732,0.004996664822101593,0.36934536695480347,-0.02462288737297058,0.17757004499435425,0.0,0.0,11.69083231720775,8.809594636045475,2.816614440185049,-3.082243075869485,96.66666666666667,80.0,90.32258064516128,55
156.58178691028488,158.04002394973446,0.1807192981093738,0.5325967669487,0.007751472294330597,0.3665344789624214,-0.027472294867038727,0.178249329328537,0.0,0.0,13.340018933622815,10.628414592297883,1.649186616415065,-1.649186616415065,96.66666666666667,80.0,90.32258064516128,55
149.9329958315276,153.88833865750064,0.17909895771412782,0.5204507112503052,0.011632293462753296,0.35695119202136993,-0.03688092529773712,0.17584478855133057,0.0,0.0,16.752402213500346,15.007359978459654,1.7279986860452397,-3.412383279877531,96.66666666666667,80.0,90.32258064516128,55
142.71456693278338,148.74885862176606,0.1809073235276546,0.5051274597644806,0.011882655322551727,0.34707972407341003,-0.0445747897028923,0.17436279356479645,0.0,0.0,21.1946104398137,18.137748443985156,3.8235663522859085,-4.442208226313355,96.66666666666667,80.0,90.32258064516128,55
138.7090938696506,144.10243071055564,0.17409217299835492,0.4948347210884094,0.014064274728298187,0.3367287367582321,-0.04855714738368988,0.1716393530368805,0.0,0.0,24.06214977570825,20.83657467827755,3.343655365647791,-2.8675393358945485,96.66666666666667,80.0,90.32258064516128,55
135.8583433414628,141.53872936236297,0.16493239587856054,0.48898470401763916,0.018758118152618408,0.3187638521194458,-0.05163431912660599,0.16264761984348297,0.0,0.0,25.445619135360673,24.276451298334955,1.3710951562877653,-1.3834693596524232,96.66666666666667,80.0,90.32258064516128,55
130.5957441898567,137.08406606825986,0.16239177525882517,0.4751068353652954,0.018442906439304352,0.3000551462173462,-0.05608949065208435,0.15315261483192444,0.0,0.0,28.515921030350633,26.906482373866428,2.2565985829963964,-3.07030189498996,96.66666666666667,80.0,90.32258064516128,55
128.57956668486403,135.6167483535377,0.16146794733880662,0.4710710048675537,0.019365079700946808,0.2970655560493469,-0.056975893676280975,0.15174587070941925,0.0,0.0,29.87529085030061,27.735640431120608,1.3593698199499755,-1.3593698199499755,96.66666666666667,80.0,90.32258064516128,55
125.92074229916369,133.3178804485315,0.15934891191102105,0.4639385938644409,0.020073302090168,0.29222600162029266,-0.058512985706329346,0.15034303069114685,0.0,0.0,31.423058025823757,29.018398088457307,1.5477671755231484,-1.5477671755231484,96.66666666666667,80.0,90.32258064516128,55
122.70506102158666,130.61005252365945,0.1591434600041541,0.4512782096862793,0.021642647683620453,0.27810078859329224,-0.06188201904296875,0.14683905243873596,0.0,0.0,33.98428994244828,32.48231129799244,1.638400891071349,-2.5612319166245214,96.66666666666667,80.0,90.32258064516128,55
118.74592210077171,126.98176612456973,0.1637864406857427,0.4359031915664673,0.02194494754076004,0.27065040171146393,-0.06328261643648148,0.14726422727108002,0.0,0.0,37.642035873036235,34.693466723870436,2.840383844415932,-3.657745930587957,96.66666666666667,80.0,90.32258064516128,55
115.5035612395971,124.22020018605878,0.16360492200161986,0.4242721199989319,0.02145235240459442,0.25999026000499725,-0.06620900332927704,0.14990511536598206,0.0,0.0,40.39391844626336,38.55024085560039,2.3982157007022806,-2.751882573227128,96.66666666666667,80.0,90.32258064516128,55
111.73743829603632,122.36459900516313,0.1537224256511715,0.4161309599876404,0.021798819303512573,0.2502150237560272,-0.06693252176046371,0.14543704688549042,0.0,0.0,42.06728468070475,40.286629830649375,1.3776712306364658,-1.6733662344413887,96.66666666666667,80.0,90.32258064516128,55
108.36250288790936,120.06560986161911,0.14812348132043193,0.4074894189834595,0.022558793425559998,0.2338808923959732,-0.06840217113494873,0.1347379833459854,0.0,0.0,43.77542806588662,42.540208450709656,1.863105090932514,-1.7081433851818701,96.66666666666667,80.0,90.32258064516128,55
104.44299883557863,116.22630037091626,0.14588135371564206,0.3982166051864624,0.02375826984643936,0.22623775899410248,-0.06891544908285141,0.13043873012065887,0.0,0.0,47.027826872593806,44.08458625233898,3.405059776672431,-3.252398806707184,96.66666666666667,80.0,90.32258064516128,55
101.52567077952534,113.25092615160023,0.14234619331101983,0.3879436254501343,0.025775551795959473,0.21203260123729706,-0.0694119855761528,0.12544526159763336,0.0,0.0,49.29347515400455,47.717323842482585,2.111668584582148,-2.2656482814107406,96.66666666666667,80.0,90.32258064516128,55
99.21632927697988,111.20502440790486,0.13966913989133797,0.3785642981529236,0.026615068316459656,0.20588932931423187,-0.06959248334169388,0.12257573008537292,0.0,0.0,50.633483980614535,49.12297955722105,1.2503314557718355,-1.3400088266099885,96.66666666666667,80.0,90.32258064516128,55
95.64078229632281,106.46286483013485,0.14003071132052614,0.3710815906524658,0.027768991887569427,0.1989232450723648,-0.0700741857290268,0.12078878283500671,0.0,0.0,54.202356050553625,51.41226910189841,2.7722721989708248,-3.56887206993909,96.66666666666667,80.0,90.32258064516128,55
93.66277359226916,103.20546572029481,0.13993061138846366,0.3675459027290344,0.029971584677696228,0.19328807294368744,-0.07020724564790726,0.12102167308330536,0.0,0.0,56.28410602524102,54.210064675295314,1.360393251437209,-2.0817499746873978,96.66666666666667,80.0,90.32258064516128,55
90.66621642541764,100.04895790723866,0.1388441352851898,0.3606303930282593,0.030969031155109406,0.18885762989521027,-0.07011841237545013,0.12095578014850616,0.0,0.0,59.14066313399133,56.13770949589745,2.8565571087503088,-2.8565571087503088,96.66666666666667,80.0,90.32258064516128,55
86.89256236082065,95.5933436876362,0.13911127589042516,0.35318541526794434,0.03261291980743408,0.18095369637012482,-0.06999754160642624,0.12029486894607544,0.0,0.0,62.79975979682374,59.448172076891446,3.2316004453140508,-3.659096662832411,96.66666666666667,80.0,90.32258064516128,55
84.88105412285137,93.17221720034976,0.13980536755346448,0.348493754863739,0.033151425421237946,0.17606429755687714,-0.07003755867481232,0.12023547291755676,0.0,0.0,64.96028242537571,61.61721617692512,2.1605226285519663,-2.1605226285519663,96.66666666666667,80.0,90.32258064516128,55
82.56594638513485,89.56560285064481,0.14176372370994506,0.342205286026001,0.03456505388021469,0.17024844884872437,-0.06998693197965622,0.12171842157840729,0.0,0.0,67.97269904931514,65.12145401458986,3.219624262470276,-3.01241662393943,96.66666666666667,80.0,90.32258064516128,55
79.16781744715405,84.65752585774591,0.1438499749123782,0.33299458026885986,0.035223886370658875,0.16659079492092133,-0.06951255351305008,0.12450876832008362,0.0,0.0,72.06672770805115,68.16054617258884,4.217044561906945,-4.094028658736008,96.66666666666667,80.0,90.32258064516128,55
74.71149665521517,79.78824618908982,0.1436942383838574,0.3230305314064026,0.03613843023777008,0.15769776701927185,-0.06881687790155411,0.12670601904392242,0.0,0.0,76.98377331924128,73.5660769829696,4.330736762989659,-4.917045611190133,96.66666666666667,80.0,90.32258064516128,55
70.27866307350507,75.31449674490483,0.14159549230772991,0.3139075040817261,0.036991603672504425,0.15030831098556519,-0.06826659291982651,0.1259801834821701,0.0,0.0,81.03368091878939,77.0177302956167,3.633250530604883,-4.049907599548106,96.66666666666667,80.0,90.32258064516128,55
68.78209751648251,73.25883501969027,0.1396784463842734,0.31147319078445435,0.03776115924119949,0.1444256752729416,-0.06773954629898071,0.12487204372882843,0.0,0.0,82.6192364604403,79.50928027166387,1.585555541650919,-1.585555541650919,96.66666666666667,80.0,90.32258064516128,55
65.50359076965708,69.20488890271533,0.14066626385373568,0.3065313696861267,0.03998037427663803,0.13619650900363922,-0.06670598685741425,0.12353803217411041,0.0,0.0,86.78415938750133,83.22795304998269,4.309423954301607,-4.164922927061028,96.66666666666667,80.0,90.32258064516128,55
58.11127245082122,62.50688243735234,0.14055696715330332,0.2877550721168518,0.04363665729761124,0.12131607532501221,-0.06604784727096558,0.12304012477397919,0.0,0.0,86.35313741306324,88.17949007823748,2.5146128786400936,0.43102197443809587,96.66666666666667,80.0,90.32258064516128,55
56.643635016825094,60.20955588653984,0.14233885996498363,0.2861388325691223,0.043537698686122894,0.11874847114086151,-0.06625154614448547,0.12395739555358887,0.0,0.0,84.5950878287071,87.28836319688091,1.7580495843561437,1.7580495843561437,96.66666666666667,80.0,90.32258064516128,55
55.435005228482915,58.92745003557963,0.1427147942053924,0.28573304414749146,0.04337514191865921,0.11691290140151978,-0.06643638759851456,0.125029057264328,0.0,0.0,83.31123463741312,85.78180254272169,1.2838531912939715,1.2838531912939715,96.66666666666667,80.0,90.32258064516128,55
52.74629306936289,55.96541912769589,0.14226111169586714,0.2804643511772156,0.04317277669906616,0.11329910159111023,-0.06676040589809418,0.1252909153699875,0.0,0.0,80.88211372472844,83.78539340097798,2.429120912684681,2.429120912684681,96.66666666666667,80.0,90.32258064516128,55
51.3998052669007,53.89637763234779,0.1407329288639235,0.2770082354545593,0.043367981910705566,0.1099904477596283,-0.06654124706983566,0.12545737624168396,0.0,0.0,79.19897837312352,81.99685364099304,1.6831353516049177,1.6831353516049177,96.66666666666667,80.0,90.32258064516128,55
52.51898077860589,55.945994777028936,0.13663493575040228,0.27674973011016846,0.04341410845518112,0.10434293746948242,-0.06611853837966919,0.12319831550121307,0.0,0.0,81.42422771896031,80.23525423205362,1.9885306075580615,-2.2252493458367866,96.66666666666667,80.0,90.32258064516128,55
51.76387624577405,55.77976718277681,0.13337628739852997,0.2756822109222412,0.04267749935388565,0.10125225782394409,-0.06613890826702118,0.11809726059436798,0.0,0.0,81.63864262002382,81.20028976774246,1.2703695364360073,-0.21441490106350614,96.66666666666667,80.0,90.32258064516128,55
52.594511218619076,58.09076267937299,0.13093600718038823,0.27608948945999146,0.042214810848236084,0.10049255192279816,-0.06656469404697418,0.11620576679706573,0.0,0.0,83.75306517417118,81.78249913154518,2.1144225541473674,-2.1144225541473674,96.66666666666667,80.0,90.32258064516128,55
54.614474187001065,61.008097389412576,0.13070758278951886,0.28042441606521606,0.04087619483470917,0.10125415027141571,-0.06867831200361252,0.11109158396720886,0.0,0.0,86.5921121864907,84.86300916036662,2.004226575338677,-2.8390470123195115,96.66666666666667,80.0,90.32258064516128,55
64.71988423405583,71.48954560308557,0.1297713043979401,0.2995205521583557,0.04283766448497772,0.11457212269306183,-0.06927410513162613,0.1105593740940094,0.0,0.0,82.99341139472583,86.61247517564613,4.7076464649411776,3.5987007917648697,96.66666666666667,80.0,90.32258064516128,55
66.8035608899545,73.98961896452836,0.1293382794575947,0.3033403158187866,0.04299429804086685,0.12001766264438629,-0.06926605850458145,0.11017853021621704,0.0,0.0,80.86466546983098,85.00475688510531,2.1287459248948437,2.1287459248948437,96.66666666666667,80.0,90.32258064516128,55
68.5302905375139,75.42684833514816,0.12880907070144437,0.3068026900291443,0.04295487701892853,0.12412895262241364,-0.06925982236862183,0.10958515107631683,0.0,0.0,78.98459012598303,82.63593121255171,1.880075343847949,1.880075343847949,96.66666666666667,80.0,90.32258064516128,55
72.6393865962637,80.28105048434155,0.12886112512585549,0.31498342752456665,0.04278203099966049,0.13001233339309692,-0.06919165700674057,0.10910461843013763,0.0,0.0,74.9355626254275,79.44455740399184,4.049027500555539,4.049027500555539,96.66666666666667,80.0,90.32258064516128,55
82.39247184453745,89.209452819867,0.13349745599528695,0.3331986665725708,0.042320914566516876,0.1431841105222702,-0.06891065835952759,0.11031761765480042,0.0,0.0,66.78600572857849,73.61515347124006,6.968449676392737,8.149556896849006,96.66666666666667,80.0,90.32258064516128,55
90.05961671673822,96.10519708335512,0.137929314659853,0.35194361209869385,0.04137631505727768,0.16837650537490845,-0.06739319115877151,0.11733421683311462,0.0,0.0,61.15848387009679,64.88016633707505,4.308590385473067,5.6275218584817,96.66666666666667,80.0,90.32258064516128,55
89.2405503139355,95.16341397680951,0.14083318926644195,0.35252106189727783,0.040853917598724365,0.1726217269897461,-0.06683672219514847,0.11975297331809998,0.0,0.0,62.73344279884113,63.86702560464071,1.5749589287443442,-1.5749589287443442,96.66666666666667,80.0,90.32258064516128,55
94.20656459110387,100.0854203603101,0.1437121208818486,0.3640468120574951,0.03993387520313263,0.17932161688804626,-0.06634967774152756,0.12274380028247833,0.0,0.0,58.59872326457477,61.989431047270635,4.13471953426636,4.13471953426636,96.66666666666667,80.0,90.32258064516128,55
99.68536247819469,105.26552848999643,0.15036662976441645,0.3795852065086365,0.03636086732149124,0.19548314809799194,-0.06532249599695206,0.13103507459163666,0.0,0.0,54.50742363540251,57.647218621763585,4.399865665957002,4.091299629172262,96.66666666666667,80.0,90.32258064516128,55
108.59139515667152,112.50591584869599,0.15933797003265895,0.4024549126625061,0.033685266971588135,0.2104613333940506,-0.06524437665939331,0.1372256577014923,0.0,0.0,47.493207622035776,53.62117468733663,6.0835705685129255,7.014216013366735,96.66666666666667,80.0,90.32258064516128,55
110.90140286280933,114.82591105406529,0.16072314801409573,0.4082123041152954,0.03057326376438141,0.22918836772441864,-0.0648525059223175,0.14414945244789124,0.0,0.0,45.55469811812958,48.375224761528074,1.3215169972686596,1.9385095039061966,96.66666666666667,80.0,90.32258064516128,55
115.10030642109933,118.38991677169639,0.16354927381411222,0.4229750633239746,0.029787853360176086,0.24012936651706696,-0.06412807106971741,0.14779821038246155,0.0,0.0,42.220824955824,45.5362364528469,3.3338731623055793,3.3338731623055793,96.66666666666667,80.0,90.32258064516128,55
122.71575569951014,124.28153291435838,0.16671998025578585,0.4480702877044678,0.028851062059402466,0.25520603358745575,-0.06207653135061264,0.15152089297771454,0.0,0.0,36.42766012486905,41.37996348403134,4.889010612433708,5.79316483095495,96.66666666666667,80.0,90.32258064516128,55
128.39146152026308,129.64035179818342,0.16604812607646327,0.4638492465019226,0.02754279226064682,0.2764088809490204,-0.057787805795669556,0.15580745041370392,0.0,0.0,32.18962984085485,35.323805018987464,3.8407479105588322,4.238030284014201,96.66666666666667,80.0,90.32258064516128,55
134.9846389217184,136.49782619755786,0.1688946405075028,0.4917556643486023,0.026313073933124542,0.2920071482658386,-0.05544982850551605,0.15751488506793976,0.0,0.0,26.69406940550151,31.505312263284452,4.413102649866268,5.49556043535334,96.66666666666667,80.0,90.32258064516128,55
141.61712241602598,142.58131651043192,0.17721291814877577,0.513768345117569,0.022553816437721252,0.3182329013943672,-0.05083640664815903,0.16399125754833221,0.0,0.0,22.773665920751384,25.478741746071005,3.7151761622168777,3.920403484750125,96.66666666666667,80.0,90.32258064516128,55
149.40656579564103,148.27489830324123,0.1843134373082437,0.5345854163169861,0.020088672637939453,0.33384738117456436,-0.046359606087207794,0.1724315732717514,0.0,0.0,18.0912693984195,22.49292791308258,4.52666485177167,4.682396522331885,96.66666666666667,80.0,90.32258064516128,55
154.5017326290088,154.46818945770656,0.18786661228472729,0.5586035549640656,0.015260972082614899,0.3613733723759651,-0.038930028676986694,0.18197154998779297,0.0,0.0,14.158584496303916,16.86869426543873,4.035703840372278,3.9326849021155823,96.66666666666667,80.0,90.32258064516128,55
160.05429592371502,160.56202327143762,0.1917607511943002,0.5643844306468964,0.011308535933494568,0.37493670731782913,-0.03632070869207382,0.185252383351326,0.0,0.0,10.793593109852651,14.212506935632472,2.909968689844476,3.3649913864512655,96.66666666666667,80.0,90.32258064516128,55
167.74359925301428,167.9686986339598,0.19469808521515547,0.5650257468223572,0.0038162171840667725,0.3885938674211502,-0.026285037398338318,0.19233988225460052,0.0,0.0,6.0919076541550226,8.739536874282756,2.476631170819175,4.701685455697628,96.66666666666667,80.0,90.32258064516128,55
175.00704189604272,173.44009708644663,0.1883538087795184,0.567213386297226,-0.0007336586713790894,0.3929673358798027,-0.016611777245998383,0.19094066321849823,0.0,0.0,1.7779652250155777,4.502032745854336,3.0016097147336325,4.313942429139445,96.66666666666667,80.0,90.32258064516128,55
143.89813165291537,159.19833058606085,0.21978276280745637,0.4421601891517639,0.0003751218318939209,0.42022521793842316,-0.06096717715263367,0.21589714288711548,0.0,0.0,18.548753154535092,16.713403763796002,1.2817817447096758,,75.0,0.0,90.47619047619048,56
127.98080089525473,151.02001442674205,0.18588851533383974,0.39053982496261597,0.003520265221595764,0.36377906799316406,-0.08051654696464539,0.1735488474369049,0.0,0.0,25.35327894151324,23.85075786035523,1.2808320680344565,-6.804525786978147,75.0,0.0,90.47619047619048,56
118.3489760692606,144.12082323273643,0.17103029260188785,0.3525480628013611,0.004767939448356628,0.3278065621852875,-0.08881497383117676,0.1514921486377716,0.0,0.0,29.78853965501318,27.990696495490106,1.4192896356465994,-4.435260713499943,75.0,0.0,90.47619047619048,56
114.43183595444327,141.11270343670614,0.1653291253272246,0.33840543031692505,0.0049705952405929565,0.30937081575393677,-0.09058073163032532,0.14404353499412537,0.0,0.0,31.67842768796873,30.05368208938931,1.2999166927599788,-1.8898880329555467,75.0,0.0,90.47619047619048,56
106.44579780840752,135.3993154751404,0.16054463487534118,0.316955029964447,0.004148200154304504,0.2792096734046936,-0.09569020569324493,0.13202248513698578,0.0,0.0,35.89062762820523,34.16759611274262,1.4896375323137292,-4.212199940236502,75.0,0.0,90.47619047619048,56
104.5663832856292,133.31059612565403,0.16072024603454174,0.3107711672782898,0.004061967134475708,0.2724228650331497,-0.09702631831169128,0.12966473400592804,0.0,0.0,37.298996368373096,35.32510680319366,1.408368740167866,-1.408368740167866,75.0,0.0,90.47619047619048,56
93.43224256486587,131.05437991231594,0.15144351880491416,0.28413712978363037,0.006238728761672974,0.2366681843996048,-0.10366149246692657,0.11188212037086487,0.0,0.0,42.97886598544533,41.38303679767483,1.714876959931786,-5.679869617072235,75.0,0.0,90.47619047619048,56
78.30359842661125,117.23134349011195,0.14643438350462532,0.23689252138137817,0.006728649139404297,0.19008991122245789,-0.11032150685787201,0.09610167145729065,0.0,0.0,52.511609000913175,51.24341420899469,1.3646910928641347,-9.532743015467844,75.0,0.0,90.47619047619048,56
83.0508588680226,120.04464820126442,0.14759833246561324,0.2460993528366089,0.004279375076293945,0.1876402497291565,-0.10907432436943054,0.09824152290821075,0.0,0.0,49.987810148391105,51.743209827984145,1.4527068910617373,2.52379885252207,75.0,0.0,90.47619047619048,56
86.73127697276749,120.37383486119506,0.14828537625586588,0.2529798150062561,0.003796681761741638,0.19209788739681244,-0.10773280262947083,0.1002933531999588,0.0,0.0,48.30800259974646,50.54508851220911,1.6798075486446464,1.6798075486446464,75.0,0.0,90.47619047619048,56
89.97177490197231,121.82954555738468,0.14932518788360577,0.2602757215499878,0.0035835057497024536,0.19804605841636658,-0.10597459971904755,0.10314944386482239,0.0,0.0,46.67763904947136,49.10349220926544,1.6303635502750993,1.6303635502750993,75.0,0.0,90.47619047619048,56
95.7998762106817,125.47561415266756,0.15451387467155706,0.2751782536506653,0.00457337498664856,0.21263834834098816,-0.10183845460414886,0.11178408563137054,0.0,0.0,44.81419310208387,46.54909303656729,1.5823442928836116,1.8634459473874898,75.0,0.0,90.47619047619048,56
100.1858544019401,129.11881239884698,0.16063642391218755,0.2977564334869385,0.007024988532066345,0.23626036942005157,-0.09947898983955383,0.12212683260440826,0.0,0.0,41.082401451883996,43.065909688549425,1.6262115097039995,3.731791650199874,75.0,0.0,90.47619047619048,56
102.4677479637063,129.4335626147706,0.16021809199377854,0.3050498366355896,0.006938442587852478,0.24382278323173523,-0.09978708624839783,0.12370949983596802,0.0,0.0,39.242312497751826,41.67293953746642,1.8400889541321703,1.8400889541321703,75.0,0.0,90.47619047619048,56
109.75886261047495,133.25857854414292,0.1670814882070577,0.33786600828170776,0.00544777512550354,0.27235884964466095,-0.09875299036502838,0.13112851977348328,0.0,0.0,34.39380201094122,36.456240185917174,1.6012918332567097,4.8485104868106035,75.0,0.0,90.47619047619048,56
112.98638961027157,137.10064770544903,0.1707583323875808,0.3516448140144348,0.005426272749900818,0.28218166530132294,-0.09797607362270355,0.13446463644504547,0.0,0.0,32.58569247875422,35.05091436522409,1.8081095321870038,1.8081095321870038,75.0,0.0,90.47619047619048,56
128.54612701433018,144.81949332553774,0.192566289729947,0.40715181827545166,0.008356988430023193,0.3429870158433914,-0.08631429076194763,0.16467900574207306,0.0,0.0,26.339834475558092,27.972093216996463,1.4874560386098992,6.245858003196126,75.0,0.0,90.47619047619048,56
137.99529560986886,151.0038356400763,0.21330416474228353,0.44262588024139404,0.008233636617660522,0.382120281457901,-0.07651521265506744,0.1906067132949829,0.0,0.0,22.10911935235481,23.882430551435295,1.2918543331118428,4.230715123203282,75.0,0.0,90.47619047619048,56
143.1352060212938,154.46061933345464,0.21998881651677843,0.4591559171676636,0.00659199059009552,0.4006645977497101,-0.07121908664703369,0.20238813757896423,0.0,0.0,19.21040192960689,21.442897987332667,1.8406950522954304,2.8987174227479215,75.0,0.0,90.47619047619048,56
149.15479323579078,157.91146847734382,0.22910201096093924,0.47742515802383423,0.0045486390590667725,0.41846586763858795,-0.0644817054271698,0.21351806819438934,0.0,0.0,16.23794312846873,18.629074086105604,1.7789111759757503,2.97245880113816,75.0,0.0,90.47619047619048,56
151.62084814268061,159.54943719763858,0.22954696481356307,0.4820821285247803,0.0032844245433807373,0.42538706958293915,-0.060477375984191895,0.2176761031150818,0.0,0.0,14.785330608077643,17.062632492649435,1.4526125203910851,1.4526125203910851,75.0,0.0,90.47619047619048,56
155.8785012163238,161.72823794364749,0.22975216027976753,0.4898155927658081,0.0015510469675064087,0.4305519014596939,-0.05569937825202942,0.22146062552928925,0.0,0.0,12.16308398798897,15.300803007244955,2.6222466200886743,2.6222466200886743,75.0,0.0,90.47619047619048,56
158.8780045341945,163.30225020925582,0.23059603941646697,0.49883997440338135,-0.0005805492401123047,0.4346928596496582,-0.05066010355949402,0.2240181565284729,0.0,0.0,10.297664152080515,13.371005469153964,1.8654198359084546,1.8654198359084546,75.0,0.0,90.47619047619048,56
162.18008629954497,165.59947843710245,0.23059874213800532,0.5072731077671051,-0.002860024571418762,0.43874872475862503,-0.04574437439441681,0.22545070946216583,0.0,0.0,8.306053817029891,11.388033141294255,1.9916103350506233,1.9916103350506233,75.0,0.0,90.47619047619048,56
165.00607787463414,167.72786023532245,0.22930464872546666,0.5131158530712128,-0.005260869860649109,0.44320008158683777,-0.04070909321308136,0.2263711392879486,0.0,0.0,6.514742321544404,9.320386069660945,1.7913114954854876,1.7913114954854876,75.0,0.0,90.47619047619048,56
168.3567333910155,170.05919847407478,0.23066237386692984,0.5162213146686554,-0.007311627268791199,0.4478490278124809,-0.03591166436672211,0.22740596532821655,0.0,0.0,4.567017930839583,7.421369555373598,1.9477243907048205,1.9477243907048205,75.0,0.0,90.47619047619048,56
170.81600962464887,172.18676950917288,0.2303740510627868,0.5163297951221466,-0.009438782930374146,0.4517364501953125,-0.0312885046005249,0.2280411422252655,0.0,0.0,3.000829684112304,5.5971609383815455,1.566188246727279,1.566188246727279,75.0,0.0,90.47619047619048,56
175.88734025392827,179.64593752909983,0.23453526449910247,0.514563113451004,-0.017873749136924744,0.4579518064856529,-0.02259974181652069,0.23182295262813568,0.0,0.0,-0.73577230005003,1.1895436066833796,1.4595764942140192,3.736601984162334,75.0,0.0,90.47619047619048,56
177.93878042206472,179.83044879126362,0.2287061936463665,0.4817984700202942,,,,,0.0,0.0,-1.2619605918806087,,3.7375353792300814,,93.93939393939394,60.0,96.875,57
170.30331918402348,169.45777377021517,0.2298204425432072,0.482161283493042,0.0033920109272003174,0.44942276179790497,-0.012956693768501282,0.2299446314573288,0.0,0.0,6.236470612084787,4.274980347087229,1.4711656081491498,-7.498431203965396,93.93939393939394,60.0,96.875,57
167.0112913650752,165.58491266763244,0.23062446091107544,0.47737932205200195,0.01090085506439209,0.44546523690223694,-0.014617174863815308,0.22986216843128204,0.0,0.0,8.842128067694702,6.757935523328488,1.6542896580958768,-2.605657455609915,93.93939393939394,60.0,96.875,57
165.23286008777865,164.08246854812393,0.23030424183524564,0.47694462537765503,0.014986693859100342,0.4439423531293869,-0.015751004219055176,0.22965934872627258,0.0,0.0,10.380449030466167,8.16172152996112,1.538320962771465,-1.538320962771465,93.93939393939394,60.0,96.875,57
161.67159741981865,160.50787438472082,0.22874197011271133,0.4698178172111511,0.021722331643104553,0.4412407726049423,-0.018995165824890137,0.22913774847984314,0.0,0.0,12.769270494133096,10.871569663527634,1.2748394323165257,-2.388821463666929,93.93939393939394,60.0,96.875,57
158.0102221426289,156.89194858915295,0.22780290448314447,0.45642805099487305,0.026420414447784424,0.43333378434181213,-0.022699564695358276,0.2275182008743286,0.0,0.0,15.548199862964097,13.451924494348972,1.5524033044819703,-2.778929368831001,93.93939393939394,60.0,96.875,57
155.8116246795085,154.7854318257302,0.22842382143438306,0.455413281917572,0.02865085005760193,0.42909885942935944,-0.02488139271736145,0.2268768846988678,0.0,0.0,17.08228688706943,14.848888450662187,1.5340870241053324,-1.5340870241053324,93.93939393939394,60.0,96.875,57
150.489925625597,150.3817866319121,0.21950081600228163,0.43794792890548706,0.033785149455070496,0.41557633876800537,-0.031075507402420044,0.2220018208026886,0.0,0.0,20.4169110427664,18.54208452529266,1.6115002562458898,-3.3346241556969716,93.93939393939394,60.0,96.875,57
148.7864534917683,148.68711252543528,0.21903220319625186,0.43220412731170654,0.03480006754398346,0.40892256796360016,-0.03300680220127106,0.21934859454631805,0.0,0.0,21.75808873014023,19.71103498606036,1.341177687373829,-1.341177687373829,93.93939393939394,60.0,96.875,57
142.2178944939635,138.8038669082494,0.21769936926763606,0.4052942991256714,0.03762879967689514,0.38217444717884064,-0.03980860114097595,0.21382322907447815,0.0,0.0,26.82670045834852,24.740247730263526,1.7548800787118566,-5.068611728208289,93.93939393939394,60.0,96.875,57
132.8867000600821,130.0332457342804,0.20474596955571564,0.37408745288848877,0.039767637848854065,0.35376232862472534,-0.04900631308555603,0.202898308634758,0.0,0.0,32.14909110144531,30.478651114949013,1.2801559614776679,-5.322390643096789,93.93939393939394,60.0,96.875,57
129.9556939228448,128.05696089552524,0.20114689818487258,0.3660147190093994,0.039712876081466675,0.3474842309951782,-0.05179274082183838,0.19920893013477325,0.0,0.0,33.69372140768227,31.686922144507655,1.5446303062369608,-1.5446303062369608,93.93939393939394,60.0,96.875,57
127.70209885692157,126.0260121300976,0.19894933428040956,0.35815608501434326,0.03927035629749298,0.34049947559833527,-0.054540470242500305,0.195623517036438,0.0,0.0,35.06111524926902,32.943215724591056,1.367393841586754,-1.367393841586754,93.93939393939394,60.0,96.875,57
124.97191608690483,124.54105125556387,0.1968768066075621,0.34871238470077515,0.038766056299209595,0.3321891725063324,-0.05734296143054962,0.19201037287712097,0.0,0.0,37.00165263078733,34.476395097295985,1.9405373815183111,-1.9405373815183111,93.93939393939394,60.0,96.875,57
122.3626555443395,123.38560601536496,0.19190873759081373,0.33777546882629395,0.03784017264842987,0.3221437633037567,-0.059781432151794434,0.18791073560714722,0.0,0.0,38.59214855572704,36.08715946086642,1.5904959249397095,-1.5904959249397095,93.93939393939394,60.0,96.875,57
119.69065476626969,122.06618895513024,0.1894980608377383,0.3281444311141968,0.03666484355926514,0.3117094784975052,-0.06181509792804718,0.18417994678020477,0.0,0.0,40.32602007363844,37.74523412735546,1.7338715179113962,-1.7338715179113962,93.93939393939394,60.0,96.875,57
115.09720236882896,118.75690881588623,0.1854621027741896,0.3124573230743408,0.03376251459121704,0.29239925742149353,-0.06587009131908417,0.17657352983951569,0.0,0.0,43.013684192465156,40.74081366605275,1.9822823500847946,-2.687664118826717,93.93939393939394,60.0,96.875,57
106.82923484358832,113.46884722642402,0.17555043225718897,0.28419411182403564,0.031074151396751404,0.26535938680171967,-0.07282507419586182,0.16296246647834778,0.0,0.0,47.693862419517565,45.431977398382045,2.0132032419290056,-4.680178227052409,93.93939393939394,60.0,96.875,57
104.08133316809455,111.21193993533949,0.17451468803059625,0.27523982524871826,0.031156495213508606,0.25848302245140076,-0.07410363852977753,0.16009801626205444,0.0,0.0,50.00317951452284,46.96618997961454,2.3093170950052766,-2.3093170950052766,93.93939393939394,60.0,96.875,57
101.1613423122302,109.92938183920315,0.17076275071981217,0.2653388977050781,0.031205445528030396,0.2508268505334854,-0.07561507821083069,0.15729239583015442,0.0,0.0,51.9805152103237,48.83955408048816,1.9773356958008605,-1.9773356958008605,93.93939393939394,60.0,96.875,57
99.40090597614073,108.11910344236541,0.17038516733711284,0.25971102714538574,0.031656667590141296,0.24339498579502106,-0.0766821801662445,0.15484358370304108,0.0,0.0,53.431224793374064,50.77719548443454,1.4507095830503616,-1.4507095830503616,93.93939393939394,60.0,96.875,57
96.54863575367199,104.73988016126054,0.1683671688249694,0.2505722641944885,0.03253105282783508,0.23556767404079437,-0.07701225578784943,0.15267714858055115,0.0,0.0,56.30011878949246,52.92875957692827,2.868893996118395,-2.868893996118395,93.93939393939394,60.0,96.875,57
93.2064537022382,99.60151356625369,0.16661630097588984,0.2419513463973999,0.03331939876079559,0.22753392159938812,-0.07744885981082916,0.15024128556251526,0.0,0.0,58.87313948243873,55.14624956890724,2.5730206929462724,-2.5730206929462724,93.93939393939394,60.0,96.875,57
90.79294879779076,96.83778527179457,0.16420304401492783,0.23583757877349854,0.03418760001659393,0.22038350999355316,-0.07795873284339905,0.1481175422668457,0.0,0.0,60.37447668760295,57.244739938227056,1.5013372051642193,-1.5013372051642193,93.93939393939394,60.0,96.875,57
87.29086560563445,94.31579005073468,0.16388101951773623,0.22892296314239502,0.03538303077220917,0.21256357431411743,-0.0786575973033905,0.14589442312717438,0.0,0.0,63.25158727939115,59.699830559731325,2.8771105917882025,-2.8771105917882025,93.93939393939394,60.0,96.875,57
83.49934912449919,90.27924421882878,0.16486570900363492,0.220847487449646,0.036230817437171936,0.20507101714611053,-0.0797482281923294,0.14431224763393402,0.0,0.0,66.99602088856093,62.37380608449845,3.744433609169782,-3.744433609169782,93.93939393939394,60.0,96.875,57
80.4569512015791,86.27823885636236,0.1642217954683977,0.21353042125701904,0.03713883459568024,0.19780787825584412,-0.08046793937683105,0.143235445022583,0.0,0.0,70.03128731489792,65.16334304261323,3.035266426336989,-3.035266426336989,93.93939393939394,60.0,96.875,57
76.67513588864068,81.67022976807309,0.16288360046081563,0.2050790786743164,0.03993178904056549,0.1857113391160965,-0.08105118572711945,0.1424652636051178,0.0,0.0,73.50754649344273,70.33380539506118,2.7071796100996153,-3.476259178544808,93.93939393939394,60.0,96.875,57
73.22048765456509,76.97915347412798,0.16272448317073665,0.19846123456954956,0.041328608989715576,0.17981697618961334,-0.08116745948791504,0.14178168773651123,0.0,0.0,76.65819465440231,72.74934883652152,3.1506481609595767,-3.1506481609595767,93.93939393939394,60.0,96.875,57
71.54861259850514,75.9904274007692,0.15996794586066515,0.19320058822631836,0.04278424382209778,0.17439642548561096,-0.08122661709785461,0.14051967859268188,0.0,0.0,77.97516984142712,74.73531946815382,1.3169751870248092,-1.3169751870248092,93.93939393939394,60.0,96.875,57
67.93306669999913,70.12633936811841,0.15521454236051124,0.18311768770217896,0.04336388409137726,0.16629533469676971,-0.08092612028121948,0.13824895024299622,0.0,0.0,81.07625368042856,77.30429116742518,3.101083839001447,-3.101083839001447,93.93939393939394,60.0,96.875,57
65.06097709084446,68.95521441215985,0.15016572927574584,0.17990118265151978,0.0446457713842392,0.1576121747493744,-0.08054767549037933,0.13477109372615814,0.0,0.0,82.98304388037808,79.67316551415902,1.906790199949512,-1.906790199949512,93.93939393939394,60.0,96.875,57
63.7455044759119,68.20100951392597,0.14686582674556484,0.1816467046737671,0.046949028968811035,0.14937876164913177,-0.07948854565620422,0.13078342378139496,0.0,0.0,84.43974508805844,81.61855312257305,1.4567012076803678,-1.4567012076803678,93.93939393939394,60.0,96.875,57
53.60852903235152,50.69452178291383,0.14327480459032868,0.1608334183692932,0.05404607951641083,0.12780117988586426,-0.0687611997127533,0.12541840970516205,0.0,0.0,80.04449026314973,84.19120698005105,4.516295741496819,4.395254824908719,93.93939393939394,60.0,96.875,57
51.30399727852564,46.10793553194248,0.13507717080898735,0.15568727254867554,0.0529247522354126,0.11746303737163544,-0.06477309763431549,0.12507657706737518,0.0,0.0,76.90557064947491,82.50554330921658,3.1389196136748154,3.1389196136748154,93.93939393939394,60.0,96.875,57
90.50839910772697,75.11561114274575,0.164210725229617,0.2544132471084595,0.05304710566997528,0.15273448824882507,-0.047763556241989136,0.12584874033927917,0.0,0.0,69.27828494664142,75.92336377237504,7.62728570283349,7.62728570283349,93.93939393939394,60.0,96.875,57
90.82134573502651,71.59001938500448,0.16490903218234396,0.2577880024909973,0.05668032169342041,0.17406770586967468,-0.0538998544216156,0.1367010623216629,0.0,0.0,67.74283670735028,71.78342806705803,1.5354482392911422,1.5354482392911422,93.93939393939394,60.0,96.875,57
94.76381427837697,73.30289018239638,0.17104949317602708,0.26858627796173096,0.05791406333446503,0.19628222286701202,-0.058683767914772034,0.14776745438575745,0.0,0.0,62.1807899419708,67.67118189281864,5.562046765379478,5.562046765379478,93.93939393939394,60.0,96.875,57
99.52860971528207,86.6091250507577,0.18132991641561125,0.2886149287223816,0.059983015060424805,0.21732743084430695,-0.06267504394054413,0.15839998424053192,0.0,0.0,58.88610814718615,64.52200493578715,3.294681794784651,3.294681794784651,93.93939393939394,60.0,96.875,57
103.66623653753624,88.2928333757075,0.18691814971670237,0.2925875782966614,0.05496160686016083,0.24296845495700836,-0.06765000522136688,0.1679707020521164,0.0,0.0,55.00214019956716,58.60780897504319,3.360057411881492,3.8839679476189914,93.93939393939394,60.0,96.875,57
105.80530292048226,95.65845600159433,0.18715274771306142,0.30038756132125854,0.054012641310691833,0.2540885657072067,-0.0682036429643631,0.1720961332321167,0.0,0.0,52.49404131334561,56.18612181788689,2.5080988862215463,2.5080988862215463,93.93939393939394,60.0,96.875,57
109.87172636925271,101.50674158850532,0.18845157315051292,0.3062405586242676,0.05225302278995514,0.2616055756807327,-0.06770853698253632,0.17418941855430603,0.0,0.0,50.039588396856516,53.974491880304484,2.454452916489096,2.454452916489096,93.93939393939394,60.0,96.875,57
112.39953411244937,106.32669595887006,0.1891947985727947,0.313342809677124,0.05104927718639374,0.26984739303588867,-0.06645752489566803,0.17576570808887482,0.0,0.0,47.858739547244234,51.348627364253375,2.180848849612282,2.180848849612282,93.93939393939394,60.0,96.875,57
117.21237548245787,111.6558036814814,0.19152980821440826,0.32232940196990967,0.04922385513782501,0.277599960565567,-0.06453478336334229,0.17768478393554688,0.0,0.0,44.435793383923716,48.707040660342514,3.4229461633205176,3.4229461633205176,93.93939393939394,60.0,96.875,57
122.25306963306633,116.55915379755702,0.19397334846541128,0.3318623900413513,0.04668191075325012,0.2856711596250534,-0.06138071417808533,0.18059669435024261,0.0,0.0,40.786302838587545,45.780106041653,3.649490545336171,3.649490545336171,93.93939393939394,60.0,96.875,57
126.04774224080546,118.90809113455798,0.20025998351346727,0.342792272567749,0.04385581612586975,0.2954617887735367,-0.05888022482395172,0.18450935184955597,0.0,0.0,38.092939959475636,42.79344393230778,2.693362879111909,2.693362879111909,93.93939393939394,60.0,96.875,57
129.62506306611934,121.97254042035203,0.20390530076901073,0.35459572076797485,0.041323333978652954,0.3070737421512604,-0.056143224239349365,0.18921765685081482,0.0,0.0,35.321463745361115,39.659124981837,2.7714762141145215,2.7714762141145215,93.93939393939394,60.0,96.875,57
132.28895954924835,123.57116559674478,0.20715190911482506,0.3657047748565674,0.040291279554367065,0.3189072012901306,-0.0534956157207489,0.1940450370311737,0.0,0.0,33.82549792720534,37.00655111765741,1.4959658181557742,1.4959658181557742,93.93939393939394,60.0,96.875,57
135.13535347022315,126.74039245608253,0.20932335697817614,0.3744065761566162,0.04066067934036255,0.3306078612804413,-0.05090762674808502,0.19869935512542725,0.0,0.0,32.104613157171116,34.8361286973033,1.7208847700342247,1.7208847700342247,93.93939393939394,60.0,96.875,57
137.96305262987423,128.6369215443115,0.20877016260420195,0.38233619928359985,0.041638508439064026,0.3405001759529114,-0.047915711998939514,0.20162618160247803,0.0,0.0,30.218450891353356,32.86750643027273,1.8861622658177595,1.8861622658177595,93.93939393939394,60.0,96.875,57
141.18044288892003,131.74843953566267,0.2071459120641452,0.3900301456451416,0.04270873963832855,0.34872040152549744,-0.04449985921382904,0.2032453417778015,0.0,0.0,27.884455103092968,31.008254269705695,2.3339957882603883,2.3339957882603883,93.93939393939394,60.0,96.875,57
143.9293613409609,134.0660052652346,0.20842293400982193,0.4015777111053467,0.04353496432304382,0.3572821319103241,-0.04116612672805786,0.2042766809463501,0.0,0.0,26.0187801076819,29.056574814824835,1.8656749954110694,1.8656749954110694,93.93939393939394,60.0,96.875,57
150.15272879955813,138.93136148279123,0.21498348280295151,0.4234604835510254,0.04277011752128601,0.378425657749176,-0.032986536622047424,0.20861437916755676,0.0,0.0,21.829944833516052,24.055137561730287,1.741542908964135,4.188835274165847,93.93939393939394,60.0,96.875,57
152.19804924309722,141.21364338787168,0.21327359573072394,0.43258893489837646,0.041339293122291565,0.3835399001836777,-0.030838757753372192,0.2101723849773407,0.0,0.0,20.315737308446714,22.62937686192149,1.514207525069338,1.514207525069338,93.93939393939394,60.0,96.875,57
155.42520842944728,144.074848606428,0.21629198893965484,0.44782936573028564,0.040116891264915466,0.3917967528104782,-0.028427600860595703,0.21231168508529663,0.0,0.0,18.139676335972638,20.964211555103898,2.176060972474076,2.176060972474076,93.93939393939394,60.0,96.875,57
157.1900550507811,146.13808882094708,0.21619084907919964,0.4528621435165405,0.03848503530025482,0.39979125559329987,-0.02626959979534149,0.21355600655078888,0.0,0.0,16.68534155386689,19.242675007950574,1.4543347821057466,1.4543347821057466,93.93939393939394,60.0,96.875,57
159.00707001557717,147.89721942968504,0.216888317529292,0.45737046003341675,0.03689715266227722,0.4069705456495285,-0.024104446172714233,0.21429483592510223,0.0,0.0,15.350699839697867,17.622863759496028,1.3346417141690239,1.3346417141690239,93.93939393939394,60.0,96.875,57
161.61241291633002,149.6878348232228,0.21870039002874422,0.4669376611709595,0.035215362906455994,0.4156479984521866,-0.021715983748435974,0.21591566503047943,0.0,0.0,13.605284604926197,15.945250583615898,1.74541523477167,1.74541523477167,93.93939393939394,60.0,96.875,57
163.98774966732313,152.0075648514284,0.22094616515668808,0.47272437810897827,0.03277650475502014,0.4218817949295044,-0.01959088444709778,0.21727953851222992,0.0,0.0,11.926787726720008,14.392028431302741,1.6784968782061895,1.6784968782061895,93.93939393939394,60.0,96.875,57
165.97248851476064,154.4637720621231,0.22081152087136396,0.47393798828125,0.03008820116519928,0.42683351039886475,-0.01726248860359192,0.21863603591918945,0.0,0.0,10.456845012044923,12.834904295847249,1.469942714675085,1.469942714675085,93.93939393939394,60.0,96.875,57
167.42779561222792,156.67572920931337,0.22093505636959568,0.47551214694976807,0.02699972689151764,0.4310172498226166,-0.01518179476261139,0.2198147028684616,0.0,0.0,9.198690040084571,11.296901845943925,1.2581549719603515,1.2581549719603515,93.93939393939394,60.0,96.875,57
169.11884872103775,158.70810363530953,0.22387420152449392,0.47888481616973877,0.023464053869247437,0.43370483815670013,-0.013523086905479431,0.22122333943843842,0.0,0.0,7.911504882516212,9.873456915341428,1.2871851575683593,1.2871851575683593,93.93939393939394,60.0,96.875,57
171.18940949555383,161.4422500110113,0.22409464501954723,0.47889333963394165,0.01984614133834839,0.43492235243320465,-0.01194070279598236,0.2221013903617859,0.0,0.0,6.403547252555995,8.492646796800425,1.5079576299602167,1.5079576299602167,93.93939393939394,60.0,96.875,57
172.6715045625247,164.0444938166574,0.22278977444589404,0.48025351762771606,0.016059711575508118,0.43627406656742096,-0.01071217656135559,0.22265927493572235,0.0,0.0,5.055009273220307,7.142187862094271,1.3485379793356884,1.3485379793356884,93.93939393939394,60.0,96.875,57
176.52839811050345,176.92530430705094,0.19888035979161156,0.555274486541748,,,,,0.0,0.0,1.0597647987327434,,2.7021452265124566,,96.7741935483871,100.0,96.15384615384616,58
167.4924602077738,170.22847084161478,0.18858120864662747,0.5556588768959045,-0.0032733529806137085,0.38714001327753067,-0.016753457486629486,0.18646079301834106,0.0,0.0,5.798929163676661,3.8553857967788403,2.4210426018183,-4.7391643649439175,96.7741935483871,100.0,96.15384615384616,58
163.86453292620368,167.62618107548363,0.18238920152483687,0.5404878258705139,-0.0010314509272575378,0.375675693154335,-0.02360811084508896,0.1844082474708557,0.0,0.0,7.935667917109953,6.744155677157405,1.3507477507883436,-2.136738753433292,96.7741935483871,100.0,96.15384615384616,58
159.67515561573944,164.17605234537197,0.17581662682368698,0.5334407687187195,0.001857064664363861,0.3631134480237961,-0.027556978166103363,0.17677921056747437,0.0,0.0,10.658813716890748,8.97345406709492,1.7839085771070984,-2.723145799780795,96.7741935483871,100.0,96.15384615384616,58
150.76924714959287,157.55948048521276,0.1750027953516349,0.5240508317947388,0.00712275505065918,0.3538348972797394,-0.03271886706352234,0.17163561284542084,0.0,0.0,15.99560873627918,12.340523184373062,4.515834074710952,-5.336795019388433,96.7741935483871,100.0,96.15384615384616,58
146.1458597829309,154.688269572024,0.1754715030719169,0.5130971670150757,0.01109403371810913,0.3481825292110443,-0.04309692978858948,0.1709907501935959,0.0,0.0,18.52488120149991,17.01357538511525,1.7395681138483639,-2.5292724652207283,96.7741935483871,100.0,96.15384615384616,58
140.4609356792287,150.05634465170235,0.1734361581658037,0.5015076398849487,0.012049145996570587,0.3384605795145035,-0.04821421951055527,0.16692134737968445,0.0,0.0,21.84162873001776,19.377157594862652,3.3207289423060757,-3.316747528517851,96.7741935483871,100.0,96.15384615384616,58
135.90821791727402,146.02052023429198,0.16869299411845087,0.4900503158569336,0.01447172462940216,0.32402827590703964,-0.05424485355615616,0.162270188331604,0.0,0.0,24.81155635873489,23.030845434580808,1.7992797806677174,-2.96992762871713,96.7741935483871,100.0,96.15384615384616,58
133.36840907756707,141.68851793993494,0.1722918792960497,0.4784564971923828,0.017001613974571228,0.3151669204235077,-0.05619904398918152,0.1610802561044693,0.0,0.0,27.3468093452812,25.425590259827622,2.657663326772706,-2.535252986546311,96.7741935483871,100.0,96.15384615384616,58
132.84336463383812,140.27358322388022,0.1708977768710523,0.4734463095664978,0.020236685872077942,0.3099399209022522,-0.05574019253253937,0.1623004525899887,0.0,0.0,27.99638657908632,27.236153361546123,1.2916145320958847,-0.6495772338051182,96.7741935483871,100.0,96.15384615384616,58
127.78607242556598,135.53878414434354,0.15988745127464102,0.46409350633621216,0.021840229630470276,0.29548242688179016,-0.05662605166435242,0.1545911431312561,0.0,0.0,31.123813208311965,29.126747347470143,2.2028353530103146,-3.1274266292256456,96.7741935483871,100.0,96.15384615384616,58
125.87651533997592,133.29792328747484,0.1607272382104231,0.46084821224212646,0.023347340524196625,0.28968213498592377,-0.05726780742406845,0.1516437828540802,0.0,0.0,32.71889829888983,30.307375277421023,1.595085090577868,-1.595085090577868,96.7741935483871,100.0,96.15384615384616,58
122.5038068316914,130.68244480958506,0.1597983927336064,0.4506579041481018,0.026436783373355865,0.28043293952941895,-0.05886392295360565,0.14910729229450226,0.0,0.0,35.25469944081503,33.02674286427391,2.2451389317362143,-2.535801141925198,96.7741935483871,100.0,96.15384615384616,58
119.60209502248324,127.09439482382844,0.1607228239768184,0.4355766177177429,0.02695552259683609,0.2671857178211212,-0.06043630838394165,0.1484183371067047,0.0,0.0,38.24615289394521,36.378466737651294,2.0289042508401636,-2.991453453130177,96.7741935483871,100.0,96.15384615384616,58
117.26835453499137,125.3554129313687,0.1582898164724022,0.42982953786849976,0.0268055722117424,0.25762057304382324,-0.0612444207072258,0.14738693833351135,0.0,0.0,39.71286977956688,38.61955481900982,1.4880593652200105,-1.466716885621672,96.7741935483871,100.0,96.15384615384616,58
113.01696411553982,121.61599391823894,0.1563242536072531,0.41955435276031494,0.027912482619285583,0.2494274079799652,-0.06242997199296951,0.14435076713562012,0.0,0.0,43.07846165303855,40.70538163959628,3.0064442429835054,-3.365591873471672,96.7741935483871,100.0,96.15384615384616,58
108.79579865276216,118.19236228162472,0.154459938944566,0.408550500869751,0.029347918927669525,0.2378581166267395,-0.06425250321626663,0.1414038985967636,0.0,0.0,46.26259641991414,44.15910541475106,2.7313771881272757,-3.1841347668755873,96.7741935483871,100.0,96.15384615384616,58
105.53059402078247,115.10387979128818,0.1538830658641026,0.39792531728744507,0.029759585857391357,0.23029686510562897,-0.06526795029640198,0.13988910615444183,0.0,0.0,49.12615511423363,46.478267062635084,2.133057629627963,-2.8635586943194937,96.7741935483871,100.0,96.15384615384616,58
101.2556174273713,111.12879907490667,0.15078224822298283,0.3830319046974182,0.03068479150533676,0.21709668636322021,-0.06593643873929977,0.13705892860889435,0.0,0.0,52.716238200069064,50.38457131334492,3.0777717866086647,-3.590083085835431,96.7741935483871,100.0,96.15384615384616,58
97.41393475681633,106.8790349462008,0.144271268126737,0.3706696629524231,0.031776055693626404,0.20381022989749908,-0.06602039188146591,0.13100296258926392,0.0,0.0,55.403374579738944,53.34966499802769,3.1299681222984788,-2.68713637966988,96.7741935483871,100.0,96.15384615384616,58
93.49275430096003,101.6910082499307,0.14536869605044284,0.36196380853652954,0.03347683697938919,0.19348490238189697,-0.06601312011480331,0.12869028747081757,0.0,0.0,59.47477774042029,56.936431416020866,3.049266296547323,-4.071403160681349,96.7741935483871,100.0,96.15384615384616,58
91.14263545781301,99.5408800666188,0.1443984049140695,0.3577740788459778,0.034098900854587555,0.19030214846134186,-0.06617164611816406,0.128644198179245,0.0,0.0,61.417438402530394,58.43994737171872,1.9426606621101001,-1.9426606621101001,96.7741935483871,100.0,96.15384615384616,58
87.81163854879912,95.55199791354163,0.14520553327444735,0.35029876232147217,0.035062022507190704,0.1830759197473526,-0.06637262552976608,0.12896601855754852,0.0,0.0,64.98795541236285,61.953659377812016,3.053489456428345,-3.5705170098324572,96.7741935483871,100.0,96.15384615384616,58
86.34621758067158,94.21317459247824,0.14502093968927704,0.3473539352416992,0.0353512242436409,0.17923130095005035,-0.06644614040851593,0.1288306564092636,0.0,0.0,66.42060268269911,63.69011561338172,1.4326472703362612,-1.4326472703362612,96.7741935483871,100.0,96.15384615384616,58
83.18839799091796,90.38968966252885,0.14484745958061537,0.3399474620819092,0.0360615998506546,0.17257030308246613,-0.06638099253177643,0.12918555736541748,0.0,0.0,69.53393492123813,67.06052548315157,2.234326004931944,-3.113332238539016,96.7741935483871,100.0,96.15384615384616,58
78.98299085960087,85.16374027618451,0.1433264158314602,0.3308199644088745,0.03766537457704544,0.1648605763912201,-0.06605622917413712,0.12820759415626526,0.0,0.0,73.72874187703808,70.55141345994528,4.460407649143619,-4.1948069557999474,96.7741935483871,100.0,96.15384615384616,58
72.87912930892804,78.42157181839605,0.14536602163357495,0.31773942708969116,0.03889518231153488,0.1549580693244934,-0.06549777835607529,0.12882721424102783,0.0,0.0,80.29933589014065,75.97313508727079,4.9613478401188615,-6.570594013102578,96.7741935483871,100.0,96.15384615384616,58
71.08392883297506,78.16033817292879,0.14143084648419704,0.31130093336105347,0.039351560175418854,0.146058589220047,-0.06584017723798752,0.12763568758964539,0.0,0.0,81.06952235869349,80.06748895580687,1.6440082053078697,-0.7701864685528363,96.7741935483871,100.0,96.15384615384616,58
66.39390261788844,72.88995825729639,0.13906517736395968,0.301946759223938,0.04062797129154205,0.1380893439054489,-0.0657198578119278,0.12364397943019867,0.0,0.0,85.52197307521244,82.26436678178598,4.351131063507879,-4.452450716518953,96.7741935483871,100.0,96.15384615384616,58
63.65840523484786,70.03475727779339,0.13804743122562416,0.2944509983062744,0.041908763349056244,0.12919795513153076,-0.06546306610107422,0.1225375235080719,0.0,0.0,88.03533579749384,86.44990323918202,2.0206357792180967,-2.5133627222814,96.7741935483871,100.0,96.15384615384616,58
60.75302650737259,67.83159666735914,0.13824842846662871,0.2879810929298401,0.0425519198179245,0.1242021769285202,-0.06582654267549515,0.1211950033903122,0.0,0.0,89.34675913827508,88.08257651743843,2.040497943813918,-1.3114233407812321,96.7741935483871,100.0,96.15384615384616,58
58.454873198069485,65.62642578903805,0.13805697049292415,0.2825690507888794,0.04321574419736862,0.11908729374408722,-0.06605604290962219,0.12093470990657806,0.0,0.0,86.99266394388731,88.99346993759082,2.71854608751849,2.3540951943877673,96.7741935483871,100.0,96.15384615384616,58
64.19078559228393,70.40306498030235,0.13199876784780754,0.29450511932373047,0.0445103794336319,0.11595270037651062,-0.06537334620952606,0.11423589289188385,0.0,0.0,86.59088910205584,88.78902010073817,2.7834500869304577,0.40177484183146817,96.7741935483871,100.0,96.15384615384616,58
70.02189631402445,77.12462996751657,0.1337227344925963,0.3073989152908325,0.0451834574341774,0.1254456639289856,-0.06398870795965195,0.11649189889431,0.0,0.0,81.42740723105962,85.32204724891453,5.203924910996676,5.163481870996222,96.7741935483871,100.0,96.15384615384616,58
72.05619081818111,79.13376543526023,0.1343582903210723,0.31181544065475464,0.045295536518096924,0.12963038682937622,-0.06390263885259628,0.11721280217170715,0.0,0.0,79.45389593053237,83.53779895603367,1.9735113005272495,1.9735113005272495,96.7741935483871,100.0,96.15384615384616,58
78.54924311858434,85.94779566751647,0.13668069320191398,0.32444024085998535,0.04521738737821579,0.14170032739639282,-0.06401601433753967,0.11916421353816986,0.0,0.0,73.55369498250985,78.36902912436103,5.487423370832431,5.9002009480225155,96.7741935483871,100.0,96.15384615384616,58
86.78163311040691,93.72776275531038,0.14132260853871664,0.3426250219345093,0.04435238242149353,0.15972866117954254,-0.06367769837379456,0.12338121235370636,0.0,0.0,66.45419590673822,71.44157194152282,6.491760787132463,7.099499075771632,96.7741935483871,100.0,96.15384615384616,58
94.49357308317155,99.79020340139313,0.15094135489031124,0.360129177570343,0.04232500493526459,0.1810154765844345,-0.06302240490913391,0.13117888569831848,0.0,0.0,61.021881365860494,64.69690473137702,4.7149612761309925,5.4323145408777265,96.7741935483871,100.0,96.15384615384616,58
98.87658589273252,104.59052316358955,0.15910754516366152,0.37320464849472046,0.03898592293262482,0.19963379204273224,-0.06301265209913254,0.1417825073003769,0.0,0.0,57.80698183572085,60.44759254145447,3.6690213071268403,3.214899530139647,96.7741935483871,100.0,96.15384615384616,58
105.04477227538462,110.63328366266776,0.1626970834833561,0.39137279987335205,0.036345697939395905,0.21452315151691437,-0.06265702843666077,0.14811056852340698,0.0,0.0,52.482154410126235,56.181432437516186,4.953993831126212,5.324827425594613,96.7741935483871,100.0,96.15384615384616,58
112.25293764447409,116.49658123384982,0.16578249076801047,0.4140828251838684,0.035621218383312225,0.23264586925506592,-0.06134536862373352,0.15155905485153198,0.0,0.0,46.51619758662823,50.1587749425145,3.800087319036969,5.965956823498004,96.7741935483871,100.0,96.15384615384616,58
118.83901409273037,121.77239055343667,0.17089755137671592,0.435646116733551,0.03506173938512802,0.2523142546415329,-0.059180282056331635,0.15682558715343475,0.0,0.0,41.45782354603828,44.66217355820175,3.4099288134002137,5.058374040589953,96.7741935483871,100.0,96.15384615384616,58
120.93260682404082,122.50003854494301,0.1720458264017624,0.4406207799911499,0.034510351717472076,0.25843921303749084,-0.058253608644008636,0.15883386135101318,0.0,0.0,39.95642964284772,43.02223157225662,1.5013939031905537,1.5013939031905537,96.7741935483871,100.0,96.15384615384616,58
125.82910267189189,126.16421037146763,0.1725975540226074,0.45915186405181885,0.03392300009727478,0.27194565534591675,-0.05585569888353348,0.1620582491159439,0.0,0.0,36.043942807135224,39.302093222825825,3.70623408814685,3.9124868357124996,96.7741935483871,100.0,96.15384615384616,58
127.87590660653069,127.88541709623534,0.17173168658801719,0.4645969271659851,0.03369922190904617,0.2820191830396652,-0.05373794585466385,0.16319991648197174,0.0,0.0,34.26325398529929,36.413661268041494,1.334017399150106,1.7806888218359305,96.7741935483871,100.0,96.15384615384616,58
132.54716256172335,132.7953068261581,0.1744102552778996,0.48106902837753296,0.03315678983926773,0.2915443331003189,-0.0524834543466568,0.16472846269607544,0.0,0.0,30.532577905463626,34.109261520586884,3.7306760798356677,3.7306760798356677,96.7741935483871,100.0,96.15384615384616,58
138.07039925717604,139.0162670135494,0.1748819144734865,0.5032314658164978,0.030468948185443878,0.30957113206386566,-0.049677371978759766,0.1651846170425415,0.0,0.0,26.626197054913277,29.060385962649,2.7301668250996016,3.906380850550349,96.7741935483871,100.0,96.15384615384616,58
146.31016558104398,146.21775086063514,0.18176425001396643,0.5295247733592987,0.027493208646774292,0.325785830616951,-0.04396048188209534,0.17190971970558167,0.0,0.0,21.222446244439354,24.970476750113477,4.208822577242088,5.403750810473923,96.7741935483871,100.0,96.15384615384616,58
147.74567363950973,149.23858463389973,0.1805555997595585,0.5295635163784027,0.02501339465379715,0.33185362070798874,-0.04236204922199249,0.17377018928527832,0.0,0.0,19.532059078776157,23.196942256079197,1.6903871656631964,1.6903871656631964,96.7741935483871,100.0,96.15384615384616,58
154.7936656720399,155.63836329833282,0.18633223594161394,0.5451542735099792,0.0215374156832695,0.3437860906124115,-0.03934305161237717,0.17694222927093506,0.0,0.0,14.690080981499833,20.218963781599193,4.841978097276325,4.841978097276325,96.7741935483871,100.0,96.15384615384616,58
159.8428474700267,160.4121218863646,0.19124620586342958,0.5539896786212921,0.01104658842086792,0.37323927134275436,-0.032731443643569946,0.18644040822982788,0.0,0.0,11.216364410724225,13.203146453560525,2.0756280863076597,3.4737165707756077,96.7741935483871,100.0,96.15384615384616,58
163.15882865471107,164.1347799997682,0.19421808101126928,0.5627408623695374,0.007103227078914642,0.3853563442826271,-0.028752148151397705,0.190579354763031,0.0,0.0,8.959440312106295,10.43975149915644,1.8763403244063142,2.2569240986179295,96.7741935483871,100.0,96.15384615384616,58
165.66714847513182,166.16532676007046,0.19693974623909616,0.5662687122821808,0.0056473687291145325,0.3899591192603111,-0.027295097708702087,0.19221995770931244,0.0,0.0,7.364168673000535,9.476702564725517,1.5952716391057606,1.5952716391057606,96.7741935483871,100.0,96.15384615384616,58
167.38435317064088,167.879187311821,0.19561824196011895,0.5618851184844971,0.0028553232550621033,0.3940742015838623,-0.023927263915538788,0.19429437816143036,0.0,0.0,6.397669163190713,7.63490490490755,1.4206723081419455,0.9664995098098217,96.7741935483871,100.0,96.15384615384616,58
172.76566085010137,172.10142675993035,0.1890472434536622,0.5616725385189056,-0.0002561137080192566,0.3915063366293907,-0.01853802055120468,0.192252978682518,0.0,0.0,3.0598713358769487,5.248767540916575,2.4749652659163246,3.3377978273137643,96.7741935483871,100.0,96.15384615384616,58
179.88614004477927,177.56488717599925,0.18773522908582535,0.5683869123458862,-0.007646970450878143,0.39529867470264435,-0.00715307891368866,0.18547320365905762,0.0,0.0,-1.393885422349669,-0.13332613419180106,1.3809958181511206,4.453756758226618,96.7741935483871,100.0,96.15384615384616,58
178.0209239508996,178.93456103505574,0.2254344995103432,0.4850245714187622,,,,,0.0,0.0,-0.8991915144486455,,3.4347197305630317,,97.22222222222221,40.0,74.07407407407408,59
172.45084196459823,172.6527920921936,0.23186045515926954,0.4890315532684326,-0.0051054805517196655,0.4510243237018585,-0.012976735830307007,0.2300180196762085,0.0,0.0,4.065274584510291,2.044681523657413,1.6457751499011266,-4.964466098958937,97.22222222222221,40.0,74.07407407407408,59
170.61946007372586,170.45902539320736,0.23243777799169962,0.4857613444328308,-0.0013450533151626587,0.4502645283937454,-0.013930216431617737,0.23085208237171173,0.0,0.0,5.417690669686081,3.294428824617068,1.3524160851757898,-1.3524160851757898,97.22222222222221,40.0,74.07407407407408,59
167.98776616280935,167.62264123406507,0.2326332399878444,0.48233217000961304,0.002730444073677063,0.44858913123607635,-0.015478238463401794,0.2313700020313263,0.0,0.0,7.351265389258302,4.81343251951596,1.9335747195722206,-1.9335747195722206,97.22222222222221,40.0,74.07407407407408,59
165.93021544608033,165.49756081166885,0.23121443916250695,0.478998064994812,0.006560757756233215,0.4461365193128586,-0.017527908086776733,0.23135793209075928,0.0,0.0,8.845134124448265,6.419841191975735,1.493868735189963,-1.493868735189963,97.22222222222221,40.0,74.07407407407408,59
164.01866906592076,162.9483157449415,0.2292063998746342,0.47610628604888916,0.010399162769317627,0.44314374029636383,-0.019519329071044922,0.23053564131259918,0.0,0.0,10.459515303105334,8.018401371624496,1.6143811786570694,-1.6143811786570694,97.22222222222221,40.0,74.07407407407408,59
162.04175027236047,160.96586356321345,0.2278690213745835,0.4695715308189392,0.014019191265106201,0.43983863294124603,-0.021630525588989258,0.22920192778110504,0.0,0.0,11.783852619521895,9.609941859083449,1.3243373164165604,-1.3243373164165604,97.22222222222221,40.0,74.07407407407408,59
159.55518783411333,158.44510432955883,0.2269893798086714,0.4634157419204712,0.01746976375579834,0.4360123723745346,-0.023656845092773438,0.22758014500141144,0.0,0.0,13.611127035064527,11.174907270535005,1.8272744155426324,-1.8272744155426324,97.22222222222221,40.0,74.07407407407408,59
156.96431026509964,155.73320257190616,0.2268033712391282,0.45582425594329834,0.02135537564754486,0.43156304955482483,-0.025571808218955994,0.22626127302646637,0.0,0.0,15.76222830021139,12.904180814475787,2.1511012651468633,-2.1511012651468633,97.22222222222221,40.0,74.07407407407408,59
153.77428961651384,153.93698760984225,0.22311100990949279,0.44519639015197754,0.027808383107185364,0.42203812301158905,-0.029340460896492004,0.22357060015201569,0.0,0.0,18.147755541270982,16.07795234273487,1.3570570468783956,-2.3855272410595916,97.22222222222221,40.0,74.07407407407408,59
149.24101227380766,147.7737030111809,0.21785178258161672,0.42922520637512207,0.03244630992412567,0.4099273085594177,-0.03261508047580719,0.21945087611675262,0.0,0.0,21.25091583488107,18.89534437178043,1.8589082183039949,-3.103160293610088,97.22222222222221,40.0,74.07407407407408,59
145.42365150056492,142.16888277811606,0.21636375140137856,0.41465282440185547,0.034154683351516724,0.3932696282863617,-0.03652963042259216,0.215116485953331,0.0,0.0,23.93891452727962,21.698493567266528,1.7267782369512759,-2.6879986923985513,97.22222222222221,40.0,74.07407407407408,59
143.34045792403592,140.18062523192071,0.21462106016238416,0.404480516910553,0.034077197313308716,0.3834606111049652,-0.03879031538963318,0.2129860818386078,0.0,0.0,25.40737266554214,23.202334829507794,1.4684581382625197,-1.4684581382625197,97.22222222222221,40.0,74.07407407407408,59
141.09852580108543,137.1476208302091,0.21176475443362683,0.39527034759521484,0.034660547971725464,0.3747411072254181,-0.04042559862136841,0.21113397181034088,0.0,0.0,27.3163608496631,24.7186960832033,1.9089881841209575,-1.9089881841209575,97.22222222222221,40.0,74.07407407407408,59
138.43366814249256,134.13590685421948,0.2056836208243999,0.38524991273880005,0.03529435396194458,0.36537276208400726,-0.0425693541765213,0.20777025818824768,0.0,0.0,28.662502231208116,26.331287568423242,1.3461413815450172,-1.3461413815450172,97.22222222222221,40.0,74.07407407407408,59
131.4386890895439,129.4587286590969,0.19888366022699192,0.3703041672706604,0.0374247282743454,0.34514112770557404,-0.050541624426841736,0.19486276805400848,0.0,0.0,32.272824353312075,30.33314489326563,1.6121632677441795,-3.610322122103959,97.22222222222221,40.0,74.07407407407408,59
127.91768697918192,127.25944093811101,0.19778947934926186,0.36043399572372437,0.03773118555545807,0.33971457183361053,-0.05393192172050476,0.19189788401126862,0.0,0.0,34.577137669661745,31.811803752879037,2.3043133163496705,-2.3043133163496705,97.22222222222221,40.0,74.07407407407408,59
122.75464504067617,122.34205085404503,0.19628356786740556,0.3421666622161865,0.03766247630119324,0.3314369022846222,-0.057567059993743896,0.18956683576107025,0.0,0.0,38.323722883374074,33.95858649797895,3.746585213712329,-3.746585213712329,97.22222222222221,40.0,74.07407407407408,59
119.06638797445032,121.40599532659643,0.19205566354208017,0.3265937566757202,0.03657519817352295,0.3111969083547592,-0.06345438957214355,0.18419985473155975,0.0,0.0,40.89728331551635,38.31757154183708,1.4251410167201897,-2.5735604321422727,97.22222222222221,40.0,74.07407407407408,59
116.8949149371094,119.10542755814815,0.1900918093864888,0.31926560401916504,0.03601376712322235,0.30093730986118317,-0.0651877373456955,0.18156933784484863,0.0,0.0,42.65163497524445,40.33619586823276,1.7543516597281013,-1.7543516597281013,97.22222222222221,40.0,74.07407407407408,59
113.83254666227535,117.23362576951003,0.18587307099325842,0.3085918426513672,0.035477325320243835,0.2916066348552704,-0.0661010891199112,0.1784651279449463,0.0,0.0,44.93871524561483,41.98994395879295,2.2870802703703816,-2.2870802703703816,97.22222222222221,40.0,74.07407407407408,59
111.06798887466451,115.34450236076644,0.17948229996164575,0.299529492855072,0.03516535460948944,0.28078892827033997,-0.06663627922534943,0.17457547783851624,0.0,0.0,47.008257050044556,43.87397264660504,2.0695418044297256,-2.0695418044297256,97.22222222222221,40.0,74.07407407407408,59
106.2114970120056,112.55985784884665,0.1759542551099988,0.28450316190719604,0.034280747175216675,0.2612094283103943,-0.06883096694946289,0.16617776453495026,0.0,0.0,49.83374303795483,47.36632486372606,2.149158916664824,-2.8254859879102767,97.22222222222221,40.0,74.07407407407408,59
103.57431770237099,110.57548692788025,0.1767782254132955,0.27570784091949463,0.033997684717178345,0.2533331960439682,-0.07022105157375336,0.16312859952449799,0.0,0.0,52.08416029187986,49.15268612529231,2.250417253925029,-2.250417253925029,97.22222222222221,40.0,74.07407407407408,59
100.96327857683156,108.66698532144831,0.17413759355129632,0.26665329933166504,0.03368590772151947,0.24700069427490234,-0.07197767496109009,0.16090631484985352,0.0,0.0,53.87451427365309,50.86925043119445,1.7903539817732295,-1.7903539817732295,97.22222222222221,40.0,74.07407407407408,59
98.3308593830946,106.02786752813859,0.17245443359230175,0.25735312700271606,0.0336354523897171,0.2395864576101303,-0.07329832017421722,0.15870995819568634,0.0,0.0,55.94591140824316,52.93458225293274,2.0713971345900717,-2.0713971345900717,97.22222222222221,40.0,74.07407407407408,59
96.11824988461893,103.67483325747054,0.17007073972906012,0.2499908208847046,0.03426054120063782,0.23254919052124023,-0.073841392993927,0.15683886408805847,0.0,0.0,58.23420477202792,55.03469768645101,2.28829336378476,-2.28829336378476,97.22222222222221,40.0,74.07407407407408,59
91.08455087670507,98.78477243274139,0.16832185961888588,0.2387484908103943,0.03494817018508911,0.22397291660308838,-0.07460671663284302,0.15412934124469757,0.0,0.0,62.10314295440294,57.539443352081776,3.868938182375018,-3.868938182375018,97.22222222222221,40.0,74.07407407407408,59
88.41559029729325,95.78179401627321,0.16780706496548314,0.23395323753356934,0.03556773066520691,0.21605290472507477,-0.0756121277809143,0.1518622189760208,0.0,0.0,63.86200229506312,60.03631535743429,1.7588593406601802,-1.7588593406601802,97.22222222222221,40.0,74.07407407407408,59
85.32506944481935,90.83092710800199,0.1658565052917349,0.22542732954025269,0.03618668019771576,0.20779144763946533,-0.07639917731285095,0.1496141105890274,0.0,0.0,66.62299430771243,62.70558608230161,2.760992012649311,-2.760992012649311,97.22222222222221,40.0,74.07407407407408,59
80.84064789495358,86.81668945831076,0.165255559048438,0.21579301357269287,0.03626571595668793,0.19904856383800507,-0.07789298892021179,0.14749258756637573,0.0,0.0,70.36917733948398,65.73932922416562,3.746183031771551,-3.746183031771551,97.22222222222221,40.0,74.07407407407408,59
78.75927372203773,84.8110428810243,0.16348992222358327,0.21061241626739502,0.03643798828125,0.19171960651874542,-0.07876119017601013,0.1456652283668518,0.0,0.0,72.18616478560597,68.26008468196638,1.8169874461219848,-1.8169874461219848,97.22222222222221,40.0,74.07407407407408,59
74.78847670975955,80.26215231442875,0.16206755233618772,0.20318561792373657,0.038708850741386414,0.17939798533916473,-0.0796239823102951,0.1426951140165329,0.0,0.0,75.5533634436541,72.75126598289535,2.6570050808167736,-3.367198658048139,97.22222222222221,40.0,74.07407407407408,59
70.92022193143686,74.58658156035463,0.16005128148563472,0.19460493326187134,0.04071985185146332,0.17341813445091248,-0.07955585420131683,0.1412421315908432,0.0,0.0,79.37304738994919,75.00223349551165,3.8196839462950862,-3.8196839462950862,97.22222222222221,40.0,74.07407407407408,59
67.46827965373768,65.61303948765905,0.15259774654707575,0.18519330024719238,0.04318641126155853,0.16544178128242493,-0.0788334459066391,0.13852128386497498,0.0,0.0,82.4410172331091,77.56594660738743,3.0679698431599007,-3.0679698431599007,97.22222222222221,40.0,74.07407407407408,59
64.88423800586145,64.72255167981062,0.14876421368916606,0.18272536993026733,0.04534393548965454,0.15561948716640472,-0.07778500020503998,0.1350720077753067,0.0,0.0,84.7861894836676,80.538404387595,2.3451722505585053,-2.3451722505585053,97.22222222222221,40.0,74.07407407407408,59
53.218052520019214,48.82925522323738,0.14933739752201444,0.16258680820465088,0.05407549440860748,0.11463543772697449,-0.06152638792991638,0.1320362687110901,0.0,0.0,75.75146641064073,81.26290036909644,9.482296990086212,9.034723073026868,97.22222222222221,40.0,74.07407407407408,59
49.617911823408825,43.50355988351754,0.14797819175972302,0.15344035625457764,0.05329136550426483,0.11103828251361847,-0.0585595965385437,0.13604490458965302,0.0,0.0,72.58892338013275,77.34380220009874,3.162543030507976,3.162543030507976,97.22222222222221,40.0,74.07407407407408,59
97.52285216609084,58.66858530973963,0.1394867559007539,0.24844342470169067,0.04292091727256775,0.1350487470626831,-0.048746779561042786,0.12253415584564209,0.0,0.0,59.461554452858806,75.49661829723809,13.127368927273949,13.127368927273949,97.22222222222221,40.0,74.07407407407408,59
85.45182402337605,43.42747501936093,0.14781454450444362,0.23422259092330933,0.04517938196659088,0.1544819325208664,-0.055686309933662415,0.1252455711364746,0.0,0.0,69.21995563427502,74.86546625493048,9.758401181416218,-9.758401181416218,97.22222222222221,40.0,74.07407407407408,59
101.44531015064854,56.14840482912888,0.16199621846125742,0.2819622755050659,0.04644736647605896,0.17812396585941315,-0.05749054253101349,0.13085782527923584,0.0,0.0,56.640810862679544,66.65677021795597,12.57914477159548,12.57914477159548,97.22222222222221,40.0,74.07407407407408,59
97.63109267841304,56.49710426700951,0.165022301439592,0.27542173862457275,0.04888567328453064,0.20081892609596252,-0.059845492243766785,0.14138856530189514,0.0,0.0,60.61874699419481,61.485266986002046,3.977936131515264,-3.977936131515264,97.22222222222221,40.0,74.07407407407408,59
99.07325110551591,50.570960600707174,0.16258258357459052,0.2809550166130066,0.04881833493709564,0.20894934237003326,-0.06250958144664764,0.14652757346630096,0.0,0.0,57.28700217411262,60.941628916315494,3.3317448200821858,3.3317448200821858,97.22222222222221,40.0,74.07407407407408,59
105.56236324612146,66.49847320688929,0.17217751183977878,0.30872631072998047,0.046238452196121216,0.2268175333738327,-0.06435941159725189,0.15238164365291595,0.0,0.0,50.2174548150196,56.191003711501644,7.069547359093022,7.069547359093022,97.22222222222221,40.0,74.07407407407408,59
113.07661907773121,69.5388342304637,0.1760521104100363,0.33742278814315796,0.04127317667007446,0.24966423213481903,-0.06897155940532684,0.1567590981721878,0.0,0.0,43.62964566104792,50.20180778826018,6.04348284181269,6.587809153971683,97.22222222222221,40.0,74.07407407407408,59
116.80893185609253,63.70757538635887,0.18895865544942794,0.34667062759399414,0.0399433970451355,0.2694365978240967,-0.06999453902244568,0.16347375512123108,0.0,0.0,41.68081638755573,46.30026134162097,1.948829273492187,1.948829273492187,97.22222222222221,40.0,74.07407407407408,59
115.79867132214926,50.80353944513567,0.188654248137703,0.3469541668891907,0.04186515510082245,0.2821352928876877,-0.06942424178123474,0.1681772619485855,0.0,0.0,42.95843972515943,44.48550756915592,1.2776233376036998,-1.2776233376036998,97.22222222222221,40.0,74.07407407407408,59
120.31696322545096,51.93368608959726,0.19232373989397983,0.361763060092926,0.04406915605068207,0.2977326810359955,-0.06789818406105042,0.17364497482776642,0.0,0.0,40.14001023473498,42.10222800212451,2.8184294904244496,2.8184294904244496,97.22222222222221,40.0,74.07407407407408,59
125.27746269631962,64.27473242856024,0.19804660158939724,0.38537585735321045,0.045694634318351746,0.3127284348011017,-0.06614576280117035,0.18019188940525055,0.0,0.0,36.293254145736704,40.268130123296714,3.8467560889982764,3.8467560889982764,97.22222222222221,40.0,74.07407407407408,59
130.4110576490447,86.98546956525678,0.20273343181190198,0.40439677238464355,0.047118693590164185,0.3264564275741577,-0.06323343515396118,0.18483440577983856,0.0,0.0,33.072341357800504,38.11601136585791,3.2209127879362,3.2209127879362,97.22222222222221,40.0,74.07407407407408,59
130.2836288715011,81.78449005960863,0.20482787564108684,0.4007261395454407,0.049230873584747314,0.33946768939495087,-0.05921332538127899,0.1903868168592453,0.0,0.0,34.93060491003194,36.10905266207603,1.8582635522314348,-1.8582635522314348,97.22222222222221,40.0,74.07407407407408,59
133.06318768570026,82.88607950042892,0.20986138235510476,0.41189509630203247,0.05089960992336273,0.3508525788784027,-0.05525738000869751,0.19612017273902893,0.0,0.0,33.571501680398676,34.46692552349196,1.3591032296332628,1.3591032296332628,97.22222222222221,40.0,74.07407407407408,59
135.4486037796611,91.12162819650386,0.21592328684122888,0.4210684299468994,0.05290687084197998,0.359534814953804,-0.0511661022901535,0.20187602937221527,0.0,0.0,32.18459826081327,33.439761552261096,1.3869034195854084,1.3869034195854084,97.22222222222221,40.0,74.07407407407408,59
141.13806730847796,110.983378535891,0.22476991831411927,0.43794697523117065,0.05450926721096039,0.3680191785097122,-0.046515002846717834,0.2086227685213089,0.0,0.0,28.861818785645184,32.387130909222265,3.3227794751680833,3.3227794751680833,97.22222222222221,40.0,74.07407407407408,59
144.95642101163514,119.07067070254331,0.22859366284802224,0.4544225335121155,0.052459701895713806,0.3912539780139923,-0.040755778551101685,0.22017070651054382,0.0,0.0,25.62728566963672,28.63660527702762,2.2454327223786024,3.234533116008464,97.22222222222221,40.0,74.07407407407408,59
149.68646919364406,125.26086329771574,0.23059569731771956,0.4744638204574585,0.05051058530807495,0.4057959020137787,-0.03764449059963226,0.22446873784065247,0.0,0.0,21.885179803005514,26.061750662575683,3.7421058666312064,3.7421058666312064,97.22222222222221,40.0,74.07407407407408,59
153.83775114297453,126.34702917395606,0.23066751757691384,0.4925829768180847,0.04719024896621704,0.42051708698272705,-0.035902321338653564,0.22623704373836517,0.0,0.0,18.17229807369756,23.38937048458878,3.712881729307952,3.712881729307952,97.22222222222221,40.0,74.07407407407408,59
160.3098565171787,120.34112775795813,0.2417536800374273,0.5533875226974487,0.04354478418827057,0.4476315975189209,-0.03241287171840668,0.23058900237083435,0.0,0.0,13.42310451981028,19.77696701653752,4.749193553887281,4.749193553887281,97.22222222222221,40.0,74.07407407407408,59
164.24546481270016,142.3609431412431,0.22186801514440546,0.4884079694747925,0.028191596269607544,0.44753386080265045,-0.023055925965309143,0.22748205065727234,0.0,0.0,11.31856937989187,13.094107380930922,2.218917271998194,2.1045351399184113,97.22222222222221,40.0,74.07407407407408,59
165.78367998212178,148.4595702063303,0.21787803219464455,0.4851911664009094,0.02567078173160553,0.4366006553173065,-0.020674005150794983,0.2231559157371521,0.0,0.0,9.780613159717177,12.23363080588993,1.5379562201746921,1.5379562201746921,97.22222222222221,40.0,74.07407407407408,59
169.42469114753948,156.4852712644446,0.2154631107149059,0.4872760772705078,0.018160894513130188,0.4331379681825638,-0.016578376293182373,0.21693776547908783,0.0,0.0,6.556379830269506,9.146562112079536,2.374306248170086,3.224233329447671,97.22222222222221,40.0,74.07407407407408,59
173.36641899468964,165.58553091632575,0.22144491707189,0.4882463812828064,0.009194031357765198,0.43873757123947144,-0.014406442642211914,0.21796086430549622,0.0,0.0,3.6090428785560817,6.107528389302946,1.724961891390521,2.9473369517134245,97.22222222222221,40.0,74.07407407407408,59
